eta3,n,i,j,z_rest_int,trial_id,kappa_true,kappa_hat,a_true,b_true,cos_a_hat,sin_a_hat,cos_b_hat,sin_b_hat,amp_a,amp_b
0.2,2,0,1,0,0,1,0.941514058,0.5,-0.5,0.876953125,0.446289063,0.875,-0.4453125,0.983982068,0.981798463
0.2,2,0,1,0,1,1,1.042716879,0.5,-0.5,0.87890625,0.4921875,0.845703125,-0.498046875,1.007335461,0.981460374
0.2,2,0,1,0,2,1,1.031362157,0.5,-0.5,0.887695313,0.51171875,0.869140625,-0.484375,1.024626296,0.994999782
0.2,2,0,1,0,3,1,0.985669456,0.5,-0.5,0.891601563,0.489257813,0.8828125,-0.463867188,1.017018463,0.997261589
0.2,2,0,1,0,4,1,0.987603571,0.5,-0.5,0.889648438,0.46875,0.8828125,-0.485351563,1.005584857,1.00743439
0.2,2,0,1,0,5,1,1.026336375,0.5,-0.5,0.857421875,0.483398438,0.872070313,-0.491210938,0.984299914,1.000897005
0.2,2,0,1,0,6,1,0.969830744,0.5,-0.5,0.872070313,0.4609375,0.872070313,-0.458007813,0.986392421,0.985026795
0.2,2,0,1,0,7,1,1.043837254,0.5,-0.5,0.87890625,0.5,0.870117188,-0.505859375,1.011175651,1.006477832
0.2,2,0,1,0,8,1,0.975956003,0.5,-0.5,0.872070313,0.452148438,0.880859375,-0.478515625,0.982316059,1.002442239
0.2,2,0,1,0,9,1,1.016023745,0.5,-0.5,0.877929688,0.509765625,0.87890625,-0.46875,1.015195316,0.99609375
0.2,2,0,1,0,10,1,0.97798804,0.5,-0.5,0.877929688,0.442382813,0.880859375,-0.494140625,0.983088546,1.009994156
0.2,2,0,1,0,11,1,0.984476747,0.5,-0.5,0.87109375,0.453125,0.873046875,-0.482421875,0.981899479,0.997467649
0.2,2,0,1,0,12,1,0.949501132,0.5,-0.5,0.8984375,0.458984375,0.887695313,-0.458984375,1.008888794,0.999334591
0.2,2,0,1,0,13,1,1.025117,0.5,-0.5,0.861328125,0.487304688,0.891601563,-0.499023438,0.989622149,1.021752288
0.2,2,0,1,0,14,1,0.961732006,0.5,-0.5,0.86328125,0.4921875,0.883789063,-0.419921875,0.993731881,0.978477127
0.2,2,0,1,0,15,1,1.014880801,0.5,-0.5,0.877929688,0.486328125,0.866210938,-0.483398438,1.003631198,0.991965442
0.2,2,0,1,0,16,1,0.998231047,0.5,-0.5,0.907226563,0.470703125,0.874023438,-0.5,1.022067252,1.006934441
0.2,2,0,1,0,17,1,0.992862757,0.5,-0.5,0.8828125,0.474609375,0.875,-0.477539063,1.002303332,0.996829251
0.2,2,0,1,0,18,1,1.032980855,0.5,-0.5,0.89453125,0.508789063,0.859375,-0.487304688,1.029102749,0.987922694
0.2,2,0,1,0,19,1,0.99418755,0.5,-0.5,0.885742188,0.482421875,0.881835938,-0.4765625,1.008598081,1.002370409
0.2,3,0,1,0,0,1.073213235,1.020673396,0.536606618,-0.536606618,0.860351563,0.479492188,0.854492188,-0.48046875,0.984945465,0.980309705
0.2,3,0,1,1,0,0.926786765,0.945455482,0.463393382,-0.463393382,0.889648438,0.456054688,0.911132813,-0.46484375,0.999730074,1.022860066
0.2,3,0,1,0,1,1.073213235,1.118535374,0.536606618,-0.536606618,0.860351563,0.526367188,0.825195313,-0.528320313,1.008596662,0.979831443
0.2,3,0,1,1,1,0.926786765,0.926270931,0.463393382,-0.463393382,0.893554688,0.432617188,0.893554688,-0.459960938,0.992772688,1.004989574
0.2,3,0,1,0,2,1.073213235,1.101837284,0.536606618,-0.536606618,0.870117188,0.547851563,0.85546875,-0.512695313,1.028224321,0.99733809
0.2,3,0,1,1,2,0.926786765,0.929925742,0.463393382,-0.463393382,0.887695313,0.447265625,0.877929688,-0.438476563,0.994006794,0.981336962
0.2,3,0,1,0,3,1.073213235,1.05939052,0.536606618,-0.536606618,0.877929688,0.525390625,0.866210938,-0.49609375,1.023130414,0.998213603
0.2,3,0,1,1,3,0.926786765,0.942608469,0.463393382,-0.463393382,0.89453125,0.477539063,0.896484375,-0.435546875,1.014016624,0.99668717
0.2,3,0,1,0,4,1.073213235,1.057715695,0.536606618,-0.536606618,0.8671875,0.49609375,0.862304688,-0.514648438,0.999061144,1.004207343
0.2,3,0,1,1,4,0.926786765,0.953499245,0.463393382,-0.463393382,0.893554688,0.482421875,0.904296875,-0.446289063,1.015465827,1.008427868
0.2,3,0,1,0,5,1.073213235,1.100349395,0.536606618,-0.536606618,0.844726563,0.517578125,0.852539063,-0.5234375,0.990681624,1.000404753
0.2,3,0,1,1,5,0.926786765,0.937404926,0.463393382,-0.463393382,0.896484375,0.44921875,0.883789063,-0.452148438,1.002737114,0.992734263
0.2,3,0,1,0,6,1.073213235,1.048385672,0.536606618,-0.536606618,0.856445313,0.4921875,0.849609375,-0.494140625,0.987799124,0.98285861
0.2,3,0,1,1,6,0.926786765,0.92859916,0.463393382,-0.463393382,0.89453125,0.451171875,0.895507813,-0.4453125,1.001869362,1.000118725
0.2,3,0,1,0,7,1.073213235,1.117280073,0.536606618,-0.536606618,0.864257813,0.532226563,0.846679688,-0.537109375,1.014990975,1.002672915
0.2,3,0,1,1,7,0.926786765,0.945507935,0.463393382,-0.463393382,0.880859375,0.446289063,0.872070313,-0.450195313,0.98746502,0.98141859
0.2,3,0,1,0,8,1.073213235,1.046140475,0.536606618,-0.536606618,0.85546875,0.484375,0.868164063,-0.509765625,0.983079815,1.006762053
0.2,3,0,1,1,8,0.926786765,0.975656881,0.463393382,-0.463393382,0.888671875,0.471679688,0.8984375,-0.4765625,1.006091163,1.017006272
0.2,3,0,1,0,9,1.073213235,1.088062296,0.536606618,-0.536606618,0.86328125,0.540039063,0.865234375,-0.505859375,1.018281251,1.002259563
0.2,3,0,1,1,9,0.926786765,0.932007256,0.463393382,-0.463393382,0.8984375,0.450195313,0.913085938,-0.4609375,1.004920773,1.022833959
0.2,3,0,1,0,10,1.073213235,1.057834508,0.536606618,-0.536606618,0.860351563,0.475585938,0.859375,-0.530273438,0.983049742,1.009809541
0.2,3,0,1,1,10,0.926786765,0.981379415,0.463393382,-0.463393382,0.875976563,0.491210938,0.875976563,-0.4453125,1.004302307,0.982668897
0.2,3,0,1,0,11,1.073213235,1.063982427,0.536606618,-0.536606618,0.853515625,0.485351563,0.856445313,-0.521484375,0.981863056,1.002718568
0.2,3,0,1,1,11,0.926786765,0.899157938,0.463393382,-0.463393382,0.912109375,0.40625,0.892578125,-0.46484375,0.998490147,1.006367438
0.2,3,0,1,0,12,1.073213235,1.028679241,0.536606618,-0.536606618,0.880859375,0.494140625,0.868164063,-0.494140625,1.009994156,0.998941338
0.2,3,0,1,1,12,0.926786765,0.940696923,0.463393382,-0.463393382,0.890625,0.4453125,0.897460938,-0.463867188,0.995749021,1.0102519
0.2,3,0,1,0,13,1.073213235,1.101911557,0.536606618,-0.536606618,0.842773438,0.522460938,0.874023438,-0.532226563,0.991580808,1.02331915
0.2,3,0,1,1,13,0.926786765,0.960403262,0.463393382,-0.463393382,0.87890625,0.440429688,0.90625,-0.490234375,0.98308418,1.030348875
0.2,3,0,1,0,14,1.073213235,1.030098917,0.536606618,-0.536606618,0.846679688,0.51953125,0.8671875,-0.451171875,0.993367612,0.977532721
0.2,3,0,1,1,14,0.926786765,0.902328467,0.463393382,-0.463393382,0.885742188,0.416992188,0.887695313,-0.442382813,0.978990147,0.991819298
0.2,3,0,1,0,15,1.073213235,1.085936865,0.536606618,-0.536606618,0.864257813,0.517578125,0.844726563,-0.513671875,1.007387057,0.988646428
0.2,3,0,1,1,15,0.926786765,0.898863333,0.463393382,-0.463393382,0.888671875,0.416992188,0.890625,-0.44140625,0.981641577,0.994008233
0.2,3,0,1,0,16,1.073213235,1.070414486,0.536606618,-0.536606618,0.890625,0.504882813,0.857421875,-0.53125,1.023777097,1.008661903
0.2,3,0,1,1,16,0.926786765,0.911025765,0.463393382,-0.463393382,0.895507813,0.4296875,0.892578125,-0.446289063,0.993260082,0.997932681
0.2,3,0,1,0,17,1.073213235,1.068662697,0.536606618,-0.536606618,0.8671875,0.508789063,0.857421875,-0.51171875,1.005425517,0.99851307
0.2,3,0,1,1,17,0.926786765,0.908599079,0.463393382,-0.463393382,0.903320313,0.434570313,0.908203125,-0.450195313,1.002416552,1.013661056
0.2,3,0,1,0,18,1.073213235,1.099146113,0.536606618,-0.536606618,0.874023438,0.540039063,0.842773438,-0.51171875,1.027404087,0.985963055
0.2,3,0,1,1,18,0.926786765,0.93888418,0.463393382,-0.463393382,0.869140625,0.422851563,0.877929688,-0.463867188,0.96654481,0.992941742
0.2,3,0,1,0,19,1.073213235,1.066869792,0.536606618,-0.536606618,0.869140625,0.516601563,0.8671875,-0.508789063,1.011079918,1.005425517
0.2,3,0,1,1,19,0.926786765,0.890021583,0.463393382,-0.463393382,0.897460938,0.4296875,0.900390625,-0.427734375,0.995021348,0.996824946
0.2,4,0,1,0,0,1.175663354,1.127901703,1.087831677,-0.087831677,0.467773438,0.87109375,0.997070313,-0.049804688,0.988744815,0.998313435
0.2,4,0,1,1,0,1.029236884,1.078578565,1.014618442,-0.014618442,0.518554688,0.857421875,1,-0.051757813,1.00203355,1.00133854
0.2,4,0,1,2,0,0.970763116,0.916447428,-0.014618442,-0.985381558,1,-0.057617188,0.571289063,-0.840820313,1.001658495,1.016538239
0.2,4,0,1,3,0,0.824336646,0.869065114,-0.087831677,-0.912168323,0.99609375,-0.090820313,0.572265625,-0.817382813,1.000225519,0.997798881
0.2,4,2,3,0,0,1,0.985113039,1.05122506,0.05122506,0.500976563,0.845703125,0.997070313,0.05078125,0.9829503,0.998362631
0.2,4,2,3,1,0,1,1.027329277,0.94877494,-0.05122506,0.567382813,0.822265625,0.999023438,-0.060546875,0.999021528,1.00085651
0.2,4,2,3,2,0,1,1.01310744,-0.05122506,-1.05122506,0.997070313,-0.077148438,0.456054688,-0.875,1.000050543,0.986717223
0.2,4,2,3,3,0,1,1.046411449,0.05122506,-0.94877494,0.998046875,0.090820313,0.576171875,-0.815429688,1.002170591,0.998448599
0.2,4,0,1,0,1,1.175663354,1.200132716,1.087831677,-0.087831677,0.458984375,0.893554688,0.993164063,-0.103515625,1.004542999,0.99854411
0.2,4,0,1,1,1,1.029236884,1.043888394,1.014618442,-0.014618442,0.52734375,0.840820313,0.998046875,-0.033203125,0.992507042,0.998599025
0.2,4,0,1,2,1,0.970763116,0.968113289,-0.014618442,-0.985381558,1,-0.022460938,0.553710938,-0.844726563,1.000252215,1.010029093
0.2,4,0,1,3,1,0.824336646,0.818692272,-0.087831677,-0.912168323,0.9921875,-0.067382813,0.635742188,-0.779296875,0.994472965,1.005719518
0.2,4,2,3,0,1,1,1.016537571,1.05122506,0.05122506,0.5,0.865234375,1,0.030273438,0.999315027,1.000458136
0.2,4,2,3,1,1,1,0.975782755,0.94877494,-0.05122506,0.608398438,0.798828125,0.995117188,-0.055664063,1.004128992,0.996672817
0.2,4,2,3,2,1,1,1.021813124,-0.05122506,-1.05122506,0.998046875,-0.028320313,0.4921875,-0.858398438,0.998448599,0.989493008
0.2,4,2,3,3,1,1,1.020667989,0.05122506,-0.94877494,1,0.044921875,0.5625,-0.831054688,1.001008479,1.003522867
0.2,4,0,1,0,2,1.175663354,1.171457968,1.087831677,-0.087831677,0.487304688,0.90625,0.994140625,-0.09375,1.028958173,0.998551273
0.2,4,0,1,1,2,1.029236884,1.023546391,1.014618442,-0.014618442,0.517578125,0.845703125,1,-0.001953125,0.991514443,1.000001907
0.2,4,0,1,2,2,0.970763116,0.978617004,-0.014618442,-0.985381558,1,-0.00390625,0.555664063,-0.833007813,1.000007629,1.001331397
0.2,4,0,1,3,2,0.824336646,0.80703141,-0.087831677,-0.912168323,0.998046875,-0.092773438,0.62109375,-0.782226563,1.002349478,0.998817221
0.2,4,2,3,0,2,1,1.019569619,1.05122506,0.05122506,0.500976563,0.8671875,0.999023438,0.02734375,1.001494721,0.999397573
0.2,4,2,3,1,2,1,0.990998351,0.94877494,-0.05122506,0.592773438,0.784179688,0.997070313,-0.067382813,0.983014817,0.999344611
0.2,4,2,3,2,2,1,1.001751223,-0.05122506,-1.05122506,0.995117188,-0.057617188,0.485351563,-0.865234375,0.996783807,0.992066864
0.2,4,2,3,3,2,1,1.024360754,0.05122506,-0.94877494,1,0.049804688,0.556640625,-0.8203125,1.001239485,0.991343222
0.2,4,0,1,0,3,1.175663354,1.136366091,1.087831677,-0.087831677,0.487304688,0.887695313,0.995117188,-0.067382813,1.012654347,0.99739594
0.2,4,0,1,1,3,1.029236884,1.029641682,1.014618442,-0.014618442,0.526367188,0.866210938,1,-0.004882813,1.01359943,1.000011921
0.2,4,0,1,2,3,0.970763116,0.900549503,-0.014618442,-0.985381558,0.999023438,-0.0625,0.571289063,-0.821289063,1.000976563,1.00044336
0.2,4,0,1,3,3,0.824336646,0.824664983,-0.087831677,-0.912168323,0.99609375,-0.084960938,0.615234375,-0.791015625,0.999710518,1.002107307
0.2,4,2,3,0,3,1,1.023262886,1.05122506,0.05122506,0.483398438,0.853515625,1,0.032226563,0.980899063,1.000519141
0.2,4,2,3,1,3,1,0.993658861,0.94877494,-0.05122506,0.567382813,0.821289063,0.997070313,-0.02734375,0.998217902,0.997445181
0.2,4,2,3,2,3,1,0.949466389,-0.05122506,-1.05122506,1,-0.0859375,0.514648438,-0.8671875,1.003685834,1.00840328
0.2,4,2,3,3,3,1,1.015899815,0.05122506,-0.94877494,1,0.063476563,0.5703125,-0.801757813,1.002012612,0.983906468
0.2,4,0,1,0,4,1.175663354,1.152205832,1.087831677,-0.087831677,0.48828125,0.877929688,0.99609375,-0.088867188,1.004579074,1.000050067
0.2,4,0,1,1,4,1.029236884,1.025221404,1.014618442,-0.014618442,0.516601563,0.866210938,1,0.0078125,1.008562622,1.000030517
0.2,4,0,1,2,4,0.970763116,1.000136927,-0.014618442,-0.985381558,1,-0.020507813,0.512695313,-0.8359375,1.000210263,0.980636522
0.2,4,0,1,3,4,0.824336646,0.794994959,-0.087831677,-0.912168323,0.994140625,-0.12890625,0.596679688,-0.790039063,1.002463168,0.99004463
0.2,4,2,3,0,4,1,0.994531583,1.05122506,0.05122506,0.493164063,0.866210938,0.997070313,0.05859375,0.996760844,0.998790486
0.2,4,2,3,1,4,1,0.955588017,0.94877494,-0.05122506,0.590820313,0.810546875,0.999023438,-0.014648438,1.00302287,0.999130825
0.2,4,2,3,2,4,1,0.985271004,-0.05122506,-1.05122506,0.999023438,-0.067382813,0.49609375,-0.870117188,1.0012933,1.001605176
0.2,4,2,3,3,4,1,0.983516574,0.05122506,-0.94877494,0.997070313,0.05078125,0.588867188,-0.793945313,0.998362631,0.988490629
0.2,4,0,1,0,5,1.175663354,1.211432142,1.087831677,-0.087831677,0.4375,0.8828125,0.995117188,-0.100585938,0.985273647,1.000187856
0.2,4,0,1,1,5,1.029236884,1.0306482,1.014618442,-0.014618442,0.525390625,0.849609375,0.999023438,-0.013671875,0.998935132,0.999116985
0.2,4,0,1,2,5,0.970763116,1.005853967,-0.014618442,-0.985381558,1,0.016601563,0.552734375,-0.840820313,1.000137796,1.006227652
0.2,4,0,1,3,5,0.824336646,0.901415363,-0.087831677,-0.912168323,0.99609375,-0.041015625,0.59375,-0.817382813,0.996937832,1.010274084
0.2,4,2,3,0,5,1,0.96349976,1.05122506,0.05122506,0.497070313,0.844726563,0.995117188,0.075195313,0.980123391,0.997954183
0.2,4,2,3,1,5,1,0.98552318,0.94877494,-0.05122506,0.611328125,0.807617188,0.99609375,-0.0625,1.012900586,0.998052608
0.2,4,2,3,2,5,1,0.983790242,-0.05122506,-1.05122506,0.999023438,-0.061523438,0.506835938,-0.874023438,1.000916061,1.010346296
0.2,4,2,3,3,5,1,0.983768982,0.05122506,-0.94877494,0.999023438,0.0390625,0.579101563,-0.80078125,0.999786831,0.988235412
0.2,4,0,1,0,6,1.175663354,1.162363822,1.087831677,-0.087831677,0.456054688,0.874023438,0.995117188,-0.072265625,0.985851331,0.99773771
0.2,4,0,1,1,6,1.029236884,1.033932753,1.014618442,-0.014618442,0.524414063,0.850585938,1,-0.015625,0.999252994,1.000122063
0.2,4,0,1,2,6,0.970763116,0.971599675,-0.014618442,-0.985381558,0.999023438,-0.01171875,0.560546875,-0.841796875,0.999092167,1.011352944
0.2,4,0,1,3,6,0.824336646,0.843543444,-0.087831677,-0.912168323,0.998046875,-0.083007813,0.607421875,-0.80859375,1.001492817,1.011328427
0.2,4,2,3,0,6,1,1.036948116,1.05122506,0.05122506,0.475585938,0.887695313,0.999023438,0.041992188,1.007067501,0.999905582
0.2,4,2,3,1,6,1,1.025241211,0.94877494,-0.05122506,0.565429688,0.798828125,0.997070313,-0.0703125,0.978691527,0.999546425
0.2,4,2,3,2,6,1,1.039071372,-0.05122506,-1.05122506,0.999023438,-0.024414063,0.4765625,-0.857421875,0.999321708,0.980960798
0.2,4,2,3,3,6,1,0.977881356,0.05122506,-0.94877494,0.998046875,0.055664063,0.62109375,-0.819335938,0.999597945,1.028138524
0.2,4,0,1,0,7,1.175663354,1.199106198,1.087831677,-0.087831677,0.473632813,0.8984375,0.994140625,-0.11328125,1.015636737,1.000573947
0.2,4,0,1,1,7,1.029236884,1.007866676,1.014618442,-0.014618442,0.494140625,0.84765625,1,0.03515625,0.981170768,1.00061779
0.2,4,0,1,2,7,0.970763116,0.994819233,-0.014618442,-0.985381558,1,0.004882813,0.541015625,-0.82421875,1.000011921,0.985918077
0.2,4,0,1,3,7,0.824336646,0.861376716,-0.087831677,-0.912168323,0.99609375,-0.044921875,0.606445313,-0.774414063,0.99710618,0.983612249
0.2,4,2,3,0,7,1,1.031804144,1.05122506,0.05122506,0.4921875,0.884765625,0.997070313,0.03125,1.012451849,0.997559908
0.2,4,2,3,1,7,1,1.016147079,0.94877494,-0.05122506,0.579101563,0.821289063,1,-0.059570313,1.004925044,1.00177274
0.2,4,2,3,2,7,1,1.025416621,-0.05122506,-1.05122506,1,-0.02734375,0.489257813,-0.858398438,1.00037377,0.98803901
0.2,4,2,3,3,7,1,0.998733021,0.05122506,-0.94877494,0.998046875,0.04296875,0.571289063,-0.80859375,0.99897141,0.990048002
0.2,4,0,1,0,8,1.175663354,1.167424657,1.087831677,-0.087831677,0.461914063,0.87109375,0.995117188,-0.083984375,0.985986269,0.998654891
0.2,4,0,1,1,8,1.029236884,1.022477009,1.014618442,-0.014618442,0.524414063,0.864257813,1,0.002929688,1.010916255,1.000004292
0.2,4,0,1,2,8,0.970763116,0.973277266,-0.014618442,-0.985381558,1,-0.001953125,0.5625,-0.830078125,1.000001907,1.002714288
0.2,4,0,1,3,8,0.824336646,0.789936249,-0.087831677,-0.912168323,0.99609375,-0.124023438,0.619140625,-0.802734375,1.003785122,1.01376407
0.2,4,2,3,0,8,1,0.977054857,1.05122506,0.05122506,0.544921875,0.868164063,0.999023438,0.033203125,1.025011556,0.999575048
0.2,4,2,3,1,8,1,0.945651967,0.94877494,-0.05122506,0.598632813,0.797851563,1,-0.018554688,0.997460957,1.000172123
0.2,4,2,3,2,8,1,1.04111528,-0.05122506,-1.05122506,0.994140625,-0.008789063,0.498046875,-0.868164063,0.994179476,1.000879378
0.2,4,2,3,3,8,1,0.925433474,0.05122506,-0.94877494,0.999023438,0.001953125,0.6171875,-0.81640625,0.999025347,1.023444955
0.2,4,0,1,0,9,1.175663354,1.165662594,1.087831677,-0.087831677,0.471679688,0.905273438,0.998046875,-0.075195313,1.020784857,1.000875567
0.2,4,0,1,1,9,1.029236884,1.034568315,1.014618442,-0.014618442,0.528320313,0.852539063,1,-0.018554688,1.002968198,1.000172123
0.2,4,0,1,2,9,0.970763116,1.010672028,-0.014618442,-0.985381558,0.998046875,-0.004882813,0.518554688,-0.8359375,0.998058819,0.983712594
0.2,4,0,1,3,9,0.824336646,0.819305816,-0.087831677,-0.912168323,0.99609375,-0.0859375,0.626953125,-0.798828125,0.999793985,1.015478505
0.2,4,2,3,0,9,1,1.009087707,1.05122506,0.05122506,0.499023438,0.870117188,1,0.041015625,1.003059475,1.000840787
0.2,4,2,3,1,9,1,1.010224051,0.94877494,-0.05122506,0.577148438,0.8046875,0.997070313,-0.061523438,0.990263748,0.998966637
0.2,4,2,3,2,9,1,0.982438761,-0.05122506,-1.05122506,0.998046875,-0.087890625,0.477539063,-0.873046875,1.001909341,0.995115271
0.2,4,2,3,3,9,1,1.027651945,0.05122506,-0.94877494,0.998046875,0.081054688,0.590820313,-0.8203125,1.001332825,1.010930878
0.2,4,0,1,0,10,1.175663354,1.182898514,1.087831677,-0.087831677,0.471679688,0.86328125,0.997070313,-0.112304688,0.983735861,1.00337508
0.2,4,0,1,1,10,1.029236884,1.068595579,1.014618442,-0.014618442,0.499023438,0.875976563,1,-0.015625,1.008146482,1.000122063
0.2,4,0,1,2,10,0.970763116,0.99045714,-0.014618442,-0.985381558,1,0.006835938,0.543945313,-0.817382813,1.000023365,0.981830518
0.2,4,0,1,3,10,0.824336646,0.859907232,-0.087831677,-0.912168323,0.997070313,-0.09375,0.5703125,-0.803710938,1.001468058,0.985498665
0.2,4,2,3,0,10,1,1.037103559,1.05122506,0.05122506,0.473632813,0.872070313,0.999023438,0.036132813,0.992388367,0.999676652
0.2,4,2,3,1,10,1,0.989253106,0.94877494,-0.05122506,0.587890625,0.815429688,0.99609375,-0.04296875,1.005256665,0.997020096
0.2,4,2,3,2,10,1,1.015079468,-0.05122506,-1.05122506,0.998046875,-0.032226563,0.5078125,-0.879882813,0.998567031,1.015907131
0.2,4,2,3,3,10,1,1.028737877,0.05122506,-0.94877494,0.999023438,0.071289063,0.573242188,-0.814453125,1.001563757,0.995962097
0.2,4,0,1,0,11,1.175663354,1.196959155,1.087831677,-0.087831677,0.450195313,0.876953125,0.998046875,-0.100585938,0.985759911,1.003102734
0.2,4,0,1,1,11,1.029236884,0.986683891,1.014618442,-0.014618442,0.565429688,0.825195313,0.999023438,-0.016601563,1.000328964,0.999161369
0.2,4,0,1,2,11,0.970763116,0.988405268,-0.014618442,-0.985381558,1,0.029296875,0.578125,-0.82421875,1.000429061,1.006759685
0.2,4,0,1,3,11,0.824336646,0.872299031,-0.087831677,-0.912168323,0.995117188,-0.030273438,0.610351563,-0.7734375,0.99557757,0.985258644
0.2,4,2,3,0,11,1,1.002201483,1.05122506,0.05122506,0.478515625,0.859375,0.999023438,0.060546875,0.983617097,1.00085651
0.2,4,2,3,1,11,1,0.999526944,0.94877494,-0.05122506,0.56640625,0.825195313,1,-0.030273438,1.000881284,1.000458136
0.2,4,2,3,2,11,1,0.97072364,-0.05122506,-1.05122506,0.998046875,-0.072265625,0.500976563,-0.859375,1.000659725,0.994737607
0.2,4,2,3,3,11,1,0.959731505,0.05122506,-0.94877494,0.997070313,0.048828125,0.602539063,-0.776367188,0.998265192,0.9827509
0.2,4,0,1,0,12,1.175663354,1.120811666,1.087831677,-0.087831677,0.499023438,0.875,0.999023438,-0.068359375,1.007298065,1.001359492
0.2,4,0,1,1,12,1.029236884,1.041456698,1.014618442,-0.014618442,0.513671875,0.841796875,1,-0.018554688,0.986144398,1.000172123
0.2,4,0,1,2,12,0.970763116,1.011480431,-0.014618442,-0.985381558,1,0.008789063,0.52734375,-0.826171875,1.000038623,0.980128256
0.2,4,0,1,3,12,0.824336646,0.764355451,-0.087831677,-0.912168323,0.993164063,-0.114257813,0.646484375,-0.780273438,0.999714811,1.013295951
0.2,4,2,3,0,12,1,0.980927388,1.05122506,0.05122506,0.515625,0.854492188,0.998046875,0.046875,0.998011042,0.999147051
0.2,4,2,3,1,12,1,1.00328382,0.94877494,-0.05122506,0.595703125,0.833984375,0.999023438,-0.052734375,1.024886409,1.000414286
0.2,4,2,3,2,12,1,0.971679323,-0.05122506,-1.05122506,0.999023438,-0.041015625,0.532226563,-0.852539063,0.999865046,1.005031326
0.2,4,2,3,3,12,1,0.99604658,0.05122506,-0.94877494,1,0.033203125,0.57421875,-0.825195313,1.000551072,1.005323071
0.2,4,0,1,0,13,1.175663354,1.236738701,1.087831677,-0.087831677,0.430664063,0.891601563,0.998046875,-0.116210938,0.990164068,1.004789802
0.2,4,0,1,1,13,1.029236884,1.09218927,1.014618442,-0.014618442,0.498046875,0.84375,1,-0.0546875,0.97977791,1.001494245
0.2,4,0,1,2,13,0.970763116,0.9948288,-0.014618442,-0.985381558,1,-0.015625,0.536132813,-0.854492188,1.000122063,1.008759283
0.2,4,0,1,3,13,0.824336646,0.799082545,-0.087831677,-0.912168323,0.999023438,-0.112304688,0.618164063,-0.796875,1.005315956,1.00853189
0.2,4,2,3,0,13,1,0.979334089,1.05122506,0.05122506,0.500976563,0.841796875,1,0.0546875,0.979591494,1.001494245
0.2,4,2,3,1,13,1,0.973122452,0.94877494,-0.05122506,0.549804688,0.795898438,0.998046875,-0.006835938,0.9673363,0.998070285
0.2,4,2,3,2,13,1,0.950313505,-0.05122506,-1.05122506,0.998046875,-0.080078125,0.512695313,-0.854492188,1.001254249,0.996500568
0.2,4,2,3,3,13,1,0.990082524,0.05122506,-0.94877494,0.998046875,0.04296875,0.588867188,-0.818359375,0.99897141,1.008204657
0.2,4,0,1,0,14,1.175663354,1.129069859,1.087831677,-0.087831677,0.438476563,0.888671875,0.998046875,-0.016601563,0.990958827,0.998184941
0.2,4,0,1,1,14,1.029236884,1.049482335,1.014618442,-0.014618442,0.515625,0.827148438,1,-0.036132813,0.974701841,1.000652577
0.2,4,0,1,2,14,0.970763116,0.94999101,-0.014618442,-0.985381558,0.998046875,-0.0078125,0.592773438,-0.842773438,0.998077452,1.030362759
0.2,4,0,1,3,14,0.824336646,0.796312174,-0.087831677,-0.912168323,0.997070313,-0.092773438,0.634765625,-0.782226563,1.001377111,1.007375696
0.2,4,2,3,0,14,1,1.000706949,1.05122506,0.05122506,0.506835938,0.861328125,0.99609375,0.038085938,0.999384214,0.996821598
0.2,4,2,3,1,14,1,0.973939255,0.94877494,-0.05122506,0.59765625,0.8046875,1,-0.041992188,1.002354711,1.000881284
0.2,4,2,3,2,14,1,1.015832636,-0.05122506,-1.05122506,0.997070313,-0.04296875,0.474609375,-0.844726563,0.997995752,0.968925706
0.2,4,2,3,3,14,1,0.974536357,0.05122506,-0.94877494,0.999023438,0.043945313,0.604492188,-0.811523438,0.99998951,1.01191951
0.2,4,0,1,0,15,1.175663354,1.178788257,1.087831677,-0.087831677,0.463867188,0.888671875,0.995117188,-0.088867188,1.002452228,0.999077371
0.2,4,0,1,1,15,1.029236884,1.048525519,1.014618442,-0.014618442,0.509765625,0.83203125,0.997070313,-0.02734375,0.975775073,0.997445181
0.2,4,0,1,2,15,0.970763116,0.920782009,-0.014618442,-0.985381558,1,-0.055664063,0.568359375,-0.840820313,1.001548046,1.014894663
0.2,4,0,1,3,15,0.824336646,0.826291053,-0.087831677,-0.912168323,0.997070313,-0.072265625,0.624023438,-0.784179688,0.999685715,1.002169164
0.2,4,2,3,0,15,1,1.042021284,1.05122506,0.05122506,0.458007813,0.86328125,1,0.041015625,0.97725415,1.000840787
0.2,4,2,3,1,15,1,0.986582578,0.94877494,-0.05122506,0.606445313,0.796875,1,-0.06640625,1.001391873,1.00220247
0.2,4,2,3,2,15,1,0.986844641,-0.05122506,-1.05122506,0.997070313,-0.06640625,0.494140625,-0.868164063,0.999279239,0.998941338
0.2,4,2,3,3,15,1,0.966271492,0.05122506,-0.94877494,0.997070313,0.03515625,0.59375,-0.797851563,0.997689917,0.994538173
0.2,4,0,1,0,16,1.175663354,1.153993071,1.087831677,-0.087831677,0.516601563,0.879882813,0.997070313,-0.114257813,1.020328838,1.003595564
0.2,4,0,1,1,16,1.029236884,1.012105201,1.014618442,-0.014618442,0.534179688,0.83984375,1,-0.0078125,0.995331836,1.000030517
0.2,4,0,1,2,16,0.970763116,0.976823114,-0.014618442,-0.985381558,1,-0.022460938,0.533203125,-0.829101563,1.000252215,0.985756042
0.2,4,0,1,3,16,0.824336646,0.84434507,-0.087831677,-0.912168323,0.995117188,-0.076171875,0.61328125,-0.806640625,0.998028242,1.01330301
0.2,4,2,3,0,16,1,1.054479394,1.05122506,0.05122506,0.466796875,0.883789063,0.99609375,0.030273438,0.999491085,0.996553681
0.2,4,2,3,1,16,1,1.014054004,0.94877494,-0.05122506,0.564453125,0.80859375,1,-0.052734375,0.986119254,1.001389492
0.2,4,2,3,2,16,1,0.986509195,-0.05122506,-1.05122506,0.997070313,-0.053710938,0.51953125,-0.885742188,0.998515935,1.026865104
0.2,4,2,3,3,16,1,1.003717826,0.05122506,-0.94877494,1,0.047851563,0.586914063,-0.831054688,1.001144231,1.017408478
0.2,4,0,1,0,17,1.175663354,1.168794601,1.087831677,-0.087831677,0.46875,0.880859375,0.99609375,-0.086914063,0.997817519,0.999878399
0.2,4,0,1,1,17,1.029236884,1.024142473,1.014618442,-0.014618442,0.546875,0.845703125,0.999023438,-0.02734375,1.00711769,0.999397573
0.2,4,0,1,2,17,0.970763116,0.985041265,-0.014618442,-0.985381558,1,-0.006835938,0.5546875,-0.848632813,1.000023365,1.013832271
0.2,4,0,1,3,17,0.824336646,0.819064815,-0.087831677,-0.912168323,0.997070313,-0.087890625,0.610351563,-0.780273438,1.000936546,0.990633972
0.2,4,2,3,0,17,1,1.009312353,1.05122506,0.05122506,0.5078125,0.875976563,1,0.036132813,1.012525789,1.000652577
0.2,4,2,3,1,17,1,1.040457535,0.94877494,-0.05122506,0.568359375,0.814453125,1,-0.079101563,0.993159741,1.00312365
0.2,4,2,3,2,17,1,1.00516186,-0.05122506,-1.05122506,1,-0.0546875,0.487304688,-0.869140625,1.001494245,0.996429267
0.2,4,2,3,3,17,1,1.026052124,0.05122506,-0.94877494,0.999023438,0.091796875,0.602539063,-0.815429688,1.003232024,1.013892942
0.2,4,0,1,0,18,1.175663354,1.156041511,1.087831677,-0.087831677,0.497070313,0.899414063,0.994140625,-0.08984375,1.027630552,0.998192107
0.2,4,0,1,1,18,1.029236884,1.070612194,1.014618442,-0.014618442,0.484375,0.840820313,1,-0.022460938,0.970359695,1.000252215
0.2,4,0,1,2,18,0.970763116,0.951788063,-0.014618442,-0.985381558,0.999023438,-0.03125,0.567382813,-0.8515625,0.999512077,1.023270222
0.2,4,0,1,3,18,0.824336646,0.812544897,-0.087831677,-0.912168323,0.997070313,-0.077148438,0.625976563,-0.772460938,1.000050543,0.994254775
0.2,4,2,3,0,18,1,1.000074919,1.05122506,0.05122506,0.477539063,0.861328125,0.998046875,0.064453125,0.984850088,1.000125877
0.2,4,2,3,1,18,1,1.000974294,0.94877494,-0.05122506,0.572265625,0.810546875,0.999023438,-0.044921875,0.992206723,1.000032901
0.2,4,2,3,2,18,1,0.99870669,-0.05122506,-1.05122506,1,-0.034179688,0.515625,-0.864257813,1.000583955,1.00638497
0.2,4,2,3,3,18,1,0.999154838,0.05122506,-0.94877494,0.999023438,0.053710938,0.5859375,-0.811523438,1.000466238,1.000946074
0.2,4,0,1,0,19,1.175663354,1.158489881,1.087831677,-0.087831677,0.484375,0.890625,0.999023438,-0.0859375,1.013820512,1.002712861
0.2,4,0,1,1,19,1.029236884,0.996997805,1.014618442,-0.014618442,0.53515625,0.836914063,1,0.004882813,0.993386813,1.000011921
0.2,4,0,1,2,19,0.970763116,0.939223111,-0.014618442,-0.985381558,0.999023438,-0.046875,0.541015625,-0.817382813,1.00012254,0.980210472
0.2,4,0,1,3,19,0.824336646,0.853497628,-0.087831677,-0.912168323,0.995117188,-0.0703125,0.614257813,-0.813476563,0.997598148,1.019341345
0.2,4,2,3,0,19,1,0.967776478,1.05122506,0.05122506,0.50390625,0.860351563,0.999023438,0.073242188,0.997058835,1.00170467
0.2,4,2,3,1,19,1,1.006938565,0.94877494,-0.05122506,0.56640625,0.80078125,0.999023438,-0.051757813,0.980849963,1.000363284
0.2,4,2,3,2,19,1,1.013113754,-0.05122506,-1.05122506,0.998046875,-0.051757813,0.486328125,-0.877929688,0.999388031,1.003631198
0.2,4,2,3,3,19,1,0.9803979,0.05122506,-0.94877494,0.998046875,0.025390625,0.579101563,-0.818359375,0.998369795,1.002532137
0.2,5,0,1,0,0,1.175663354,1.127901703,1.087831677,-0.087831677,0.467773438,0.87109375,0.997070313,-0.049804688,0.988744815,0.998313435
0.2,5,0,1,1,0,1.029236884,1.078578565,1.014618442,-0.014618442,0.518554688,0.857421875,1,-0.051757813,1.00203355,1.00133854
0.2,5,0,1,2,0,0.970763116,0.916447428,-0.014618442,-0.985381558,1,-0.057617188,0.571289063,-0.840820313,1.001658495,1.016538239
0.2,5,0,1,3,0,0.824336646,0.869065114,-0.087831677,-0.912168323,0.99609375,-0.090820313,0.572265625,-0.817382813,1.000225519,0.997798881
0.2,5,0,1,4,0,1.175663354,1.166976405,1.087831677,-0.087831677,0.47265625,0.865234375,0.9921875,-0.095703125,0.985918077,0.996792417
0.2,5,0,1,5,0,1.029236884,1.07342175,1.014618442,-0.014618442,0.509765625,0.85546875,1,-0.040039063,0.995835215,1.000801242
0.2,5,0,1,6,0,0.970763116,0.968892193,-0.014618442,-0.985381558,1,-0.0546875,0.508789063,-0.834960938,1.001494245,0.97776586
0.2,5,0,1,7,0,0.824336646,0.78652295,-0.087831677,-0.912168323,0.99609375,-0.12890625,0.611328125,-0.794921875,1.00440011,1.002807491
0.2,5,2,3,0,0,1,1.021838843,1.05122506,0.05122506,0.490234375,0.884765625,0.999023438,0.04296875,1.011503808,0.99994707
0.2,5,2,3,1,0,1,1.016240679,0.94877494,-0.05122506,0.580078125,0.807617188,0.999023438,-0.068359375,0.994352127,1.001359492
0.2,5,2,3,2,0,1,0.995506917,-0.05122506,-1.05122506,1,-0.033203125,0.514648438,-0.854492188,1.000551072,0.997506848
0.2,5,2,3,3,0,1,1.014623713,0.05122506,-0.94877494,0.999023438,0.067382813,0.587890625,-0.817382813,1.0012933,1.006841621
0.2,5,2,3,4,0,1,0.950973081,1.05122506,0.05122506,0.49609375,0.840820313,0.999023438,0.086914063,0.976262161,1.00279703
0.2,5,2,3,5,0,1,0.974438653,0.94877494,-0.05122506,0.602539063,0.8203125,0.998046875,-0.037109375,1.01782411,0.998736537
0.2,5,2,3,6,0,1,0.999634399,-0.05122506,-1.05122506,0.99609375,-0.052734375,0.479492188,-0.840820313,0.997488683,0.967931586
0.2,5,2,3,7,0,1,1.01308887,0.05122506,-0.94877494,0.999023438,0.080078125,0.600585938,-0.810546875,1.002227686,1.008806079
0.2,5,0,1,0,1,1.175663354,1.200132716,1.087831677,-0.087831677,0.458984375,0.893554688,0.993164063,-0.103515625,1.004542999,0.99854411
0.2,5,0,1,1,1,1.029236884,1.043888394,1.014618442,-0.014618442,0.52734375,0.840820313,0.998046875,-0.033203125,0.992507042,0.998599025
0.2,5,0,1,2,1,0.970763116,0.968113289,-0.014618442,-0.985381558,1,-0.022460938,0.553710938,-0.844726563,1.000252215,1.010029093
0.2,5,0,1,3,1,0.824336646,0.818692272,-0.087831677,-0.912168323,0.9921875,-0.067382813,0.635742188,-0.779296875,0.994472965,1.005719518
0.2,5,0,1,4,1,1.175663354,1.163406666,1.087831677,-0.087831677,0.463867188,0.884765625,0.994140625,-0.075195313,0.99899098,0.9969804
0.2,5,0,1,5,1,1.029236884,1.018123592,1.014618442,-0.014618442,0.551757813,0.834960938,0.999023438,-0.03125,1.000797907,0.999512077
0.2,5,0,1,6,1,0.970763116,0.97759634,-0.014618442,-0.985381558,1,-0.006835938,0.548828125,-0.826171875,1.000023365,0.991852952
0.2,5,0,1,7,1,0.824336646,0.851884359,-0.087831677,-0.912168323,0.997070313,-0.084960938,0.590820313,-0.803710938,1.000683551,0.997506848
0.2,5,2,3,0,1,1,1.028628839,1.05122506,0.05122506,0.51953125,0.872070313,1,0.004882813,1.015095734,1.000011921
0.2,5,2,3,1,1,1,1.0224838,0.94877494,-0.05122506,0.571289063,0.807617188,0.999023438,-0.067382813,0.989250582,1.0012933
0.2,5,2,3,2,1,1,0.992801506,-0.05122506,-1.05122506,1,-0.065429688,0.485351563,-0.862304688,1.002138236,0.989512766
0.2,5,2,3,3,1,1,1.022962983,0.05122506,-0.94877494,1,0.059570313,0.551757813,-0.793945313,1.00177274,0.966843236
0.2,5,2,3,4,1,1,0.997184404,1.05122506,0.05122506,0.51171875,0.866210938,1,0.040039063,1.006070309,1.000801242
0.2,5,2,3,5,1,1,1.009987197,0.94877494,-0.05122506,0.571289063,0.809570313,0.999023438,-0.053710938,0.990845742,1.000466238
0.2,5,2,3,6,1,1,0.970348715,-0.05122506,-1.05122506,0.999023438,-0.067382813,0.51171875,-0.8671875,1.0012933,1.006911237
0.2,5,2,3,7,1,1,1.055392769,0.05122506,-0.94877494,0.999023438,0.086914063,0.551757813,-0.802734375,1.00279703,0.974073488
0.2,5,0,1,0,2,1.175663354,1.171457968,1.087831677,-0.087831677,0.487304688,0.90625,0.994140625,-0.09375,1.028958173,0.998551273
0.2,5,0,1,1,2,1.029236884,1.023546391,1.014618442,-0.014618442,0.517578125,0.845703125,1,-0.001953125,0.991514443,1.000001907
0.2,5,0,1,2,2,0.970763116,0.978617004,-0.014618442,-0.985381558,1,-0.00390625,0.555664063,-0.833007813,1.000007629,1.001331397
0.2,5,0,1,3,2,0.824336646,0.80703141,-0.087831677,-0.912168323,0.998046875,-0.092773438,0.62109375,-0.782226563,1.002349478,0.998817221
0.2,5,0,1,4,2,1.175663354,1.153905173,1.087831677,-0.087831677,0.466796875,0.884765625,0.995117188,-0.068359375,1.000354704,0.997462391
0.2,5,0,1,5,2,1.029236884,0.999128376,1.014618442,-0.014618442,0.53515625,0.830078125,1,-0.000976563,0.9876345,1.000000477
0.2,5,0,1,6,2,0.970763116,0.96197769,-0.014618442,-0.985381558,0.998046875,-0.032226563,0.541015625,-0.83203125,0.998567031,0.992458517
0.2,5,0,1,7,2,0.824336646,0.84658039,-0.087831677,-0.912168323,0.997070313,-0.09375,0.583007813,-0.798828125,1.001468058,0.988951203
0.2,5,2,3,0,2,1,1.003787438,1.05122506,0.05122506,0.529296875,0.870117188,1,0.020507813,1.01845918,1.000210263
0.2,5,2,3,1,2,1,0.972771845,0.94877494,-0.05122506,0.583007813,0.791015625,0.999023438,-0.037109375,0.982651428,0.999712426
0.2,5,2,3,2,2,1,0.997055565,-0.05122506,-1.05122506,0.999023438,-0.051757813,0.51171875,-0.889648438,1.000363284,1.026318869
0.2,5,2,3,3,2,1,1.027726916,0.05122506,-0.94877494,1,0.0859375,0.59375,-0.81640625,1.003685834,1.009484139
0.2,5,2,3,4,2,1,1.038712965,1.05122506,0.05122506,0.473632813,0.859375,0.998046875,0.028320313,0.981250952,0.998448599
0.2,5,2,3,5,2,1,1.043987629,0.94877494,-0.05122506,0.541992188,0.819335938,0.999023438,-0.057617188,0.982378191,1.000683551
0.2,5,2,3,6,2,1,0.98793788,-0.05122506,-1.05122506,1,-0.053710938,0.504882813,-0.86328125,1.001441394,1.000080582
0.2,5,2,3,7,2,1,0.968518937,0.05122506,-0.94877494,1,0.043945313,0.611328125,-0.810546875,1.00096513,1.015238057
0.2,5,0,1,0,3,1.175663354,1.136366091,1.087831677,-0.087831677,0.487304688,0.887695313,0.995117188,-0.067382813,1.012654347,0.99739594
0.2,5,0,1,1,3,1.029236884,1.029641682,1.014618442,-0.014618442,0.526367188,0.866210938,1,-0.004882813,1.01359943,1.000011921
0.2,5,0,1,2,3,0.970763116,0.900549503,-0.014618442,-0.985381558,0.999023438,-0.0625,0.571289063,-0.821289063,1.000976563,1.00044336
0.2,5,0,1,3,3,0.824336646,0.824664983,-0.087831677,-0.912168323,0.99609375,-0.084960938,0.615234375,-0.791015625,0.999710518,1.002107307
0.2,5,0,1,4,3,1.175663354,1.176531204,1.087831677,-0.087831677,0.447265625,0.875,0.99609375,-0.078125,0.98268588,0.999152778
0.2,5,0,1,5,3,1.029236884,1.037360311,1.014618442,-0.014618442,0.509765625,0.859375,0.999023438,-0.001953125,0.999192866,0.999025347
0.2,5,0,1,6,3,0.970763116,0.931205965,-0.014618442,-0.985381558,1,-0.041992188,0.5703125,-0.837890625,1.000881284,1.013566499
0.2,5,0,1,7,3,0.824336646,0.809119342,-0.087831677,-0.912168323,0.998046875,-0.1015625,0.607421875,-0.782226563,1.003201129,0.99037353
0.2,5,2,3,0,3,1,0.973940132,1.05122506,0.05122506,0.4921875,0.860351563,0.997070313,0.077148438,0.991187846,1.000050543
0.2,5,2,3,1,3,1,0.985948872,0.94877494,-0.05122506,0.595703125,0.80078125,0.998046875,-0.0546875,0.998054519,0.99954404
0.2,5,2,3,2,3,1,1.085510822,-0.05122506,-1.05122506,1,0.018554688,0.477539063,-0.866210938,1.000172123,0.989123321
0.2,5,2,3,3,3,1,1.000066736,0.05122506,-0.94877494,0.999023438,0.069335938,0.603515625,-0.810546875,1.001426633,1.01055299
0.2,5,2,3,4,3,1,1.015143478,1.05122506,0.05122506,0.485351563,0.870117188,1,0.046875,0.996328289,1.00109803
0.2,5,2,3,5,3,1,1.020617115,0.94877494,-0.05122506,0.584960938,0.80859375,0.999023438,-0.076171875,0.997999575,1.001923142
0.2,5,2,3,6,3,1,1.021116595,-0.05122506,-1.05122506,0.998046875,-0.049804688,0.474609375,-0.869140625,0.999288783,0.990282528
0.2,5,2,3,7,3,1,0.978716961,0.05122506,-0.94877494,0.999023438,0.03125,0.577148438,-0.802734375,0.999512077,0.988677296
0.2,5,0,1,0,4,1.175663354,1.152205832,1.087831677,-0.087831677,0.48828125,0.877929688,0.99609375,-0.088867188,1.004579074,1.000050067
0.2,5,0,1,1,4,1.029236884,1.025221404,1.014618442,-0.014618442,0.516601563,0.866210938,1,0.0078125,1.008562622,1.000030517
0.2,5,0,1,2,4,0.970763116,1.000136927,-0.014618442,-0.985381558,1,-0.020507813,0.512695313,-0.8359375,1.000210263,0.980636522
0.2,5,0,1,3,4,0.824336646,0.794994959,-0.087831677,-0.912168323,0.994140625,-0.12890625,0.596679688,-0.790039063,1.002463168,0.99004463
0.2,5,0,1,4,4,1.175663354,1.178936558,1.087831677,-0.087831677,0.459960938,0.883789063,0.99609375,-0.087890625,0.996316803,0.99996376
0.2,5,0,1,5,4,1.029236884,1.047489349,1.014618442,-0.014618442,0.536132813,0.852539063,1,-0.038085938,1.00710538,1.000725007
0.2,5,0,1,6,4,0.970763116,0.974958657,-0.014618442,-0.985381558,0.999023438,-0.015625,0.551757813,-0.841796875,0.99914562,1.006508153
0.2,5,0,1,7,4,0.824336646,0.815022244,-0.087831677,-0.912168323,0.99609375,-0.078125,0.623046875,-0.774414063,0.999152778,0.993933875
0.2,5,2,3,0,4,1,1.003299636,1.05122506,0.05122506,0.4921875,0.860351563,0.999023438,0.047851563,0.991187846,1.000168786
0.2,5,2,3,1,4,1,1.027516807,0.94877494,-0.05122506,0.553710938,0.81640625,1,-0.052734375,0.986465898,1.001389492
0.2,5,2,3,2,4,1,1.010360962,-0.05122506,-1.05122506,0.998046875,-0.061523438,0.46875,-0.860351563,0.999941347,0.979760876
0.2,5,2,3,3,4,1,0.996919481,0.05122506,-0.94877494,1,0.059570313,0.59375,-0.80859375,1.00177274,1.003176413
0.2,5,2,3,4,4,1,0.99726269,1.05122506,0.05122506,0.495117188,0.8515625,0.999023438,0.046875,0.985037929,1.00012254
0.2,5,2,3,5,4,1,1.01937454,0.94877494,-0.05122506,0.561523438,0.827148438,0.998046875,-0.044921875,0.999741521,0.999057325
0.2,5,2,3,6,4,1,1.013595361,-0.05122506,-1.05122506,0.998046875,-0.01953125,0.5234375,-0.877929688,0.998237965,1.022128834
0.2,5,2,3,7,4,1,1.028672963,0.05122506,-0.94877494,0.997070313,0.071289063,0.581054688,-0.825195313,0.999615595,1.009243208
0.2,5,0,1,0,5,1.175663354,1.211432142,1.087831677,-0.087831677,0.4375,0.8828125,0.995117188,-0.100585938,0.985273647,1.000187856
0.2,5,0,1,1,5,1.029236884,1.0306482,1.014618442,-0.014618442,0.525390625,0.849609375,0.999023438,-0.013671875,0.998935132,0.999116985
0.2,5,0,1,2,5,0.970763116,1.005853967,-0.014618442,-0.985381558,1,0.016601563,0.552734375,-0.840820313,1.000137796,1.006227652
0.2,5,0,1,3,5,0.824336646,0.901415363,-0.087831677,-0.912168323,0.99609375,-0.041015625,0.59375,-0.817382813,0.996937832,1.010274084
0.2,5,0,1,4,5,1.175663354,1.180542633,1.087831677,-0.087831677,0.465820313,0.8671875,0.995117188,-0.102539063,0.98437936,1.000386164
0.2,5,0,1,5,5,1.029236884,1.047178795,1.014618442,-0.014618442,0.555664063,0.84765625,0.999023438,-0.056640625,1.013550033,1.000627797
0.2,5,0,1,6,5,0.970763116,0.983286836,-0.014618442,-0.985381558,1,0.005859375,0.564453125,-0.836914063,1.000017166,1.009471386
0.2,5,0,1,7,5,0.824336646,0.837506314,-0.087831677,-0.912168323,0.997070313,-0.064453125,0.614257813,-0.77734375,0.999151347,0.990745157
0.2,5,2,3,0,5,1,0.938395452,1.05122506,0.05122506,0.522460938,0.881835938,0.998046875,0.09765625,1.02498783,1.002813197
0.2,5,2,3,1,5,1,1.037644801,0.94877494,-0.05122506,0.546875,0.815429688,0.999023438,-0.057617188,0.981833917,1.000683551
0.2,5,2,3,2,5,1,0.986936035,-0.05122506,-1.05122506,0.998046875,-0.055664063,0.501953125,-0.860351563,0.999597945,0.996073165
0.2,5,2,3,3,5,1,1.055954606,0.05122506,-0.94877494,0.999023438,0.10546875,0.584960938,-0.819335938,1.004575276,1.006722741
0.2,5,2,3,4,5,1,1.002150111,1.05122506,0.05122506,0.479492188,0.875,0.999023438,0.067382813,0.997766384,1.0012933
0.2,5,2,3,5,5,1,1.04376083,0.94877494,-0.05122506,0.572265625,0.805664063,1,-0.090820313,0.988221902,1.004115695
0.2,5,2,3,6,5,1,0.998760986,-0.05122506,-1.05122506,0.999023438,-0.072265625,0.46875,-0.858398438,1.00163374,0.978046236
0.2,5,2,3,7,5,1,1.006865597,0.05122506,-0.94877494,0.997070313,0.081054688,0.608398438,-0.80859375,1.000359471,1.011915269
0.2,5,0,1,0,6,1.175663354,1.162363822,1.087831677,-0.087831677,0.456054688,0.874023438,0.995117188,-0.072265625,0.985851331,0.99773771
0.2,5,0,1,1,6,1.029236884,1.033932753,1.014618442,-0.014618442,0.524414063,0.850585938,1,-0.015625,0.999252994,1.000122063
0.2,5,0,1,2,6,0.970763116,0.971599675,-0.014618442,-0.985381558,0.999023438,-0.01171875,0.560546875,-0.841796875,0.999092167,1.011352944
0.2,5,0,1,3,6,0.824336646,0.843543444,-0.087831677,-0.912168323,0.998046875,-0.083007813,0.607421875,-0.80859375,1.001492817,1.011328427
0.2,5,0,1,4,6,1.175663354,1.196995061,1.087831677,-0.087831677,0.44140625,0.904296875,0.995117188,-0.080078125,1.006276461,0.998333974
0.2,5,0,1,5,6,1.029236884,1.090992505,1.014618442,-0.014618442,0.509765625,0.836914063,1,-0.067382813,0.979941907,1.002267651
0.2,5,0,1,6,6,0.970763116,1.012591763,-0.014618442,-0.985381558,1,0.021484375,0.53515625,-0.817382813,1.000230763,0.976988677
0.2,5,0,1,7,6,0.824336646,0.789522325,-0.087831677,-0.912168323,0.995117188,-0.095703125,0.65234375,-0.797851563,0.99970861,1.030591812
0.2,5,2,3,0,6,1,1.028965737,1.05122506,0.05122506,0.485351563,0.8828125,0.997070313,0.0390625,1.00743439,0.9978352
0.2,5,2,3,1,6,1,0.999509539,0.94877494,-0.05122506,0.547851563,0.799804688,1,-0.029296875,0.969447715,1.000429061
0.2,5,2,3,2,6,1,1.02833714,-0.05122506,-1.05122506,0.99609375,-0.010742188,0.514648438,-0.875,0.996151672,1.015129555
0.2,5,2,3,3,6,1,0.992776414,0.05122506,-0.94877494,0.998046875,0.059570313,0.594726563,-0.802734375,0.999823078,0.99904062
0.2,5,2,3,4,6,1,1.028866574,1.05122506,0.05122506,0.514648438,0.875976563,1,0.010742188,1.015971433,1.000057696
0.2,5,2,3,5,6,1,0.996898056,0.94877494,-0.05122506,0.58203125,0.798828125,0.997070313,-0.055664063,0.988375814,0.9986229
0.2,5,2,3,6,6,1,0.956408192,-0.05122506,-1.05122506,0.994140625,-0.088867188,0.508789063,-0.877929688,0.998104684,1.0147053
0.2,5,2,3,7,6,1,0.977338067,0.05122506,-0.94877494,0.999023438,0.03125,0.578125,-0.801757813,0.999512077,0.988455414
0.2,5,0,1,0,7,1.175663354,1.199106198,1.087831677,-0.087831677,0.473632813,0.8984375,0.994140625,-0.11328125,1.015636737,1.000573947
0.2,5,0,1,1,7,1.029236884,1.007866676,1.014618442,-0.014618442,0.494140625,0.84765625,1,0.03515625,0.981170768,1.00061779
0.2,5,0,1,2,7,0.970763116,0.994819233,-0.014618442,-0.985381558,1,0.004882813,0.541015625,-0.82421875,1.000011921,0.985918077
0.2,5,0,1,3,7,0.824336646,0.861376716,-0.087831677,-0.912168323,0.99609375,-0.044921875,0.606445313,-0.774414063,0.99710618,0.983612249
0.2,5,0,1,4,7,1.175663354,1.168357078,1.087831677,-0.087831677,0.456054688,0.90234375,0.997070313,-0.065429688,1.011044075,0.999214818
0.2,5,0,1,5,7,1.029236884,1.017536249,1.014618442,-0.014618442,0.524414063,0.860351563,1,0.005859375,1.007578741,1.000017166
0.2,5,0,1,6,7,0.970763116,1.001390815,-0.014618442,-0.985381558,1,0.013671875,0.544921875,-0.826171875,1.000093456,0.989696831
0.2,5,0,1,7,7,0.824336646,0.85326304,-0.087831677,-0.912168323,0.99609375,-0.06640625,0.602539063,-0.791015625,0.998304838,0.994363636
0.2,5,2,3,0,7,1,0.979423133,1.05122506,0.05122506,0.532226563,0.880859375,0.999023438,0.047851563,1.029163909,1.000168786
0.2,5,2,3,1,7,1,1.008347503,0.94877494,-0.05122506,0.5703125,0.822265625,0.999023438,-0.043945313,1.000688316,0.99998951
0.2,5,2,3,2,7,1,1.017735406,-0.05122506,-1.05122506,0.99609375,-0.0390625,0.49609375,-0.87890625,0.996859387,1.009249823
0.2,5,2,3,3,7,1,0.94311688,0.05122506,-0.94877494,0.999023438,-0.00390625,0.583984375,-0.811523438,0.999031074,0.999804001
0.2,5,2,3,4,7,1,0.974586292,1.05122506,0.05122506,0.525390625,0.856445313,0.998046875,0.045898438,1.004755633,0.999101712
0.2,5,2,3,5,7,1,0.939247994,0.94877494,-0.05122506,0.604492188,0.799804688,0.998046875,-0.015625,1.002545931,0.998169177
0.2,5,2,3,6,7,1,1.009608594,-0.05122506,-1.05122506,1,-0.055664063,0.484375,-0.875,1.001548046,1.000122063
0.2,5,2,3,7,7,1,0.990249005,0.05122506,-0.94877494,0.997070313,0.057617188,0.600585938,-0.809570313,0.998733672,1.008021607
0.2,5,0,1,0,8,1.175663354,1.167424657,1.087831677,-0.087831677,0.461914063,0.87109375,0.995117188,-0.083984375,0.985986269,0.998654891
0.2,5,0,1,1,8,1.029236884,1.022477009,1.014618442,-0.014618442,0.524414063,0.864257813,1,0.002929688,1.010916255,1.000004292
0.2,5,0,1,2,8,0.970763116,0.973277266,-0.014618442,-0.985381558,1,-0.001953125,0.5625,-0.830078125,1.000001907,1.002714288
0.2,5,0,1,3,8,0.824336646,0.789936249,-0.087831677,-0.912168323,0.99609375,-0.124023438,0.619140625,-0.802734375,1.003785122,1.01376407
0.2,5,0,1,4,8,1.175663354,1.113625402,1.087831677,-0.087831677,0.521484375,0.884765625,0.995117188,-0.075195313,1.027013225,0.997954183
0.2,5,0,1,5,8,1.029236884,1.047238381,1.014618442,-0.014618442,0.543945313,0.838867188,1,-0.051757813,0.999787308,1.00133854
0.2,5,0,1,6,8,0.970763116,0.985491316,-0.014618442,-0.985381558,0.998046875,0,0.5546875,-0.836914063,0.998046875,1.00404351
0.2,5,0,1,7,8,0.824336646,0.84968815,-0.087831677,-0.912168323,0.993164063,-0.038085938,0.646484375,-0.794921875,0.993894056,1.024618385
0.2,5,2,3,0,8,1,0.920031487,1.05122506,0.05122506,0.51953125,0.865234375,0.999023438,0.110351563,1.009229034,1.005099645
0.2,5,2,3,1,8,1,0.966373595,0.94877494,-0.05122506,0.5859375,0.810546875,0.999023438,-0.021484375,1.000154483,0.999254426
0.2,5,2,3,2,8,1,0.974603621,-0.05122506,-1.05122506,1,-0.055664063,0.517578125,-0.862304688,1.001548046,1.005711932
0.2,5,2,3,3,8,1,0.991491409,0.05122506,-0.94877494,0.999023438,0.057617188,0.599609375,-0.810546875,1.000683551,1.008224994
0.2,5,2,3,4,8,1,1.010642855,1.05122506,0.05122506,0.494140625,0.876953125,0.99609375,0.046875,1.006589162,0.997196081
0.2,5,2,3,5,8,1,0.931747236,0.94877494,-0.05122506,0.616210938,0.807617188,0.998046875,-0.012695313,1.01585503,0.998127615
0.2,5,2,3,6,8,1,1.01486083,-0.05122506,-1.05122506,0.999023438,-0.048828125,0.478515625,-0.861328125,1.000215984,0.985323978
0.2,5,2,3,7,8,1,0.980361572,0.05122506,-0.94877494,0.99609375,0.046875,0.577148438,-0.779296875,0.997196081,0.969744264
0.2,5,0,1,0,9,1.175663354,1.165662594,1.087831677,-0.087831677,0.471679688,0.905273438,0.998046875,-0.075195313,1.020784857,1.000875567
0.2,5,0,1,1,9,1.029236884,1.034568315,1.014618442,-0.014618442,0.528320313,0.852539063,1,-0.018554688,1.002968198,1.000172123
0.2,5,0,1,2,9,0.970763116,1.010672028,-0.014618442,-0.985381558,0.998046875,-0.004882813,0.518554688,-0.8359375,0.998058819,0.983712594
0.2,5,0,1,3,9,0.824336646,0.819305816,-0.087831677,-0.912168323,0.99609375,-0.0859375,0.626953125,-0.798828125,0.999793985,1.015478505
0.2,5,0,1,4,9,1.175663354,1.164628327,1.087831677,-0.087831677,0.46875,0.884765625,0.998046875,-0.081054688,1.001267583,1.001332825
0.2,5,0,1,5,9,1.029236884,1.077615381,1.014618442,-0.014618442,0.521484375,0.841796875,1,-0.061523438,0.990236301,1.001890779
0.2,5,0,1,6,9,0.970763116,0.957875985,-0.014618442,-0.985381558,1,-0.041015625,0.538085938,-0.8359375,1.000840787,0.99414686
0.2,5,0,1,7,9,0.824336646,0.793005686,-0.087831677,-0.912168323,0.993164063,-0.12109375,0.616210938,-0.799804688,1.000519141,1.009655118
0.2,5,2,3,0,9,1,0.955752899,1.05122506,0.05122506,0.524414063,0.876953125,0.999023438,0.076171875,1.021791022,1.001923142
0.2,5,2,3,1,9,1,0.965950019,0.94877494,-0.05122506,0.596679688,0.790039063,0.999023438,-0.041992188,0.99004463,0.999905582
0.2,5,2,3,2,9,1,0.990972702,-0.05122506,-1.05122506,0.998046875,-0.068359375,0.4921875,-0.876953125,1.00038521,1.005631801
0.2,5,2,3,3,9,1,1.001370553,0.05122506,-0.94877494,0.998046875,0.045898438,0.565429688,-0.799804688,0.999101712,0.97948878
0.2,5,2,3,4,9,1,0.951555412,1.05122506,0.05122506,0.544921875,0.879882813,0.994140625,0.064453125,1.034955851,0.996227779
0.2,5,2,3,5,9,1,0.973693185,0.94877494,-0.05122506,0.58984375,0.787109375,0.997070313,-0.045898438,0.983593828,0.998126182
0.2,5,2,3,6,9,1,0.978189586,-0.05122506,-1.05122506,0.998046875,-0.0859375,0.477539063,-0.860351563,1.001739896,0.983996122
0.2,5,2,3,7,9,1,1.003183698,0.05122506,-0.94877494,0.999023438,0.057617188,0.587890625,-0.814453125,1.000683551,1.004464673
0.2,5,0,1,0,10,1.175663354,1.182898514,1.087831677,-0.087831677,0.471679688,0.86328125,0.997070313,-0.112304688,0.983735861,1.00337508
0.2,5,0,1,1,10,1.029236884,1.068595579,1.014618442,-0.014618442,0.499023438,0.875976563,1,-0.015625,1.008146482,1.000122063
0.2,5,0,1,2,10,0.970763116,0.99045714,-0.014618442,-0.985381558,1,0.006835938,0.543945313,-0.817382813,1.000023365,0.981830518
0.2,5,0,1,3,10,0.824336646,0.859907232,-0.087831677,-0.912168323,0.997070313,-0.09375,0.5703125,-0.803710938,1.001468058,0.985498665
0.2,5,0,1,4,10,1.175663354,1.182739023,1.087831677,-0.087831677,0.443359375,0.891601563,0.99609375,-0.073242188,0.995751416,0.998782848
0.2,5,0,1,5,10,1.029236884,1.00942181,1.014618442,-0.014618442,0.536132813,0.852539063,1,0,1.00710538,1
0.2,5,0,1,6,10,0.970763116,0.961796408,-0.014618442,-0.985381558,0.998046875,-0.02734375,0.55859375,-0.849609375,0.998421377,1.016790572
0.2,5,0,1,7,10,0.824336646,0.81351264,-0.087831677,-0.912168323,0.995117188,-0.109375,0.6015625,-0.794921875,1.001109938,0.99688426
0.2,5,2,3,0,10,1,0.982209449,1.05122506,0.05122506,0.513671875,0.880859375,0.997070313,0.060546875,1.019692127,0.998906969
0.2,5,2,3,1,10,1,1.068896384,0.94877494,-0.05122506,0.571289063,0.810546875,0.998046875,-0.112304688,0.991643802,1.004345512
0.2,5,2,3,2,10,1,0.996201981,-0.05122506,-1.05122506,0.99609375,-0.056640625,0.487304688,-0.85546875,0.997702821,0.984526607
0.2,5,2,3,3,10,1,1.022322546,0.05122506,-0.94877494,0.999023438,0.08203125,0.606445313,-0.831054688,1.002385632,1.028799208
0.2,5,2,3,4,10,1,0.981347054,1.05122506,0.05122506,0.533203125,0.861328125,1,0.03515625,1.01301121,1.00061779
0.2,5,2,3,5,10,1,0.992005154,0.94877494,-0.05122506,0.580078125,0.814453125,0.998046875,-0.040039063,0.999912258,0.998849684
0.2,5,2,3,6,10,1,0.997078958,-0.05122506,-1.05122506,0.999023438,-0.056640625,0.493164063,-0.8671875,1.000627797,0.997609619
0.2,5,2,3,7,10,1,1.010725265,0.05122506,-0.94877494,1,0.059570313,0.583007813,-0.817382813,1.00177274,1.003998392
0.2,5,0,1,0,11,1.175663354,1.196959155,1.087831677,-0.087831677,0.450195313,0.876953125,0.998046875,-0.100585938,0.985759911,1.003102734
0.2,5,0,1,1,11,1.029236884,0.986683891,1.014618442,-0.014618442,0.565429688,0.825195313,0.999023438,-0.016601563,1.000328964,0.999161369
0.2,5,0,1,2,11,0.970763116,0.988405268,-0.014618442,-0.985381558,1,0.029296875,0.578125,-0.82421875,1.000429061,1.006759685
0.2,5,0,1,3,11,0.824336646,0.872299031,-0.087831677,-0.912168323,0.995117188,-0.030273438,0.610351563,-0.7734375,0.99557757,0.985258644
0.2,5,0,1,4,11,1.175663354,1.188519021,1.087831677,-0.087831677,0.447265625,0.879882813,0.99609375,-0.087890625,0.98703612,0.99996376
0.2,5,0,1,5,11,1.029236884,1.008566544,1.014618442,-0.014618442,0.509765625,0.860351563,1,0.02734375,1.000032901,1.00037377
0.2,5,0,1,6,11,0.970763116,0.952107981,-0.014618442,-0.985381558,0.999023438,-0.015625,0.561523438,-0.815429688,0.99914562,0.990067748
0.2,5,0,1,7,11,0.824336646,0.791015624,-0.087831677,-0.912168323,0.993164063,-0.077148438,0.633789063,-0.749023438,0.99615598,0.981185347
0.2,5,2,3,0,11,1,1.018277475,1.05122506,0.05122506,0.482421875,0.853515625,1,0.038085938,0.98041817,1.000725007
0.2,5,2,3,1,11,1,0.982314877,0.94877494,-0.05122506,0.555664063,0.790039063,0.997070313,-0.024414063,0.96588005,0.997369167
0.2,5,2,3,2,11,1,0.975707787,-0.05122506,-1.05122506,0.999023438,-0.05859375,0.502929688,-0.845703125,1.000740254,0.983947177
0.2,5,2,3,3,11,1,1.001350847,0.05122506,-0.94877494,0.997070313,0.036132813,0.567382813,-0.819335938,0.997724806,0.996611576
0.2,5,2,3,4,11,1,0.980310803,1.05122506,0.05122506,0.487304688,0.866210938,0.999023438,0.078125,0.993874865,1.002073522
0.2,5,2,3,5,11,1,0.991446974,0.94877494,-0.05122506,0.565429688,0.809570313,0.998046875,-0.030273438,0.987479024,0.998505907
0.2,5,2,3,6,11,1,0.966887512,-0.05122506,-1.05122506,0.999023438,-0.069335938,0.514648438,-0.869140625,1.001426633,1.010083383
0.2,5,2,3,7,11,1,1.006416206,0.05122506,-0.94877494,0.99609375,0.043945313,0.567382813,-0.814453125,0.997062661,0.992601203
0.2,5,0,1,0,12,1.175663354,1.120811666,1.087831677,-0.087831677,0.499023438,0.875,0.999023438,-0.068359375,1.007298065,1.001359492
0.2,5,0,1,1,12,1.029236884,1.041456698,1.014618442,-0.014618442,0.513671875,0.841796875,1,-0.018554688,0.986144398,1.000172123
0.2,5,0,1,2,12,0.970763116,1.011480431,-0.014618442,-0.985381558,1,0.008789063,0.52734375,-0.826171875,1.000038623,0.980128256
0.2,5,0,1,3,12,0.824336646,0.764355451,-0.087831677,-0.912168323,0.993164063,-0.114257813,0.646484375,-0.780273438,0.999714811,1.013295951
0.2,5,0,1,4,12,1.175663354,1.13674348,1.087831677,-0.087831677,0.491210938,0.87109375,0.994140625,-0.079101563,1.000046252,0.997282628
0.2,5,0,1,5,12,1.029236884,1.01155657,1.014618442,-0.014618442,0.543945313,0.8671875,0.999023438,-0.000976563,1.023665308,0.999023915
0.2,5,0,1,6,12,0.970763116,0.96308996,-0.014618442,-0.985381558,1,0.013671875,0.5859375,-0.818359375,1.000093456,1.006496309
0.2,5,0,1,7,12,0.824336646,0.859182952,-0.087831677,-0.912168323,0.99609375,-0.06640625,0.608398438,-0.80859375,0.998304838,1.011915269
0.2,5,2,3,0,12,1,0.973992362,1.05122506,0.05122506,0.5078125,0.872070313,0.99609375,0.069335938,1.009148237,0.998503996
0.2,5,2,3,1,12,1,1.001395472,0.94877494,-0.05122506,0.60546875,0.815429688,0.999023438,-0.069335938,1.015636737,1.001426633
0.2,5,2,3,2,12,1,1.007133929,-0.05122506,-1.05122506,0.999023438,-0.067382813,0.477539063,-0.881835938,1.0012933,1.00283507
0.2,5,2,3,3,12,1,0.956651915,0.05122506,-0.94877494,0.998046875,0.026367188,0.594726563,-0.797851563,0.998395109,0.9951215
0.2,5,2,3,4,12,1,1.001217423,1.05122506,0.05122506,0.4921875,0.875976563,0.998046875,0.057617188,1.004780311,0.99970861
0.2,5,2,3,5,12,1,0.993868555,0.94877494,-0.05122506,0.579101563,0.790039063,1,-0.055664063,0.979551091,1.001548046
0.2,5,2,3,6,12,1,1.034948457,-0.05122506,-1.05122506,0.998046875,-0.036132813,0.4765625,-0.873046875,0.998700728,0.994647004
0.2,5,2,3,7,12,1,1.006989838,0.05122506,-0.94877494,1,0.045898438,0.565429688,-0.809570313,1.001052779,0.987479024
0.2,5,0,1,0,13,1.175663354,1.236738701,1.087831677,-0.087831677,0.430664063,0.891601563,0.998046875,-0.116210938,0.990164068,1.004789802
0.2,5,0,1,1,13,1.029236884,1.09218927,1.014618442,-0.014618442,0.498046875,0.84375,1,-0.0546875,0.97977791,1.001494245
0.2,5,0,1,2,13,0.970763116,0.9948288,-0.014618442,-0.985381558,1,-0.015625,0.536132813,-0.854492188,1.000122063,1.008759283
0.2,5,0,1,3,13,0.824336646,0.799082545,-0.087831677,-0.912168323,0.999023438,-0.112304688,0.618164063,-0.796875,1.005315956,1.00853189
0.2,5,0,1,4,13,1.175663354,1.164019262,1.087831677,-0.087831677,0.470703125,0.860351563,0.99609375,-0.09375,0.980696815,1.000495788
0.2,5,0,1,5,13,1.029236884,0.992020629,1.014618442,-0.014618442,0.498046875,0.836914063,1,0.041992188,0.973897242,1.000881284
0.2,5,0,1,6,13,0.970763116,0.937433104,-0.014618442,-0.985381558,1,-0.025390625,0.565429688,-0.8125,1.00032229,0.989882307
0.2,5,0,1,7,13,0.824336646,0.836623358,-0.087831677,-0.912168323,0.998046875,-0.072265625,0.620117188,-0.795898438,1.000659725,1.008959687
0.2,5,2,3,0,13,1,1.06449008,1.05122506,0.05122506,0.44140625,0.862304688,1,0.033203125,0.968715052,1.000551072
0.2,5,2,3,1,13,1,0.976134768,0.94877494,-0.05122506,0.587890625,0.806640625,1,-0.03515625,0.998140514,1.00061779
0.2,5,2,3,2,13,1,0.988291699,-0.05122506,-1.05122506,0.997070313,-0.06640625,0.494140625,-0.87109375,0.999279239,1.001488531
0.2,5,2,3,3,13,1,1.003509238,0.05122506,-0.94877494,0.998046875,0.072265625,0.592773438,-0.796875,1.000659725,0.993171744
0.2,5,2,3,4,13,1,0.983598755,1.05122506,0.05122506,0.510742188,0.90234375,1,0.072265625,1.036861527,1.00260776
0.2,5,2,3,5,13,1,0.974374607,0.94877494,-0.05122506,0.567382813,0.794921875,0.998046875,-0.0234375,0.976639157,0.998322033
0.2,5,2,3,6,13,1,0.953960708,-0.05122506,-1.05122506,0.998046875,-0.073242188,0.520507813,-0.861328125,1.000730724,1.006386865
0.2,5,2,3,7,13,1,0.977004919,0.05122506,-0.94877494,0.998046875,0.03125,0.58984375,-0.817382813,0.998535992,1.007983289
0.2,5,0,1,0,14,1.175663354,1.129069859,1.087831677,-0.087831677,0.438476563,0.888671875,0.998046875,-0.016601563,0.990958827,0.998184941
0.2,5,0,1,1,14,1.029236884,1.049482335,1.014618442,-0.014618442,0.515625,0.827148438,1,-0.036132813,0.974701841,1.000652577
0.2,5,0,1,2,14,0.970763116,0.94999101,-0.014618442,-0.985381558,0.998046875,-0.0078125,0.592773438,-0.842773438,0.998077452,1.030362759
0.2,5,0,1,3,14,0.824336646,0.796312174,-0.087831677,-0.912168323,0.997070313,-0.092773438,0.634765625,-0.782226563,1.001377111,1.007375696
0.2,5,0,1,4,14,1.175663354,1.151436884,1.087831677,-0.087831677,0.477539063,0.884765625,0.993164063,-0.075195313,1.005412238,0.996006621
0.2,5,0,1,5,14,1.029236884,1.003854027,1.014618442,-0.014618442,0.540039063,0.842773438,1,-0.002929688,1.000954173,1.000004292
0.2,5,0,1,6,14,0.970763116,0.966320742,-0.014618442,-0.985381558,0.999023438,-0.0234375,0.532226563,-0.810546875,0.999298326,0.969665587
0.2,5,0,1,7,14,0.824336646,0.814039326,-0.087831677,-0.912168323,0.997070313,-0.081054688,0.634765625,-0.791992188,1.000359471,1.014977351
0.2,5,2,3,0,14,1,0.985975267,1.05122506,0.05122506,0.481445313,0.861328125,0.999023438,0.075195313,0.986750084,1.001849372
0.2,5,2,3,1,14,1,0.9904242,0.94877494,-0.05122506,0.603515625,0.822265625,0.998046875,-0.052734375,1.019976405,0.999439082
0.2,5,2,3,2,14,1,1.018709899,-0.05122506,-1.05122506,1,-0.032226563,0.498046875,-0.870117188,1.000519141,1.002573992
0.2,5,2,3,3,14,1,0.995300005,0.05122506,-0.94877494,0.99609375,0.053710938,0.59375,-0.815429688,0.997540788,1.008694522
0.2,5,2,3,4,14,1,0.994651603,1.05122506,0.05122506,0.482421875,0.869140625,0.997070313,0.069335938,0.994050447,0.999478204
0.2,5,2,3,5,14,1,1.019877112,0.94877494,-0.05122506,0.588867188,0.79296875,0.998046875,-0.087890625,0.987706436,1.001909341
0.2,5,2,3,6,14,1,0.958370047,-0.05122506,-1.05122506,0.999023438,-0.04296875,0.55078125,-0.860351563,0.99994707,1.021550193
0.2,5,2,3,7,14,1,1.045411999,0.05122506,-0.94877494,0.99609375,0.069335938,0.551757813,-0.815429688,0.998503996,0.984561963
0.2,5,0,1,0,15,1.175663354,1.178788257,1.087831677,-0.087831677,0.463867188,0.888671875,0.995117188,-0.088867188,1.002452228,0.999077371
0.2,5,0,1,1,15,1.029236884,1.048525519,1.014618442,-0.014618442,0.509765625,0.83203125,0.997070313,-0.02734375,0.975775073,0.997445181
0.2,5,0,1,2,15,0.970763116,0.920782009,-0.014618442,-0.985381558,1,-0.055664063,0.568359375,-0.840820313,1.001548046,1.014894663
0.2,5,0,1,3,15,0.824336646,0.826291053,-0.087831677,-0.912168323,0.997070313,-0.072265625,0.624023438,-0.784179688,0.999685715,1.002169164
0.2,5,0,1,4,15,1.175663354,1.190598003,1.087831677,-0.087831677,0.4296875,0.879882813,1,-0.07421875,0.979196156,1.002750429
0.2,5,0,1,5,15,1.029236884,1.035326614,1.014618442,-0.014618442,0.55078125,0.841796875,1,-0.043945313,1.005973143,1.00096513
0.2,5,0,1,6,15,0.970763116,0.957470856,-0.014618442,-0.985381558,0.999023438,-0.03125,0.55078125,-0.836914063,0.999512077,1.001890779
0.2,5,0,1,7,15,0.824336646,0.820714704,-0.087831677,-0.912168323,0.994140625,-0.0703125,0.627929688,-0.77734375,0.996624016,0.999279239
0.2,5,2,3,0,15,1,1.066162616,1.05122506,0.05122506,0.463867188,0.877929688,1,0.018554688,0.992941742,1.000172123
0.2,5,2,3,1,15,1,1.0031932,0.94877494,-0.05122506,0.561523438,0.8125,0.999023438,-0.037109375,0.987656226,0.999712426
0.2,5,2,3,2,15,1,0.955148606,-0.05122506,-1.05122506,1,-0.081054688,0.513671875,-0.8671875,1.003279553,1.007905231
0.2,5,2,3,3,15,1,1.013671896,0.05122506,-0.94877494,0.99609375,0.057617188,0.563476563,-0.797851563,0.997758738,0.97676658
0.2,5,2,3,4,15,1,0.965055929,1.05122506,0.05122506,0.498046875,0.856445313,0.999023438,0.079101563,0.990731681,1.002150131
0.2,5,2,3,5,15,1,0.940792303,0.94877494,-0.05122506,0.595703125,0.803710938,0.997070313,-0.0078125,1.000406659,0.997100919
0.2,5,2,3,6,15,1,1.003998422,-0.05122506,-1.05122506,0.998046875,-0.053710938,0.486328125,-0.86328125,0.999491085,0.990842854
0.2,5,2,3,7,15,1,1.011148688,0.05122506,-0.94877494,0.999023438,0.05859375,0.586914063,-0.825195313,1.000740254,1.012627977
0.2,5,0,1,0,16,1.175663354,1.153993071,1.087831677,-0.087831677,0.516601563,0.879882813,0.997070313,-0.114257813,1.020328838,1.003595564
0.2,5,0,1,1,16,1.029236884,1.012105201,1.014618442,-0.014618442,0.534179688,0.83984375,1,-0.0078125,0.995331836,1.000030517
0.2,5,0,1,2,16,0.970763116,0.976823114,-0.014618442,-0.985381558,1,-0.022460938,0.533203125,-0.829101563,1.000252215,0.985756042
0.2,5,0,1,3,16,0.824336646,0.84434507,-0.087831677,-0.912168323,0.995117188,-0.076171875,0.61328125,-0.806640625,0.998028242,1.01330301
0.2,5,0,1,4,16,1.175663354,1.199325341,1.087831677,-0.087831677,0.430664063,0.90234375,0.990234375,-0.073242188,0.999847877,0.992939341
0.2,5,0,1,5,16,1.029236884,1.062409538,1.014618442,-0.014618442,0.509765625,0.841796875,1,-0.036132813,0.984115324,1.000652577
0.2,5,0,1,6,16,0.970763116,0.969770373,-0.014618442,-0.985381558,1,-0.004882813,0.579101563,-0.853515625,1.000011921,1.031429853
0.2,5,0,1,7,16,0.824336646,0.83171682,-0.087831677,-0.912168323,0.997070313,-0.086914063,0.618164063,-0.809570313,1.000851269,1.018592607
0.2,5,2,3,0,16,1,1.011050655,1.05122506,0.05122506,0.506835938,0.862304688,0.998046875,0.028320313,1.000225995,0.998448599
0.2,5,2,3,1,16,1,1.038622923,0.94877494,-0.05122506,0.55859375,0.810546875,0.999023438,-0.071289063,0.984384688,1.001563757
0.2,5,2,3,2,16,1,0.979363696,-0.05122506,-1.05122506,0.999023438,-0.078125,0.49609375,-0.879882813,1.002073522,1.010100377
0.2,5,2,3,3,16,1,0.938248927,0.05122506,-0.94877494,0.999023438,-0.01171875,0.581054688,-0.8125,0.999092167,0.998889784
0.2,5,2,3,4,16,1,0.960227582,1.05122506,0.05122506,0.509765625,0.861328125,0.998046875,0.076171875,1.000873184,1.000949409
0.2,5,2,3,5,16,1,1.016105985,0.94877494,-0.05122506,0.572265625,0.811523438,1,-0.059570313,0.99300465,1.00177274
0.2,5,2,3,6,16,1,1.02422701,-0.05122506,-1.05122506,0.998046875,-0.063476563,0.459960938,-0.876953125,1.000063417,0.99025797
0.2,5,2,3,7,16,1,1.028413337,0.05122506,-0.94877494,0.998046875,0.079101563,0.59375,-0.829101563,1.001176619,1.019778635
0.2,5,0,1,0,17,1.175663354,1.168794601,1.087831677,-0.087831677,0.46875,0.880859375,0.99609375,-0.086914063,0.997817519,0.999878399
0.2,5,0,1,1,17,1.029236884,1.024142473,1.014618442,-0.014618442,0.546875,0.845703125,0.999023438,-0.02734375,1.00711769,0.999397573
0.2,5,0,1,2,17,0.970763116,0.985041265,-0.014618442,-0.985381558,1,-0.006835938,0.5546875,-0.848632813,1.000023365,1.013832271
0.2,5,0,1,3,17,0.824336646,0.819064815,-0.087831677,-0.912168323,0.997070313,-0.087890625,0.610351563,-0.780273438,1.000936546,0.990633972
0.2,5,0,1,4,17,1.175663354,1.151638897,1.087831677,-0.087831677,0.475585938,0.89453125,0.99609375,-0.069335938,1.013098288,0.998503996
0.2,5,0,1,5,17,1.029236884,1.050265836,1.014618442,-0.014618442,0.514648438,0.860351563,1,-0.018554688,1.00253071,1.000172123
0.2,5,0,1,6,17,0.970763116,0.943705906,-0.014618442,-0.985381558,1,-0.049804688,0.540039063,-0.829101563,1.001239485,0.989470358
0.2,5,0,1,7,17,0.824336646,0.769762226,-0.087831677,-0.912168323,0.994140625,-0.129882813,0.62890625,-0.791992188,1.002589212,1.01132324
0.2,5,2,3,0,17,1,0.968649765,1.05122506,0.05122506,0.5234375,0.862304688,1,0.056640625,1.008739902,1.001602796
0.2,5,2,3,1,17,1,0.963448249,0.94877494,-0.05122506,0.59765625,0.801757813,0.999023438,-0.033203125,1.000004292,0.999575048
0.2,5,2,3,2,17,1,1.001878872,-0.05122506,-1.05122506,0.997070313,-0.067382813,0.483398438,-0.881835938,0.999344611,1.005638439
0.2,5,2,3,3,17,1,1.019687769,0.05122506,-0.94877494,0.998046875,0.0546875,0.579101563,-0.8359375,0.99954404,1.01693172
0.2,5,2,3,4,17,1,1.014339752,1.05122506,0.05122506,0.459960938,0.858398438,0.997070313,0.064453125,0.973864437,0.999151347
0.2,5,2,3,5,17,1,1.038032721,0.94877494,-0.05122506,0.572265625,0.817382813,0.999023438,-0.078125,0.997798881,1.002073522
0.2,5,2,3,6,17,1,1.02241404,-0.05122506,-1.05122506,0.99609375,-0.04296875,0.477539063,-0.86328125,0.997020096,0.986558702
0.2,5,2,3,7,17,1,1.02851066,0.05122506,-0.94877494,1,0.1015625,0.609375,-0.8125,1.005144239,1.015625
0.2,5,0,1,0,18,1.175663354,1.156041511,1.087831677,-0.087831677,0.497070313,0.899414063,0.994140625,-0.08984375,1.027630552,0.998192107
0.2,5,0,1,1,18,1.029236884,1.070612194,1.014618442,-0.014618442,0.484375,0.840820313,1,-0.022460938,0.970359695,1.000252215
0.2,5,0,1,2,18,0.970763116,0.951788063,-0.014618442,-0.985381558,0.999023438,-0.03125,0.567382813,-0.8515625,0.999512077,1.023270222
0.2,5,0,1,3,18,0.824336646,0.812544897,-0.087831677,-0.912168323,0.997070313,-0.077148438,0.625976563,-0.772460938,1.000050543,0.994254775
0.2,5,0,1,4,18,1.175663354,1.199923737,1.087831677,-0.087831677,0.443359375,0.879882813,0.995117188,-0.095703125,0.985272195,0.99970861
0.2,5,0,1,5,18,1.029236884,1.031113847,1.014618442,-0.014618442,0.516601563,0.841796875,1,-0.010742188,0.987673607,1.000057696
0.2,5,0,1,6,18,0.970763116,0.935035007,-0.014618442,-0.985381558,1,-0.02734375,0.576171875,-0.827148438,1.00037377,1.008041947
0.2,5,0,1,7,18,0.824336646,0.821488472,-0.087831677,-0.912168323,0.99609375,-0.087890625,0.61328125,-0.788085938,0.99996376,0.998595682
0.2,5,2,3,0,18,1,1.000309386,1.05122506,0.05122506,0.529296875,0.87109375,0.997070313,0.024414063,1.01929363,0.997369167
0.2,5,2,3,1,18,1,1.077278091,0.94877494,-0.05122506,0.556640625,0.826171875,0.999023438,-0.099609375,0.996197145,1.00397702
0.2,5,2,3,2,18,1,0.971831805,-0.05122506,-1.05122506,0.998046875,-0.071289063,0.508789063,-0.873046875,1.000589674,1.010483625
0.2,5,2,3,3,18,1,1.018163967,0.05122506,-0.94877494,0.999023438,0.0703125,0.575195313,-0.80078125,1.001494721,0.985951448
0.2,5,2,3,4,18,1,0.998244775,1.05122506,0.05122506,0.482421875,0.852539063,0.999023438,0.057617188,0.979568129,1.000683551
0.2,5,2,3,5,18,1,0.955367331,0.94877494,-0.05122506,0.60546875,0.825195313,1,-0.017578125,1.023493874,1.000154483
0.2,5,2,3,6,18,1,1.03544663,-0.05122506,-1.05122506,0.998046875,-0.025390625,0.493164063,-0.881835938,0.998369795,1.010368949
0.2,5,2,3,7,18,1,0.988854331,0.05122506,-0.94877494,0.995117188,0.046875,0.586914063,-0.806640625,0.996220599,0.997565644
0.2,5,0,1,0,19,1.175663354,1.158489881,1.087831677,-0.087831677,0.484375,0.890625,0.999023438,-0.0859375,1.013820512,1.002712861
0.2,5,0,1,1,19,1.029236884,0.996997805,1.014618442,-0.014618442,0.53515625,0.836914063,1,0.004882813,0.993386813,1.000011921
0.2,5,0,1,2,19,0.970763116,0.939223111,-0.014618442,-0.985381558,0.999023438,-0.046875,0.541015625,-0.817382813,1.00012254,0.980210472
0.2,5,0,1,3,19,0.824336646,0.853497628,-0.087831677,-0.912168323,0.995117188,-0.0703125,0.614257813,-0.813476563,0.997598148,1.019341345
0.2,5,0,1,4,19,1.175663354,1.189104516,1.087831677,-0.087831677,0.475585938,0.881835938,0.999023438,-0.11328125,1.001906485,1.005425517
0.2,5,0,1,5,19,1.029236884,1.020244805,1.014618442,-0.014618442,0.512695313,0.838867188,0.999023438,0.001953125,0.983135109,0.999025347
0.2,5,0,1,6,19,0.970763116,0.979519282,-0.014618442,-0.985381558,1,-0.01953125,0.541015625,-0.840820313,1.000190717,0.999838339
0.2,5,0,1,7,19,0.824336646,0.863780146,-0.087831677,-0.912168323,0.998046875,-0.060546875,0.603515625,-0.799804688,0.999881737,1.001957408
0.2,5,2,3,0,19,1,1.030012936,1.05122506,0.05122506,0.487304688,0.866210938,0.999023438,0.028320313,0.993874865,0.999424769
0.2,5,2,3,1,19,1,0.974075801,0.94877494,-0.05122506,0.572265625,0.81640625,1,-0.014648438,0.996999052,1.000107283
0.2,5,2,3,2,19,1,1.008729228,-0.05122506,-1.05122506,1,-0.021484375,0.517578125,-0.862304688,1.000230763,1.005711932
0.2,5,2,3,3,19,1,0.969461918,0.05122506,-0.94877494,0.998046875,0.02734375,0.590820313,-0.8125,0.998421377,1.004601857
0.2,5,2,3,4,19,1,0.974943224,1.05122506,0.05122506,0.495117188,0.8671875,0.999023438,0.077148438,0.998576582,1.001997859
0.2,5,2,3,5,19,1,1.015454213,0.94877494,-0.05122506,0.569335938,0.814453125,0.998046875,-0.0546875,0.993718925,0.99954404
0.2,5,2,3,6,19,1,1.015083336,-0.05122506,-1.05122506,0.999023438,-0.047851563,0.490234375,-0.880859375,1.000168786,1.008088776
0.2,5,2,3,7,19,1,1.003138358,0.05122506,-0.94877494,0.99609375,0.05859375,0.583007813,-0.805664063,0.997815607,0.994481116
0.2,6,0,1,0,0,1.175663354,1.127901703,1.087831677,-0.087831677,0.467773438,0.87109375,0.997070313,-0.049804688,0.988744815,0.998313435
0.2,6,0,1,1,0,1.029236884,1.078578565,1.014618442,-0.014618442,0.518554688,0.857421875,1,-0.051757813,1.00203355,1.00133854
0.2,6,0,1,2,0,0.970763116,0.916447428,-0.014618442,-0.985381558,1,-0.057617188,0.571289063,-0.840820313,1.001658495,1.016538239
0.2,6,0,1,3,0,0.824336646,0.869065114,-0.087831677,-0.912168323,0.99609375,-0.090820313,0.572265625,-0.817382813,1.000225519,0.997798881
0.2,6,0,1,4,0,1.175663354,1.166976405,1.087831677,-0.087831677,0.47265625,0.865234375,0.9921875,-0.095703125,0.985918077,0.996792417
0.2,6,0,1,5,0,1.029236884,1.07342175,1.014618442,-0.014618442,0.509765625,0.85546875,1,-0.040039063,0.995835215,1.000801242
0.2,6,0,1,6,0,0.970763116,0.968892193,-0.014618442,-0.985381558,1,-0.0546875,0.508789063,-0.834960938,1.001494245,0.97776586
0.2,6,0,1,7,0,0.824336646,0.78652295,-0.087831677,-0.912168323,0.99609375,-0.12890625,0.611328125,-0.794921875,1.00440011,1.002807491
0.2,6,0,1,8,0,1.175663354,1.182738646,1.087831677,-0.087831677,0.458007813,0.8984375,0.993164063,-0.083007813,1.008444891,0.996626887
0.2,6,0,1,9,0,1.029236884,1.05947975,1.014618442,-0.014618442,0.522460938,0.849609375,1,-0.040039063,0.997397374,1.000801242
0.2,6,0,1,10,0,0.970763116,0.960631512,-0.014618442,-0.985381558,1,-0.005859375,0.56640625,-0.8203125,1.000017166,0.996859387
0.2,6,0,1,11,0,0.824336646,0.802989158,-0.087831677,-0.912168323,0.994140625,-0.104492188,0.620117188,-0.793945313,0.999617026,1.007419717
0.2,6,0,1,12,0,1.175663354,1.206751237,1.087831677,-0.087831677,0.458984375,0.861328125,0.998046875,-0.125976563,0.975988112,1.005966033
0.2,6,0,1,13,0,1.029236884,1.025310145,1.014618442,-0.014618442,0.548828125,0.856445313,1,-0.024414063,1.017207395,1.000297979
0.2,6,0,1,14,0,0.970763116,0.988215936,-0.014618442,-0.985381558,1,0.000976563,0.537109375,-0.813476563,1.000000477,0.974797722
0.2,6,0,1,15,0,0.824336646,0.774323961,-0.087831677,-0.912168323,0.9921875,-0.125976563,0.623046875,-0.786132813,1.000153053,1.003091326
0.2,6,2,3,0,0,1,1.026590885,1.05122506,0.05122506,0.483398438,0.868164063,0.999023438,0.036132813,0.993671419,0.999676652
0.2,6,2,3,1,0,1,0.994897973,0.94877494,-0.05122506,0.5703125,0.8125,1,-0.036132813,0.992679504,1.000652577
0.2,6,2,3,2,0,1,0.960994343,-0.05122506,-1.05122506,0.999023438,-0.094726563,0.4921875,-0.869140625,1.003504335,0.998826292
0.2,6,2,3,3,0,1,0.99045828,0.05122506,-0.94877494,0.999023438,0.057617188,0.607421875,-0.819335938,1.000683551,1.019937602
0.2,6,2,3,4,0,1,0.99005826,1.05122506,0.05122506,0.510742188,0.852539063,1,0.041015625,0.993821128,1.000840787
0.2,6,2,3,5,0,1,1.029428183,0.94877494,-0.05122506,0.561523438,0.810546875,0.998046875,-0.064453125,0.986050104,1.000125877
0.2,6,2,3,6,0,1,0.995046802,-0.05122506,-1.05122506,0.998046875,-0.0703125,0.491210938,-0.887695313,1.000520571,1.014539873
0.2,6,2,3,7,0,1,1.006050002,0.05122506,-0.94877494,0.997070313,0.0625,0.58203125,-0.802734375,0.999027256,0.991535603
0.2,6,2,3,8,0,1,1.013507426,1.05122506,0.05122506,0.49609375,0.858398438,0.998046875,0.033203125,0.991441822,0.998599025
0.2,6,2,3,9,0,1,0.985337904,0.94877494,-0.05122506,0.578125,0.815429688,0.999023438,-0.03125,0.999576956,0.999512077
0.2,6,2,3,10,0,1,0.994268058,-0.05122506,-1.05122506,0.99609375,-0.0625,0.49609375,-0.87890625,0.998052608,1.009249823
0.2,6,2,3,11,0,1,0.991301576,0.05122506,-0.94877494,0.997070313,0.052734375,0.599609375,-0.818359375,0.998463881,1.014516372
0.2,6,2,3,12,0,1,0.987532555,1.05122506,0.05122506,0.5234375,0.869140625,0.995117188,0.041015625,1.014589692,0.995962097
0.2,6,2,3,13,0,1,0.949739679,0.94877494,-0.05122506,0.607421875,0.811523438,1,-0.021484375,1.013672345,1.000230763
0.2,6,2,3,14,0,1,0.98876049,-0.05122506,-1.05122506,0.998046875,-0.03515625,0.516601563,-0.848632813,0.998665873,0.993506329
0.2,6,2,3,15,0,1,1.011562766,0.05122506,-0.94877494,0.998046875,0.051757813,0.573242188,-0.818359375,0.999388031,0.999158982
0.2,6,0,1,0,1,1.175663354,1.200132716,1.087831677,-0.087831677,0.458984375,0.893554688,0.993164063,-0.103515625,1.004542999,0.99854411
0.2,6,0,1,1,1,1.029236884,1.043888394,1.014618442,-0.014618442,0.52734375,0.840820313,0.998046875,-0.033203125,0.992507042,0.998599025
0.2,6,0,1,2,1,0.970763116,0.968113289,-0.014618442,-0.985381558,1,-0.022460938,0.553710938,-0.844726563,1.000252215,1.010029093
0.2,6,0,1,3,1,0.824336646,0.818692272,-0.087831677,-0.912168323,0.9921875,-0.067382813,0.635742188,-0.779296875,0.994472965,1.005719518
0.2,6,0,1,4,1,1.175663354,1.163406666,1.087831677,-0.087831677,0.463867188,0.884765625,0.994140625,-0.075195313,0.99899098,0.9969804
0.2,6,0,1,5,1,1.029236884,1.018123592,1.014618442,-0.014618442,0.551757813,0.834960938,0.999023438,-0.03125,1.000797907,0.999512077
0.2,6,0,1,6,1,0.970763116,0.97759634,-0.014618442,-0.985381558,1,-0.006835938,0.548828125,-0.826171875,1.000023365,0.991852952
0.2,6,0,1,7,1,0.824336646,0.851884359,-0.087831677,-0.912168323,0.997070313,-0.084960938,0.590820313,-0.803710938,1.000683551,0.997506848
0.2,6,0,1,8,1,1.175663354,1.128147804,1.087831677,-0.087831677,0.484375,0.891601563,0.993164063,-0.0546875,1.014678514,0.994668577
0.2,6,0,1,9,1,1.029236884,1.024420344,1.014618442,-0.014618442,0.520507813,0.844726563,1,-0.005859375,0.992215374,1.000017166
0.2,6,0,1,10,1,0.970763116,1.006061381,-0.014618442,-0.985381558,1,0.013671875,0.540039063,-0.827148438,1.000093456,0.987834362
0.2,6,0,1,11,1,0.824336646,0.818720092,-0.087831677,-0.912168323,0.994140625,-0.104492188,0.581054688,-0.768554688,0.999617026,0.963483709
0.2,6,0,1,12,1,1.175663354,1.164637967,1.087831677,-0.087831677,0.471679688,0.881835938,0.997070313,-0.084960938,1.000058172,1.000683551
0.2,6,0,1,13,1,1.029236884,1.028648394,1.014618442,-0.014618442,0.51953125,0.84375,1,-0.009765625,0.990871728,1.000047683
0.2,6,0,1,14,1,0.970763116,0.974388902,-0.014618442,-0.985381558,0.999023438,-0.001953125,0.564453125,-0.834960938,0.999025347,1.007852716
0.2,6,0,1,15,1,0.824336646,0.796927864,-0.087831677,-0.912168323,0.997070313,-0.133789063,0.580078125,-0.778320313,1.006006323,0.970707546
0.2,6,2,3,0,1,1,0.998179774,1.05122506,0.05122506,0.528320313,0.8671875,0.998046875,0.025390625,1.015448922,0.998369795
0.2,6,2,3,1,1,1,0.979109678,0.94877494,-0.05122506,0.594726563,0.819335938,0.998046875,-0.036132813,1.0124283,0.998700728
0.2,6,2,3,2,1,1,0.937422573,-0.05122506,-1.05122506,0.998046875,-0.09765625,0.522460938,-0.879882813,1.002813197,1.023307967
0.2,6,2,3,3,1,1,0.96302318,0.05122506,-0.94877494,0.999023438,0.009765625,0.583984375,-0.822265625,0.999071167,1.008542765
0.2,6,2,3,4,1,1,1.059741416,1.05122506,0.05122506,0.4609375,0.869140625,1,0.0234375,0.983803235,1.00027462
0.2,6,2,3,5,1,1,0.983835225,0.94877494,-0.05122506,0.581054688,0.813476563,0.997070313,-0.033203125,0.999684284,0.997623003
0.2,6,2,3,6,1,1,1.022850264,-0.05122506,-1.05122506,1,-0.047851563,0.4765625,-0.872070313,1.001144231,0.993789941
0.2,6,2,3,7,1,1,0.99384316,0.05122506,-0.94877494,1,0.037109375,0.569335938,-0.807617188,1.000688316,0.988123945
0.2,6,2,3,8,1,1,0.982794775,1.05122506,0.05122506,0.524414063,0.859375,0.998046875,0.040039063,1.006745002,0.998849684
0.2,6,2,3,9,1,1,0.986066654,0.94877494,-0.05122506,0.581054688,0.817382813,0.998046875,-0.033203125,1.0028655,0.998599025
0.2,6,2,3,10,1,1,0.975144312,-0.05122506,-1.05122506,0.997070313,-0.041992188,0.529296875,-0.856445313,0.997954183,1.006803732
0.2,6,2,3,11,1,1,0.991123683,0.05122506,-0.94877494,0.999023438,0.037109375,0.571289063,-0.805664063,0.999712426,0.987656709
0.2,6,2,3,12,1,1,0.997189432,1.05122506,0.05122506,0.498046875,0.852539063,1,0.044921875,0.987356847,1.001008479
0.2,6,2,3,13,1,1,0.94969688,0.94877494,-0.05122506,0.608398438,0.797851563,0.99609375,-0.030273438,1.003352268,0.996553681
0.2,6,2,3,14,1,1,1.000747079,-0.05122506,-1.05122506,0.998046875,-0.076171875,0.479492188,-0.890625,1.000949409,1.011496737
0.2,6,2,3,15,1,1,1.022177047,0.05122506,-0.94877494,0.999023438,0.078125,0.591796875,-0.817382813,1.002073522,1.009127447
0.2,6,0,1,0,2,1.175663354,1.171457968,1.087831677,-0.087831677,0.487304688,0.90625,0.994140625,-0.09375,1.028958173,0.998551273
0.2,6,0,1,1,2,1.029236884,1.023546391,1.014618442,-0.014618442,0.517578125,0.845703125,1,-0.001953125,0.991514443,1.000001907
0.2,6,0,1,2,2,0.970763116,0.978617004,-0.014618442,-0.985381558,1,-0.00390625,0.555664063,-0.833007813,1.000007629,1.001331397
0.2,6,0,1,3,2,0.824336646,0.80703141,-0.087831677,-0.912168323,0.998046875,-0.092773438,0.62109375,-0.782226563,1.002349478,0.998817221
0.2,6,0,1,4,2,1.175663354,1.153905173,1.087831677,-0.087831677,0.466796875,0.884765625,0.995117188,-0.068359375,1.000354704,0.997462391
0.2,6,0,1,5,2,1.029236884,0.999128376,1.014618442,-0.014618442,0.53515625,0.830078125,1,-0.000976563,0.9876345,1.000000477
0.2,6,0,1,6,2,0.970763116,0.96197769,-0.014618442,-0.985381558,0.998046875,-0.032226563,0.541015625,-0.83203125,0.998567031,0.992458517
0.2,6,0,1,7,2,0.824336646,0.84658039,-0.087831677,-0.912168323,0.997070313,-0.09375,0.583007813,-0.798828125,1.001468058,0.988951203
0.2,6,0,1,8,2,1.175663354,1.126697131,1.087831677,-0.087831677,0.495117188,0.887695313,0.995117188,-0.064453125,1.016436913,0.997202298
0.2,6,0,1,9,2,1.029236884,1.026429,1.014618442,-0.014618442,0.526367188,0.825195313,1,-0.0234375,0.97877971,1.00027462
0.2,6,0,1,10,2,0.970763116,0.98687378,-0.014618442,-0.985381558,0.999023438,-0.001953125,0.567382813,-0.862304688,0.999025347,1.032227024
0.2,6,0,1,11,2,0.824336646,0.780043216,-0.087831677,-0.912168323,0.999023438,-0.122070313,0.627929688,-0.793945313,1.00645367,1.012247426
0.2,6,0,1,12,2,1.175663354,1.188622742,1.087831677,-0.087831677,0.434570313,0.875976563,0.995117188,-0.078125,0.977847787,0.998179209
0.2,6,0,1,13,2,1.029236884,1.071592236,1.014618442,-0.014618442,0.483398438,0.854492188,1,-0.015625,0.981748923,1.000122063
0.2,6,0,1,14,2,0.970763116,0.954035153,-0.014618442,-0.985381558,1,-0.021484375,0.563476563,-0.83203125,1.000230763,1.004879016
0.2,6,0,1,15,2,0.824336646,0.80564807,-0.087831677,-0.912168323,0.998046875,-0.083984375,0.639648438,-0.7890625,1.001574231,1.015760677
0.2,6,2,3,0,2,1,1.028574387,1.05122506,0.05122506,0.502929688,0.861328125,0.99609375,0.013671875,0.997408848,0.996187572
0.2,6,2,3,1,2,1,1.013947821,0.94877494,-0.05122506,0.572265625,0.807617188,0.998046875,-0.059570313,0.989814865,0.999823078
0.2,6,2,3,2,2,1,0.965283801,-0.05122506,-1.05122506,0.997070313,-0.087890625,0.500976563,-0.879882813,1.000936546,1.012507422
0.2,6,2,3,3,2,1,0.986696507,0.05122506,-0.94877494,0.999023438,0.053710938,0.592773438,-0.799804688,1.000466238,0.995523926
0.2,6,2,3,4,2,1,0.959597007,1.05122506,0.05122506,0.522460938,0.854492188,1,0.0625,1.001559948,1.001951221
0.2,6,2,3,5,2,1,0.988748136,0.94877494,-0.05122506,0.555664063,0.802734375,1,-0.0234375,0.976291466,1.00027462
0.2,6,2,3,6,2,1,0.98081508,-0.05122506,-1.05122506,1,-0.0859375,0.483398438,-0.875976563,1.003685834,1.000504367
0.2,6,2,3,7,2,1,1.026258936,0.05122506,-0.94877494,0.999023438,0.061523438,0.564453125,-0.814453125,1.000916061,0.990929474
0.2,6,2,3,8,2,1,1.024551433,1.05122506,0.05122506,0.521484375,0.87890625,1,0.010742188,1.02196974,1.000057696
0.2,6,2,3,9,2,1,0.985077494,0.94877494,-0.05122506,0.598632813,0.81640625,0.997070313,-0.046875,1.012363773,0.998171565
0.2,6,2,3,10,2,1,0.945295019,-0.05122506,-1.05122506,1,-0.092773438,0.515625,-0.874023438,1.004294235,1.014783775
0.2,6,2,3,11,2,1,0.942857907,0.05122506,-0.94877494,0.998046875,0.008789063,0.6015625,-0.813476563,0.998085574,1.011741844
0.2,6,2,3,12,2,1,0.986796084,1.05122506,0.05122506,0.4765625,0.872070313,0.999023438,0.083984375,0.993789941,1.002547357
0.2,6,2,3,13,2,1,1.005843306,0.94877494,-0.05122506,0.583984375,0.80859375,0.999023438,-0.060546875,0.997427492,1.00085651
0.2,6,2,3,14,2,1,0.981040916,-0.05122506,-1.05122506,0.999023438,-0.048828125,0.518554688,-0.86328125,1.000215984,1.007051876
0.2,6,2,3,15,2,1,0.974313987,0.05122506,-0.94877494,1,0.03125,0.588867188,-0.811523438,1.000488162,1.002663879
0.2,6,0,1,0,3,1.175663354,1.136366091,1.087831677,-0.087831677,0.487304688,0.887695313,0.995117188,-0.067382813,1.012654347,0.99739594
0.2,6,0,1,1,3,1.029236884,1.029641682,1.014618442,-0.014618442,0.526367188,0.866210938,1,-0.004882813,1.01359943,1.000011921
0.2,6,0,1,2,3,0.970763116,0.900549503,-0.014618442,-0.985381558,0.999023438,-0.0625,0.571289063,-0.821289063,1.000976563,1.00044336
0.2,6,0,1,3,3,0.824336646,0.824664983,-0.087831677,-0.912168323,0.99609375,-0.084960938,0.615234375,-0.791015625,0.999710518,1.002107307
0.2,6,0,1,4,3,1.175663354,1.176531204,1.087831677,-0.087831677,0.447265625,0.875,0.99609375,-0.078125,0.98268588,0.999152778
0.2,6,0,1,5,3,1.029236884,1.037360311,1.014618442,-0.014618442,0.509765625,0.859375,0.999023438,-0.001953125,0.999192866,0.999025347
0.2,6,0,1,6,3,0.970763116,0.931205965,-0.014618442,-0.985381558,1,-0.041992188,0.5703125,-0.837890625,1.000881284,1.013566499
0.2,6,0,1,7,3,0.824336646,0.809119342,-0.087831677,-0.912168323,0.998046875,-0.1015625,0.607421875,-0.782226563,1.003201129,0.99037353
0.2,6,0,1,8,3,1.175663354,1.20388561,1.087831677,-0.087831677,0.456054688,0.883789063,0.995117188,-0.109375,0.994519474,1.001109938
0.2,6,0,1,9,3,1.029236884,1.00381374,1.014618442,-0.014618442,0.546875,0.838867188,1,-0.010742188,1.001384254,1.000057696
0.2,6,0,1,10,3,0.970763116,1.058051965,-0.014618442,-0.985381558,0.999023438,0.056640625,0.533203125,-0.833007813,1.000627797,0.989043775
0.2,6,0,1,11,3,0.824336646,0.778230027,-0.087831677,-0.912168323,0.999023438,-0.1171875,0.631835938,-0.788085938,1.005873123,1.010097073
0.2,6,0,1,12,3,1.175663354,1.175945634,1.087831677,-0.087831677,0.44921875,0.888671875,0.999023438,-0.073242188,0.995758599,1.00170467
0.2,6,0,1,13,3,1.029236884,1.052269531,1.014618442,-0.014618442,0.53125,0.842773438,1,-0.043945313,0.996239745,1.00096513
0.2,6,0,1,14,3,0.970763116,0.979031783,-0.014618442,-0.985381558,0.998046875,-0.02734375,0.52734375,-0.833007813,0.998421377,0.98589728
0.2,6,0,1,15,3,0.824336646,0.84581951,-0.087831677,-0.912168323,0.997070313,-0.067382813,0.60546875,-0.784179688,0.999344611,0.990722055
0.2,6,2,3,0,3,1,1.022536995,1.05122506,0.05122506,0.504882813,0.874023438,0.999023438,0.024414063,1.009367933,0.999321708
0.2,6,2,3,1,3,1,0.967181761,0.94877494,-0.05122506,0.568359375,0.805664063,0.998046875,-0.010742188,0.98596499,0.998104684
0.2,6,2,3,2,3,1,1.038191386,-0.05122506,-1.05122506,0.995117188,-0.030273438,0.474609375,-0.864257813,0.99557757,0.98599981
0.2,6,2,3,3,3,1,0.991906823,0.05122506,-0.94877494,0.998046875,0.015625,0.556640625,-0.823242188,0.998169177,0.993768829
0.2,6,2,3,4,3,1,0.985589102,1.05122506,0.05122506,0.482421875,0.852539063,0.999023438,0.0703125,0.979568129,1.001494721
0.2,6,2,3,5,3,1,0.953449728,0.94877494,-0.05122506,0.620117188,0.799804688,0.995117188,-0.041992188,1.012043904,0.996002791
0.2,6,2,3,6,3,1,1.016373641,-0.05122506,-1.05122506,0.997070313,-0.02734375,0.49609375,-0.852539063,0.997445181,0.986373085
0.2,6,2,3,7,3,1,1.037359467,0.05122506,-0.94877494,0.999023438,0.07421875,0.568359375,-0.817382813,1.001776548,0.99556368
0.2,6,2,3,8,3,1,0.97027798,1.05122506,0.05122506,0.484375,0.862304688,0.999023438,0.088867188,0.989034132,1.002968198
0.2,6,2,3,9,3,1,1.004365626,0.94877494,-0.05122506,0.604492188,0.802734375,0.999023438,-0.079101563,1.004884711,1.002150131
0.2,6,2,3,10,3,1,0.962756176,-0.05122506,-1.05122506,0.999023438,-0.063476563,0.520507813,-0.859375,1.001038013,1.004715768
0.2,6,2,3,11,3,1,1.041565329,0.05122506,-0.94877494,0.995117188,0.049804688,0.524414063,-0.801757813,0.996362747,0.958032201
0.2,6,2,3,12,3,1,0.960994531,1.05122506,0.05122506,0.499023438,0.846679688,0.997070313,0.077148438,0.982797479,1.000050543
0.2,6,2,3,13,3,1,0.977097095,0.94877494,-0.05122506,0.600585938,0.805664063,0.999023438,-0.046875,1.004887083,1.00012254
0.2,6,2,3,14,3,1,1.061682151,-0.05122506,-1.05122506,0.997070313,-0.010742188,0.481445313,-0.884765625,0.997128178,1.007273449
0.2,6,2,3,15,3,1,1.021149322,0.05122506,-0.94877494,0.999023438,0.0703125,0.586914063,-0.822265625,1.001494721,1.010241988
0.2,6,0,1,0,4,1.175663354,1.152205832,1.087831677,-0.087831677,0.48828125,0.877929688,0.99609375,-0.088867188,1.004579074,1.000050067
0.2,6,0,1,1,4,1.029236884,1.025221404,1.014618442,-0.014618442,0.516601563,0.866210938,1,0.0078125,1.008562622,1.000030517
0.2,6,0,1,2,4,0.970763116,1.000136927,-0.014618442,-0.985381558,1,-0.020507813,0.512695313,-0.8359375,1.000210263,0.980636522
0.2,6,0,1,3,4,0.824336646,0.794994959,-0.087831677,-0.912168323,0.994140625,-0.12890625,0.596679688,-0.790039063,1.002463168,0.99004463
0.2,6,0,1,4,4,1.175663354,1.178936558,1.087831677,-0.087831677,0.459960938,0.883789063,0.99609375,-0.087890625,0.996316803,0.99996376
0.2,6,0,1,5,4,1.029236884,1.047489349,1.014618442,-0.014618442,0.536132813,0.852539063,1,-0.038085938,1.00710538,1.000725007
0.2,6,0,1,6,4,0.970763116,0.974958657,-0.014618442,-0.985381558,0.999023438,-0.015625,0.551757813,-0.841796875,0.99914562,1.006508153
0.2,6,0,1,7,4,0.824336646,0.815022244,-0.087831677,-0.912168323,0.99609375,-0.078125,0.623046875,-0.774414063,0.999152778,0.993933875
0.2,6,0,1,8,4,1.175663354,1.169207149,1.087831677,-0.087831677,0.452148438,0.885742188,0.997070313,-0.0703125,0.994473445,0.999546425
0.2,6,0,1,9,4,1.029236884,1.050170258,1.014618442,-0.014618442,0.5,0.854492188,0.999023438,-0.008789063,0.990028736,0.999062098
0.2,6,0,1,10,4,0.970763116,0.990804603,-0.014618442,-0.985381558,1,-0.0078125,0.528320313,-0.8203125,1.000030517,0.975722784
0.2,6,0,1,11,4,0.824336646,0.820090971,-0.087831677,-0.912168323,0.997070313,-0.088867188,0.616210938,-0.791015625,1.00102277,1.002707155
0.2,6,0,1,12,4,1.175663354,1.154493879,1.087831677,-0.087831677,0.458984375,0.869140625,0.995117188,-0.069335938,0.982889659,0.997529794
0.2,6,0,1,13,4,1.029236884,1.067389633,1.014618442,-0.014618442,0.50390625,0.864257813,0.998046875,-0.024414063,1.000431445,0.998345437
0.2,6,0,1,14,4,0.970763116,0.974668265,-0.014618442,-0.985381558,0.999023438,0.002929688,0.580078125,-0.849609375,0.999027733,1.028750077
0.2,6,0,1,15,4,0.824336646,0.821229103,-0.087831677,-0.912168323,0.99609375,-0.1015625,0.608398438,-0.803710938,1.001258059,1.008017822
0.2,6,2,3,0,4,1,1.002524797,1.05122506,0.05122506,0.501953125,0.862304688,0.997070313,0.041015625,0.99776065,0.997913568
0.2,6,2,3,1,4,1,1.00464269,0.94877494,-0.05122506,0.561523438,0.806640625,1,-0.041992188,0.98284163,1.000881284
0.2,6,2,3,2,4,1,0.991183921,-0.05122506,-1.05122506,0.999023438,-0.036132813,0.512695313,-0.848632813,0.999676652,0.991480778
0.2,6,2,3,3,4,1,0.963228087,0.05122506,-0.94877494,0.99609375,0.020507813,0.590820313,-0.813476563,0.996304837,1.005391844
0.2,6,2,3,4,4,1,1.034753826,1.05122506,0.05122506,0.465820313,0.873046875,0.999023438,0.045898438,0.989545052,1.000077245
0.2,6,2,3,5,4,1,0.999017797,0.94877494,-0.05122506,0.564453125,0.807617188,0.99609375,-0.038085938,0.985318655,0.996821598
0.2,6,2,3,6,4,1,0.980786423,-0.05122506,-1.05122506,0.998046875,-0.041992188,0.532226563,-0.872070313,0.998929882,1.021651479
0.2,6,2,3,7,4,1,1.055098487,0.05122506,-0.94877494,0.994140625,0.088867188,0.557617188,-0.806640625,0.998104684,0.980615126
0.2,6,2,3,8,4,1,1.00925092,1.05122506,0.05122506,0.471679688,0.861328125,0.999023438,0.060546875,0.982022335,1.00085651
0.2,6,2,3,9,4,1,1.002484253,0.94877494,-0.05122506,0.586914063,0.813476563,0.998046875,-0.056640625,1.003101308,0.999652802
0.2,6,2,3,10,4,1,1.005352469,-0.05122506,-1.05122506,1,-0.03515625,0.510742188,-0.87109375,1.00061779,1.009783097
0.2,6,2,3,11,4,1,1.005832099,0.05122506,-0.94877494,0.998046875,0.057617188,0.583984375,-0.813476563,0.99970861,1.001389968
0.2,6,2,3,12,4,1,0.981391038,1.05122506,0.05122506,0.514648438,0.87890625,0.997070313,0.059570313,1.018498508,0.998848252
0.2,6,2,3,13,4,1,0.992197229,0.94877494,-0.05122506,0.583984375,0.803710938,1,-0.049804688,0.993473211,1.001239485
0.2,6,2,3,14,4,1,0.990756829,-0.05122506,-1.05122506,0.998046875,-0.063476563,0.501953125,-0.883789063,1.000063417,1.016385777
0.2,6,2,3,15,4,1,0.978438147,0.05122506,-0.94877494,1,0.053710938,0.607421875,-0.805664063,1.001441394,1.00898757
0.2,6,0,1,0,5,1.175663354,1.211432142,1.087831677,-0.087831677,0.4375,0.8828125,0.995117188,-0.100585938,0.985273647,1.000187856
0.2,6,0,1,1,5,1.029236884,1.0306482,1.014618442,-0.014618442,0.525390625,0.849609375,0.999023438,-0.013671875,0.998935132,0.999116985
0.2,6,0,1,2,5,0.970763116,1.005853967,-0.014618442,-0.985381558,1,0.016601563,0.552734375,-0.840820313,1.000137796,1.006227652
0.2,6,0,1,3,5,0.824336646,0.901415363,-0.087831677,-0.912168323,0.99609375,-0.041015625,0.59375,-0.817382813,0.996937832,1.010274084
0.2,6,0,1,4,5,1.175663354,1.180542633,1.087831677,-0.087831677,0.465820313,0.8671875,0.995117188,-0.102539063,0.98437936,1.000386164
0.2,6,0,1,5,5,1.029236884,1.047178795,1.014618442,-0.014618442,0.555664063,0.84765625,0.999023438,-0.056640625,1.013550033,1.000627797
0.2,6,0,1,6,5,0.970763116,0.983286836,-0.014618442,-0.985381558,1,0.005859375,0.564453125,-0.836914063,1.000017166,1.009471386
0.2,6,0,1,7,5,0.824336646,0.837506314,-0.087831677,-0.912168323,0.997070313,-0.064453125,0.614257813,-0.77734375,0.999151347,0.990745157
0.2,6,0,1,8,5,1.175663354,1.198654768,1.087831677,-0.087831677,0.48828125,0.8984375,0.997070313,-0.125976563,1.022550009,1.004997165
0.2,6,0,1,9,5,1.029236884,1.042548581,1.014618442,-0.014618442,0.490234375,0.84765625,1,0.00390625,0.979209304,1.000007629
0.2,6,0,1,10,5,0.970763116,0.938555605,-0.014618442,-0.985381558,1,-0.0390625,0.553710938,-0.821289063,1.000762649,0.99051074
0.2,6,0,1,11,5,0.824336646,0.777528024,-0.087831677,-0.912168323,0.99609375,-0.139648438,0.612304688,-0.798828125,1.005835198,1.006500573
0.2,6,0,1,12,5,1.175663354,1.200044608,1.087831677,-0.087831677,0.447265625,0.887695313,0.994140625,-0.095703125,0.994006794,0.998736537
0.2,6,0,1,13,5,1.029236884,1.067598736,1.014618442,-0.014618442,0.521484375,0.848632813,1,-0.047851563,0.996054017,1.001144231
0.2,6,0,1,14,5,0.970763116,0.993764623,-0.014618442,-0.985381558,1,-0.013671875,0.522460938,-0.827148438,1.000093456,0.978335305
0.2,6,0,1,15,5,0.824336646,0.787050589,-0.087831677,-0.912168323,0.995117188,-0.104492188,0.633789063,-0.78515625,1.000588244,1.009038608
0.2,6,2,3,0,5,1,0.954258171,1.05122506,0.05122506,0.494140625,0.8828125,0.998046875,0.106445313,1.011698012,1.003707213
0.2,6,2,3,1,5,1,1.017797486,0.94877494,-0.05122506,0.568359375,0.831054688,1,-0.046875,1.006818888,1.00109803
0.2,6,2,3,2,5,1,1.007800389,-0.05122506,-1.05122506,1,-0.037109375,0.50390625,-0.868164063,1.000688316,1.003807924
0.2,6,2,3,3,5,1,0.984804987,0.05122506,-0.94877494,0.999023438,0.043945313,0.5859375,-0.803710938,0.99998951,0.994622554
0.2,6,2,3,4,5,1,0.999842851,1.05122506,0.05122506,0.506835938,0.861328125,0.999023438,0.0390625,0.999384214,0.999786831
0.2,6,2,3,5,5,1,0.963764537,0.94877494,-0.05122506,0.6015625,0.837890625,0.999023438,-0.015625,1.031473771,0.99914562
0.2,6,2,3,6,5,1,0.995131135,-0.05122506,-1.05122506,1,-0.044921875,0.500976563,-0.853515625,1.001008479,0.989679968
0.2,6,2,3,7,5,1,1.026262599,0.05122506,-0.94877494,1,0.088867188,0.592773438,-0.807617188,1.003940923,1.001811294
0.2,6,2,3,8,5,1,1.004937505,1.05122506,0.05122506,0.469726563,0.875,0.999023438,0.073242188,0.993110288,1.00170467
0.2,6,2,3,9,5,1,0.999795607,0.94877494,-0.05122506,0.583007813,0.813476563,0.998046875,-0.05078125,1.000820777,0.999337931
0.2,6,2,3,10,5,1,0.998295876,-0.05122506,-1.05122506,0.999023438,-0.0546875,0.495117188,-0.869140625,1.000519141,1.00027319
0.2,6,2,3,11,5,1,0.986020071,0.05122506,-0.94877494,1,0.052734375,0.596679688,-0.805664063,1.001389492,1.002557346
0.2,6,2,3,12,5,1,0.983645675,1.05122506,0.05122506,0.53515625,0.869140625,0.997070313,0.03515625,1.020684887,0.997689917
0.2,6,2,3,13,5,1,1.032252372,0.94877494,-0.05122506,0.576171875,0.81640625,1,-0.076171875,0.999246313,1.002896881
0.2,6,2,3,14,5,1,0.967057082,-0.05122506,-1.05122506,0.999023438,-0.068359375,0.512695313,-0.864257813,1.001359492,1.004887083
0.2,6,2,3,15,5,1,0.983728824,0.05122506,-0.94877494,0.998046875,0.046875,0.596679688,-0.811523438,0.999147051,1.007272028
0.2,6,0,1,0,6,1.175663354,1.162363822,1.087831677,-0.087831677,0.456054688,0.874023438,0.995117188,-0.072265625,0.985851331,0.99773771
0.2,6,0,1,1,6,1.029236884,1.033932753,1.014618442,-0.014618442,0.524414063,0.850585938,1,-0.015625,0.999252994,1.000122063
0.2,6,0,1,2,6,0.970763116,0.971599675,-0.014618442,-0.985381558,0.999023438,-0.01171875,0.560546875,-0.841796875,0.999092167,1.011352944
0.2,6,0,1,3,6,0.824336646,0.843543444,-0.087831677,-0.912168323,0.998046875,-0.083007813,0.607421875,-0.80859375,1.001492817,1.011328427
0.2,6,0,1,4,6,1.175663354,1.196995061,1.087831677,-0.087831677,0.44140625,0.904296875,0.995117188,-0.080078125,1.006276461,0.998333974
0.2,6,0,1,5,6,1.029236884,1.090992505,1.014618442,-0.014618442,0.509765625,0.836914063,1,-0.067382813,0.979941907,1.002267651
0.2,6,0,1,6,6,0.970763116,1.012591763,-0.014618442,-0.985381558,1,0.021484375,0.53515625,-0.817382813,1.000230763,0.976988677
0.2,6,0,1,7,6,0.824336646,0.789522325,-0.087831677,-0.912168323,0.995117188,-0.095703125,0.65234375,-0.797851563,0.99970861,1.030591812
0.2,6,0,1,8,6,1.175663354,1.183215283,1.087831677,-0.087831677,0.450195313,0.90234375,0.998046875,-0.075195313,1.008414628,1.000875567
0.2,6,0,1,9,6,1.029236884,1.046519524,1.014618442,-0.014618442,0.4921875,0.837890625,1,-0.006835938,0.971755748,1.000023365
0.2,6,0,1,10,6,0.970763116,0.994878527,-0.014618442,-0.985381558,0.998046875,0.022460938,0.571289063,-0.837890625,0.998299583,1.014116311
0.2,6,0,1,11,6,0.824336646,0.79962849,-0.087831677,-0.912168323,0.994140625,-0.095703125,0.627929688,-0.784179688,0.998736537,1.004606129
0.2,6,0,1,12,6,1.175663354,1.126746483,1.087831677,-0.087831677,0.482421875,0.891601563,0.99609375,-0.051757813,1.013747608,0.997437532
0.2,6,0,1,13,6,1.029236884,1.025222026,1.014618442,-0.014618442,0.530273438,0.83984375,0.998046875,-0.017578125,0.993240879,0.998201661
0.2,6,0,1,14,6,0.970763116,0.981980887,-0.014618442,-0.985381558,0.998046875,-0.002929688,0.564453125,-0.850585938,0.998051175,1.020834838
0.2,6,0,1,15,6,0.824336646,0.838759529,-0.087831677,-0.912168323,0.99609375,-0.0703125,0.604492188,-0.776367188,0.998572284,0.9839496
0.2,6,2,3,0,6,1,0.980871057,1.05122506,0.05122506,0.478515625,0.86328125,1,0.083984375,0.987031773,1.003520491
0.2,6,2,3,1,6,1,0.999417535,0.94877494,-0.05122506,0.557617188,0.803710938,0.999023438,-0.03515625,0.978206624,0.999641831
0.2,6,2,3,2,6,1,1.024017906,-0.05122506,-1.05122506,1,-0.036132813,0.481445313,-0.859375,1.000652577,0.985045674
0.2,6,2,3,3,6,1,0.955976554,0.05122506,-0.94877494,0.998046875,0.040039063,0.604492188,-0.787109375,0.998849684,0.992447466
0.2,6,2,3,4,6,1,1.006635728,1.05122506,0.05122506,0.517578125,0.895507813,0.998046875,0.040039063,1.03432169,0.998849684
0.2,6,2,3,5,6,1,0.971165131,0.94877494,-0.05122506,0.603515625,0.826171875,0.999023438,-0.03125,1.023128084,0.999512077
0.2,6,2,3,6,6,1,0.96953514,-0.05122506,-1.05122506,1,-0.084960938,0.498046875,-0.876953125,1.003602691,1.008512505
0.2,6,2,3,7,6,1,1.019354445,0.05122506,-0.94877494,0.997070313,0.075195313,0.586914063,-0.810546875,0.999901767,1.000726912
0.2,6,2,3,8,6,1,1.018113172,1.05122506,0.05122506,0.521484375,0.864257813,0.999023438,0.009765625,1.009399584,0.999071167
0.2,6,2,3,9,6,1,1.00276865,0.94877494,-0.05122506,0.564453125,0.807617188,1,-0.041992188,0.985318655,1.000881284
0.2,6,2,3,10,6,1,0.990981282,-0.05122506,-1.05122506,0.998046875,-0.057617188,0.502929688,-0.874023438,0.99970861,1.008392404
0.2,6,2,3,11,6,1,0.964821633,0.05122506,-0.94877494,1,0.022460938,0.579101563,-0.796875,1.000252215,0.985072782
0.2,6,2,3,12,6,1,1.032330629,1.05122506,0.05122506,0.474609375,0.870117188,0.998046875,0.0390625,0.991139737,0.998811015
0.2,6,2,3,13,6,1,0.985110321,0.94877494,-0.05122506,0.586914063,0.815429688,0.997070313,-0.038085938,1.004685867,0.997797448
0.2,6,2,3,14,6,1,0.996097708,-0.05122506,-1.05122506,0.998046875,-0.064453125,0.4765625,-0.8515625,1.000125877,0.975843485
0.2,6,2,3,15,6,1,0.967717243,0.05122506,-0.94877494,1,0.000976563,0.565429688,-0.819335938,1.000000477,0.995500934
0.2,6,0,1,0,7,1.175663354,1.199106198,1.087831677,-0.087831677,0.473632813,0.8984375,0.994140625,-0.11328125,1.015636737,1.000573947
0.2,6,0,1,1,7,1.029236884,1.007866676,1.014618442,-0.014618442,0.494140625,0.84765625,1,0.03515625,0.981170768,1.00061779
0.2,6,0,1,2,7,0.970763116,0.994819233,-0.014618442,-0.985381558,1,0.004882813,0.541015625,-0.82421875,1.000011921,0.985918077
0.2,6,0,1,3,7,0.824336646,0.861376716,-0.087831677,-0.912168323,0.99609375,-0.044921875,0.606445313,-0.774414063,0.99710618,0.983612249
0.2,6,0,1,4,7,1.175663354,1.168357078,1.087831677,-0.087831677,0.456054688,0.90234375,0.997070313,-0.065429688,1.011044075,0.999214818
0.2,6,0,1,5,7,1.029236884,1.017536249,1.014618442,-0.014618442,0.524414063,0.860351563,1,0.005859375,1.007578741,1.000017166
0.2,6,0,1,6,7,0.970763116,1.001390815,-0.014618442,-0.985381558,1,0.013671875,0.544921875,-0.826171875,1.000093456,0.989696831
0.2,6,0,1,7,7,0.824336646,0.85326304,-0.087831677,-0.912168323,0.99609375,-0.06640625,0.602539063,-0.791015625,0.998304838,0.994363636
0.2,6,0,1,8,7,1.175663354,1.137946879,1.087831677,-0.087831677,0.498046875,0.8984375,0.997070313,-0.073242188,1.02724906,0.999756783
0.2,6,0,1,9,7,1.029236884,1.04566965,1.014618442,-0.014618442,0.520507813,0.85546875,1,-0.021484375,1.001376635,1.000230763
0.2,6,0,1,10,7,0.970763116,0.969958766,-0.014618442,-0.985381558,0.998046875,-0.025390625,0.549804688,-0.84765625,0.998369795,1.010349599
0.2,6,0,1,11,7,0.824336646,0.872506025,-0.087831677,-0.912168323,0.99609375,-0.03515625,0.616210938,-0.7890625,0.996713961,1.001167093
0.2,6,0,1,12,7,1.175663354,1.122946677,1.087831677,-0.087831677,0.499023438,0.876953125,0.99609375,-0.069335938,1.008995131,0.998503996
0.2,6,0,1,13,7,1.029236884,1.003577135,1.014618442,-0.014618442,0.549804688,0.844726563,1,-0.009765625,1.007892931,1.000047683
0.2,6,0,1,14,7,0.970763116,1.015508187,-0.014618442,-0.985381558,1,0.014648438,0.541992188,-0.845703125,1.000107283,1.004474642
0.2,6,0,1,15,7,0.824336646,0.800647159,-0.087831677,-0.912168323,0.994140625,-0.08984375,0.635742188,-0.786132813,0.998192107,1.011025681
0.2,6,2,3,0,7,1,1.022430176,1.05122506,0.05122506,0.489257813,0.858398438,0.998046875,0.030273438,0.98803901,0.998505907
0.2,6,2,3,1,7,1,0.986785764,0.94877494,-0.05122506,0.594726563,0.837890625,0.998046875,-0.033203125,1.027502011,0.998599025
0.2,6,2,3,2,7,1,0.945064652,-0.05122506,-1.05122506,0.999023438,-0.0859375,0.518554688,-0.865234375,1.002712861,1.008726666
0.2,6,2,3,3,7,1,1.023846355,0.05122506,-0.94877494,0.995117188,0.064453125,0.559570313,-0.797851563,0.997202298,0.974518368
0.2,6,2,3,4,7,1,0.996053622,1.05122506,0.05122506,0.504882813,0.858398438,0.997070313,0.04296875,0.995868732,0.997995752
0.2,6,2,3,5,7,1,1.022802148,0.94877494,-0.05122506,0.573242188,0.802734375,1,-0.072265625,0.98640209,1.00260776
0.2,6,2,3,6,7,1,0.965631632,-0.05122506,-1.05122506,0.998046875,-0.076171875,0.502929688,-0.860351563,1.000949409,0.996565643
0.2,6,2,3,7,7,1,0.962760964,0.05122506,-0.94877494,0.999023438,0.01953125,0.590820313,-0.814453125,0.999214341,1.006182158
0.2,6,2,3,8,7,1,0.992984627,1.05122506,0.05122506,0.493164063,0.876953125,0.997070313,0.065429688,1.006110121,0.999214818
0.2,6,2,3,9,7,1,1.009744861,0.94877494,-0.05122506,0.577148438,0.80078125,0.999023438,-0.063476563,0.987092158,1.001038013
0.2,6,2,3,10,7,1,1.006416515,-0.05122506,-1.05122506,1,-0.038085938,0.500976563,-0.862304688,1.000725007,0.997269718
0.2,6,2,3,11,7,1,1.017867054,0.05122506,-0.94877494,1,0.078125,0.584960938,-0.80078125,1.003047115,0.991680346
0.2,6,2,3,12,7,1,0.973467757,1.05122506,0.05122506,0.534179688,0.881835938,1,0.052734375,1.031010455,1.001389492
0.2,6,2,3,13,7,1,1.014632609,0.94877494,-0.05122506,0.59765625,0.8125,0.999023438,-0.078125,1.00863732,1.002073522
0.2,6,2,3,14,7,1,1.007333697,-0.05122506,-1.05122506,0.997070313,-0.045898438,0.498046875,-0.875,0.998126182,1.006814625
0.2,6,2,3,15,7,1,0.996352199,0.05122506,-0.94877494,1,0.055664063,0.573242188,-0.786132813,1.001548046,0.972939569
0.2,6,0,1,0,8,1.175663354,1.167424657,1.087831677,-0.087831677,0.461914063,0.87109375,0.995117188,-0.083984375,0.985986269,0.998654891
0.2,6,0,1,1,8,1.029236884,1.022477009,1.014618442,-0.014618442,0.524414063,0.864257813,1,0.002929688,1.010916255,1.000004292
0.2,6,0,1,2,8,0.970763116,0.973277266,-0.014618442,-0.985381558,1,-0.001953125,0.5625,-0.830078125,1.000001907,1.002714288
0.2,6,0,1,3,8,0.824336646,0.789936249,-0.087831677,-0.912168323,0.99609375,-0.124023438,0.619140625,-0.802734375,1.003785122,1.01376407
0.2,6,0,1,4,8,1.175663354,1.113625402,1.087831677,-0.087831677,0.521484375,0.884765625,0.995117188,-0.075195313,1.027013225,0.997954183
0.2,6,0,1,5,8,1.029236884,1.047238381,1.014618442,-0.014618442,0.543945313,0.838867188,1,-0.051757813,0.999787308,1.00133854
0.2,6,0,1,6,8,0.970763116,0.985491316,-0.014618442,-0.985381558,0.998046875,0,0.5546875,-0.836914063,0.998046875,1.00404351
0.2,6,0,1,7,8,0.824336646,0.84968815,-0.087831677,-0.912168323,0.993164063,-0.038085938,0.646484375,-0.794921875,0.993894056,1.024618385
0.2,6,0,1,8,8,1.175663354,1.217479547,1.087831677,-0.087831677,0.485351563,0.883789063,0.99609375,-0.149414063,1.008290259,1.00723747
0.2,6,0,1,9,8,1.029236884,1.026688937,1.014618442,-0.014618442,0.534179688,0.852539063,1,-0.015625,1.006066992,1.000122063
0.2,6,0,1,10,8,0.970763116,0.946886185,-0.014618442,-0.985381558,1,-0.01953125,0.573242188,-0.830078125,1.000190717,1.008779609
0.2,6,0,1,11,8,0.824336646,0.798822325,-0.087831677,-0.912168323,0.998046875,-0.09765625,0.626953125,-0.784179688,1.002813197,1.003996018
0.2,6,0,1,12,8,1.175663354,1.171819243,1.087831677,-0.087831677,0.469726563,0.893554688,0.997070313,-0.084960938,1.009496421,1.000683551
0.2,6,0,1,13,8,1.029236884,0.941534337,1.014618442,-0.014618442,0.563476563,0.844726563,1,0.041015625,1.015415581,1.000840787
0.2,6,0,1,14,8,0.970763116,0.989061715,-0.014618442,-0.985381558,1,-0.005859375,0.53515625,-0.82421875,1.000017166,0.982714994
0.2,6,0,1,15,8,0.824336646,0.809999638,-0.087831677,-0.912168323,0.995117188,-0.083007813,0.607421875,-0.754882813,0.998573239,0.968921769
0.2,6,2,3,0,8,1,1.019793004,1.05122506,0.05122506,0.479492188,0.853515625,0.997070313,0.0390625,0.978979918,0.9978352
0.2,6,2,3,1,8,1,0.991582115,0.94877494,-0.05122506,0.572265625,0.79296875,0.999023438,-0.045898438,0.977899475,1.000077245
0.2,6,2,3,2,8,1,0.961374519,-0.05122506,-1.05122506,0.998046875,-0.077148438,0.500976563,-0.850585938,1.001024199,0.987154473
0.2,6,2,3,3,8,1,1.044989827,0.05122506,-0.94877494,0.999023438,0.084960938,0.576171875,-0.823242188,1.002629637,1.004839156
0.2,6,2,3,4,8,1,1.00180257,1.05122506,0.05122506,0.501953125,0.884765625,0.995117188,0.052734375,1.017235052,0.996513488
0.2,6,2,3,5,8,1,0.988761459,0.94877494,-0.05122506,0.602539063,0.811523438,0.999023438,-0.056640625,1.010753982,1.000627797
0.2,6,2,3,6,8,1,0.94090917,-0.05122506,-1.05122506,0.997070313,-0.092773438,0.517578125,-0.869140625,1.001377111,1.011579231
0.2,6,2,3,7,8,1,0.974141854,0.05122506,-0.94877494,1,0.05078125,0.60546875,-0.80078125,1.001288538,1.00391385
0.2,6,2,3,8,8,1,0.965848914,1.05122506,0.05122506,0.504882813,0.875976563,0.997070313,0.08203125,1.011059638,1.000439071
0.2,6,2,3,9,8,1,0.994773897,0.94877494,-0.05122506,0.583007813,0.818359375,0.999023438,-0.04296875,1.004793599,0.99994707
0.2,6,2,3,10,8,1,1.000616821,-0.05122506,-1.05122506,0.997070313,-0.05859375,0.487304688,-0.868164063,0.998790486,0.99557757
0.2,6,2,3,11,8,1,0.9970298,0.05122506,-0.94877494,0.998046875,0.048828125,0.606445313,-0.844726563,0.999240587,1.039874455
0.2,6,2,3,12,8,1,1.024774806,1.05122506,0.05122506,0.506835938,0.866210938,0.999023438,0.016601563,1.003595564,0.999161369
0.2,6,2,3,13,8,1,0.998060839,0.94877494,-0.05122506,0.583007813,0.784179688,0.99609375,-0.06640625,0.977157046,0.998304838
0.2,6,2,3,14,8,1,0.990466812,-0.05122506,-1.05122506,0.999023438,-0.065429688,0.495117188,-0.875,1.001163759,1.005368604
0.2,6,2,3,15,8,1,0.967993298,0.05122506,-0.94877494,0.998046875,0.043945313,0.60546875,-0.801757813,0.999013891,1.004692987
0.2,6,0,1,0,9,1.175663354,1.165662594,1.087831677,-0.087831677,0.471679688,0.905273438,0.998046875,-0.075195313,1.020784857,1.000875567
0.2,6,0,1,1,9,1.029236884,1.034568315,1.014618442,-0.014618442,0.528320313,0.852539063,1,-0.018554688,1.002968198,1.000172123
0.2,6,0,1,2,9,0.970763116,1.010672028,-0.014618442,-0.985381558,0.998046875,-0.004882813,0.518554688,-0.8359375,0.998058819,0.983712594
0.2,6,0,1,3,9,0.824336646,0.819305816,-0.087831677,-0.912168323,0.99609375,-0.0859375,0.626953125,-0.798828125,0.999793985,1.015478505
0.2,6,0,1,4,9,1.175663354,1.164628327,1.087831677,-0.087831677,0.46875,0.884765625,0.998046875,-0.081054688,1.001267583,1.001332825
0.2,6,0,1,5,9,1.029236884,1.077615381,1.014618442,-0.014618442,0.521484375,0.841796875,1,-0.061523438,0.990236301,1.001890779
0.2,6,0,1,6,9,0.970763116,0.957875985,-0.014618442,-0.985381558,1,-0.041015625,0.538085938,-0.8359375,1.000840787,0.99414686
0.2,6,0,1,7,9,0.824336646,0.793005686,-0.087831677,-0.912168323,0.993164063,-0.12109375,0.616210938,-0.799804688,1.000519141,1.009655118
0.2,6,0,1,8,9,1.175663354,1.181384688,1.087831677,-0.087831677,0.498046875,0.891601563,0.99609375,-0.120117188,1.02127569,1.003309971
0.2,6,0,1,9,9,1.029236884,0.964817278,1.014618442,-0.014618442,0.540039063,0.83203125,1,0.030273438,0.991926504,1.000458136
0.2,6,0,1,10,9,0.970763116,0.972693556,-0.014618442,-0.985381558,1,-0.01953125,0.549804688,-0.841796875,1.000190717,1.005438796
0.2,6,0,1,11,9,0.824336646,0.82944978,-0.087831677,-0.912168323,0.998046875,-0.0859375,0.59765625,-0.77734375,1.001739896,0.98053878
0.2,6,0,1,12,9,1.175663354,1.152657023,1.087831677,-0.087831677,0.518554688,0.897460938,0.993164063,-0.10546875,1.036501374,0.998748473
0.2,6,0,1,13,9,1.029236884,1.043439312,1.014618442,-0.014618442,0.53125,0.828125,0.998046875,-0.04296875,0.983878843,0.99897141
0.2,6,0,1,14,9,0.970763116,0.977603027,-0.014618442,-0.985381558,0.998046875,-0.017578125,0.534179688,-0.823242188,0.998201661,0.981364172
0.2,6,0,1,15,9,0.824336646,0.810511561,-0.087831677,-0.912168323,0.993164063,-0.098632813,0.620117188,-0.796875,0.998049742,1.009730207
0.2,6,2,3,0,9,1,0.974915537,1.05122506,0.05122506,0.51953125,0.870117188,0.999023438,0.057617188,1.013418295,1.000683551
0.2,6,2,3,1,9,1,0.96321441,0.94877494,-0.05122506,0.591796875,0.811523438,0.998046875,-0.022460938,1.004387291,0.998299583
0.2,6,2,3,2,9,1,1.033544037,-0.05122506,-1.05122506,0.997070313,-0.016601563,0.49609375,-0.865234375,0.997208514,0.997366298
0.2,6,2,3,3,9,1,0.984519081,0.05122506,-0.94877494,1,0.037109375,0.594726563,-0.827148438,1.000688316,1.018761121
0.2,6,2,3,4,9,1,1.055002353,1.05122506,0.05122506,0.470703125,0.857421875,0.995117188,0.013671875,0.978127652,0.995211102
0.2,6,2,3,5,9,1,1.012924809,0.94877494,-0.05122506,0.600585938,0.811523438,0.99609375,-0.079101563,1.009590886,0.999229611
0.2,6,2,3,6,9,1,1.004848673,-0.05122506,-1.05122506,0.999023438,-0.060546875,0.491210938,-0.887695313,1.00085651,1.014539873
0.2,6,2,3,7,9,1,0.983889422,0.05122506,-0.94877494,1,0.026367188,0.561523438,-0.797851563,1.000347554,0.975641167
0.2,6,2,3,8,9,1,1.020067975,1.05122506,0.05122506,0.490234375,0.84765625,0.999023438,0.026367188,0.979209304,0.999371331
0.2,6,2,3,9,9,1,1.000808154,0.94877494,-0.05122506,0.59375,0.823242188,0.99609375,-0.0546875,1.015020572,0.997593846
0.2,6,2,3,10,9,1,1.03327357,-0.05122506,-1.05122506,0.999023438,-0.040039063,0.474609375,-0.874023438,0.999825462,0.994570776
0.2,6,2,3,11,9,1,1.011550599,0.05122506,-0.94877494,0.999023438,0.064453125,0.581054688,-0.807617188,1.001100412,0.994922143
0.2,6,2,3,12,9,1,0.99691053,1.05122506,0.05122506,0.49609375,0.860351563,0.998046875,0.05078125,0.993133334,0.999337931
0.2,6,2,3,13,9,1,1.039398331,0.94877494,-0.05122506,0.583984375,0.819335938,0.998046875,-0.087890625,1.006155619,1.001909341
0.2,6,2,3,14,9,1,1.027993261,-0.05122506,-1.05122506,0.998046875,-0.061523438,0.448242188,-0.858398438,0.999941347,0.968384705
0.2,6,2,3,15,9,1,0.995797233,0.05122506,-0.94877494,0.997070313,0.05859375,0.58984375,-0.802734375,0.998790486,0.99614162
0.2,6,0,1,0,10,1.175663354,1.182898514,1.087831677,-0.087831677,0.471679688,0.86328125,0.997070313,-0.112304688,0.983735861,1.00337508
0.2,6,0,1,1,10,1.029236884,1.068595579,1.014618442,-0.014618442,0.499023438,0.875976563,1,-0.015625,1.008146482,1.000122063
0.2,6,0,1,2,10,0.970763116,0.99045714,-0.014618442,-0.985381558,1,0.006835938,0.543945313,-0.817382813,1.000023365,0.981830518
0.2,6,0,1,3,10,0.824336646,0.859907232,-0.087831677,-0.912168323,0.997070313,-0.09375,0.5703125,-0.803710938,1.001468058,0.985498665
0.2,6,0,1,4,10,1.175663354,1.182739023,1.087831677,-0.087831677,0.443359375,0.891601563,0.99609375,-0.073242188,0.995751416,0.998782848
0.2,6,0,1,5,10,1.029236884,1.00942181,1.014618442,-0.014618442,0.536132813,0.852539063,1,0,1.00710538,1
0.2,6,0,1,6,10,0.970763116,0.961796408,-0.014618442,-0.985381558,0.998046875,-0.02734375,0.55859375,-0.849609375,0.998421377,1.016790572
0.2,6,0,1,7,10,0.824336646,0.81351264,-0.087831677,-0.912168323,0.995117188,-0.109375,0.6015625,-0.794921875,1.001109938,0.99688426
0.2,6,0,1,8,10,1.175663354,1.178444054,1.087831677,-0.087831677,0.478515625,0.901367188,0.997070313,-0.095703125,1.020509682,1.001652782
0.2,6,0,1,9,10,1.029236884,1.070120524,1.014618442,-0.014618442,0.512695313,0.840820313,0.999023438,-0.046875,0.984802153,1.00012254
0.2,6,0,1,10,10,0.970763116,0.947967582,-0.014618442,-0.985381558,0.998046875,-0.038085938,0.541015625,-0.817382813,0.998773299,0.980210472
0.2,6,0,1,11,10,0.824336646,0.794849241,-0.087831677,-0.912168323,0.997070313,-0.1171875,0.626953125,-0.809570313,1.003933324,1.023950346
0.2,6,0,1,12,10,1.175663354,1.117536452,1.087831677,-0.087831677,0.502929688,0.880859375,0.997070313,-0.065429688,1.014323178,0.999214818
0.2,6,0,1,13,10,1.029236884,1.007539097,1.014618442,-0.014618442,0.5234375,0.856445313,0.999023438,0.014648438,1.003735717,0.999130825
0.2,6,0,1,14,10,0.970763116,0.967976348,-0.014618442,-0.985381558,1,-0.0234375,0.55078125,-0.841796875,1.00027462,1.005973143
0.2,6,0,1,15,10,0.824336646,0.818920675,-0.087831677,-0.912168323,0.994140625,-0.094726563,0.615234375,-0.797851563,0.998643432,1.007512011
0.2,6,2,3,0,10,1,0.984534861,1.05122506,0.05122506,0.490234375,0.848632813,1,0.0625,0.980054791,1.001951221
0.2,6,2,3,1,10,1,0.938269746,0.94877494,-0.05122506,0.604492188,0.799804688,0.998046875,-0.014648438,1.002545931,0.998154368
0.2,6,2,3,2,10,1,0.957939369,-0.05122506,-1.05122506,0.999023438,-0.0703125,0.517578125,-0.858398438,1.001494721,1.002364701
0.2,6,2,3,3,10,1,1.063530624,0.05122506,-0.94877494,1,0.09765625,0.565429688,-0.818359375,1.004757057,0.99469734
0.2,6,2,3,4,10,1,1.044224286,1.05122506,0.05122506,0.471679688,0.87109375,0.999023438,0.030273438,0.990598833,0.999482021
0.2,6,2,3,5,10,1,0.975554014,0.94877494,-0.05122506,0.58984375,0.823242188,0.99609375,-0.026367188,1.012740514,0.996442666
0.2,6,2,3,6,10,1,0.967598013,-0.05122506,-1.05122506,0.999023438,-0.07421875,0.512695313,-0.876953125,1.001776548,1.015826396
0.2,6,2,3,7,10,1,1.007018765,0.05122506,-0.94877494,1,0.04296875,0.569335938,-0.8203125,1.000922731,0.998526919
0.2,6,2,3,8,10,1,1.022373422,1.05122506,0.05122506,0.489257813,0.874023438,0.999023438,0.038085938,1.001643737,0.999749152
0.2,6,2,3,9,10,1,0.991680226,0.94877494,-0.05122506,0.563476563,0.810546875,0.998046875,-0.028320313,0.987163651,0.998448599
0.2,6,2,3,10,10,1,0.99364512,-0.05122506,-1.05122506,0.998046875,-0.0703125,0.491210938,-0.884765625,1.000520571,1.011977468
0.2,6,2,3,11,10,1,0.962521161,0.05122506,-0.94877494,0.999023438,0.021484375,0.603515625,-0.828125,0.999254426,1.024705873
0.2,6,2,3,12,10,1,0.974542281,1.05122506,0.05122506,0.491210938,0.86328125,1,0.079101563,0.99324856,1.00312365
0.2,6,2,3,13,10,1,0.958344277,0.94877494,-0.05122506,0.59765625,0.799804688,1,-0.029296875,0.998439047,1.000429061
0.2,6,2,3,14,10,1,1.033622235,-0.05122506,-1.05122506,0.997070313,-0.012695313,0.50390625,-0.87109375,0.997151131,1.006342799
0.2,6,2,3,15,10,1,0.976389328,0.05122506,-0.94877494,0.999023438,0.018554688,0.592773438,-0.842773438,0.999195729,1.030362759
0.2,6,0,1,0,11,1.175663354,1.196959155,1.087831677,-0.087831677,0.450195313,0.876953125,0.998046875,-0.100585938,0.985759911,1.003102734
0.2,6,0,1,1,11,1.029236884,0.986683891,1.014618442,-0.014618442,0.565429688,0.825195313,0.999023438,-0.016601563,1.000328964,0.999161369
0.2,6,0,1,2,11,0.970763116,0.988405268,-0.014618442,-0.985381558,1,0.029296875,0.578125,-0.82421875,1.000429061,1.006759685
0.2,6,0,1,3,11,0.824336646,0.872299031,-0.087831677,-0.912168323,0.995117188,-0.030273438,0.610351563,-0.7734375,0.99557757,0.985258644
0.2,6,0,1,4,11,1.175663354,1.188519021,1.087831677,-0.087831677,0.447265625,0.879882813,0.99609375,-0.087890625,0.98703612,0.99996376
0.2,6,0,1,5,11,1.029236884,1.008566544,1.014618442,-0.014618442,0.509765625,0.860351563,1,0.02734375,1.000032901,1.00037377
0.2,6,0,1,6,11,0.970763116,0.952107981,-0.014618442,-0.985381558,0.999023438,-0.015625,0.561523438,-0.815429688,0.99914562,0.990067748
0.2,6,0,1,7,11,0.824336646,0.791015624,-0.087831677,-0.912168323,0.993164063,-0.077148438,0.633789063,-0.749023438,0.99615598,0.981185347
0.2,6,0,1,8,11,1.175663354,1.162053545,1.087831677,-0.087831677,0.453125,0.870117188,0.997070313,-0.071289063,0.981033223,0.999615595
0.2,6,0,1,9,11,1.029236884,1.036696218,1.014618442,-0.014618442,0.500976563,0.833984375,1,-0.006835938,0.972886146,1.000023365
0.2,6,0,1,10,11,0.970763116,0.946356225,-0.014618442,-0.985381558,1,-0.025390625,0.552734375,-0.809570313,1.00032229,0.980264954
0.2,6,0,1,11,11,0.824336646,0.859102771,-0.087831677,-0.912168323,0.995117188,-0.06640625,0.602539063,-0.80078125,0.99733044,1.002149656
0.2,6,0,1,12,11,1.175663354,1.199613,1.087831677,-0.087831677,0.45703125,0.880859375,0.99609375,-0.107421875,0.992366264,1.001869362
0.2,6,0,1,13,11,1.029236884,1.036414608,1.014618442,-0.014618442,0.51171875,0.845703125,1,-0.009765625,0.988468439,1.000047683
0.2,6,0,1,14,11,0.970763116,0.968576346,-0.014618442,-0.985381558,1,-0.0078125,0.568359375,-0.840820313,1.000030517,1.014894663
0.2,6,0,1,15,11,0.824336646,0.858056298,-0.087831677,-0.912168323,0.991210938,-0.075195313,0.591796875,-0.799804688,0.994059082,0.994942752
0.2,6,2,3,0,11,1,0.995431823,1.05122506,0.05122506,0.500976563,0.887695313,0.998046875,0.061523438,1.019303921,0.999941347
0.2,6,2,3,1,11,1,0.960356889,0.94877494,-0.05122506,0.595703125,0.80859375,0.99609375,-0.024414063,1.004333643,0.996392897
0.2,6,2,3,2,11,1,1.013887959,-0.05122506,-1.05122506,0.999023438,-0.029296875,0.512695313,-0.879882813,0.999452918,1.01835664
0.2,6,2,3,3,11,1,0.992677125,0.05122506,-0.94877494,1,0.051757813,0.572265625,-0.78515625,1.00133854,0.971575155
0.2,6,2,3,4,11,1,0.978286276,1.05122506,0.05122506,0.502929688,0.885742188,0.999023438,0.076171875,1.018566391,1.001923142
0.2,6,2,3,5,11,1,0.979509383,0.94877494,-0.05122506,0.58984375,0.806640625,0.998046875,-0.040039063,0.999292123,0.998849684
0.2,6,2,3,6,11,1,0.9735112,-0.05122506,-1.05122506,0.998046875,-0.086914063,0.48828125,-0.872070313,1.001824146,0.99946246
0.2,6,2,3,7,11,1,0.99596571,0.05122506,-0.94877494,0.999023438,0.05078125,0.58203125,-0.805664063,1.000313233,0.993908928
0.2,6,2,3,8,11,1,0.998451901,1.05122506,0.05122506,0.485351563,0.850585938,0.997070313,0.053710938,0.979317403,0.998515935
0.2,6,2,3,9,11,1,1.031049333,0.94877494,-0.05122506,0.588867188,0.827148438,1,-0.079101563,1.015351714,1.00312365
0.2,6,2,3,10,11,1,1.039554728,-0.05122506,-1.05122506,0.99609375,-0.014648438,0.481445313,-0.84765625,0.996201453,0.974838811
0.2,6,2,3,11,11,1,0.979397917,0.05122506,-0.94877494,0.99609375,0.032226563,0.588867188,-0.818359375,0.996614926,1.008204657
0.2,6,2,3,12,11,1,0.991358489,1.05122506,0.05122506,0.508789063,0.865234375,0.999023438,0.047851563,1.003741418,1.000168786
0.2,6,2,3,13,11,1,0.972973875,0.94877494,-0.05122506,0.599609375,0.815429688,0.997070313,-0.036132813,1.012154622,0.997724806
0.2,6,2,3,14,11,1,0.961985644,-0.05122506,-1.05122506,0.998046875,-0.07421875,0.51171875,-0.864257813,1.000802672,1.00438919
0.2,6,2,3,15,11,1,0.959836908,0.05122506,-0.94877494,0.999023438,0.01953125,0.59375,-0.813476563,0.999214341,1.007116269
0.2,6,0,1,0,12,1.175663354,1.120811666,1.087831677,-0.087831677,0.499023438,0.875,0.999023438,-0.068359375,1.007298065,1.001359492
0.2,6,0,1,1,12,1.029236884,1.041456698,1.014618442,-0.014618442,0.513671875,0.841796875,1,-0.018554688,0.986144398,1.000172123
0.2,6,0,1,2,12,0.970763116,1.011480431,-0.014618442,-0.985381558,1,0.008789063,0.52734375,-0.826171875,1.000038623,0.980128256
0.2,6,0,1,3,12,0.824336646,0.764355451,-0.087831677,-0.912168323,0.993164063,-0.114257813,0.646484375,-0.780273438,0.999714811,1.013295951
0.2,6,0,1,4,12,1.175663354,1.13674348,1.087831677,-0.087831677,0.491210938,0.87109375,0.994140625,-0.079101563,1.000046252,0.997282628
0.2,6,0,1,5,12,1.029236884,1.01155657,1.014618442,-0.014618442,0.543945313,0.8671875,0.999023438,-0.000976563,1.023665308,0.999023915
0.2,6,0,1,6,12,0.970763116,0.96308996,-0.014618442,-0.985381558,1,0.013671875,0.5859375,-0.818359375,1.000093456,1.006496309
0.2,6,0,1,7,12,0.824336646,0.859182952,-0.087831677,-0.912168323,0.99609375,-0.06640625,0.608398438,-0.80859375,0.998304838,1.011915269
0.2,6,0,1,8,12,1.175663354,1.174199991,1.087831677,-0.087831677,0.485351563,0.887695313,0.994140625,-0.103515625,1.011715922,0.999515416
0.2,6,0,1,9,12,1.029236884,1.003731483,1.014618442,-0.014618442,0.549804688,0.848632813,1,-0.0078125,1.011169049,1.000030517
0.2,6,0,1,10,12,0.970763116,0.995288141,-0.014618442,-0.985381558,1,-0.016601563,0.533203125,-0.852539063,1.000137796,1.005548818
0.2,6,0,1,11,12,0.824336646,0.824335488,-0.087831677,-0.912168323,0.994140625,-0.063476563,0.62890625,-0.7734375,0.996165075,0.996859387
0.2,6,0,1,12,12,1.175663354,1.176889057,1.087831677,-0.087831677,0.465820313,0.888671875,0.997070313,-0.088867188,1.003357496,1.00102277
0.2,6,0,1,13,12,1.029236884,1.037028349,1.014618442,-0.014618442,0.525390625,0.825195313,1,-0.033203125,0.978254881,1.000551072
0.2,6,0,1,14,12,0.970763116,0.999346967,-0.014618442,-0.985381558,1,-0.008789063,0.530273438,-0.840820313,1.000038623,0.994066757
0.2,6,0,1,15,12,0.824336646,0.839467768,-0.087831677,-0.912168323,0.998046875,-0.080078125,0.594726563,-0.780273438,1.001254249,0.981084258
0.2,6,2,3,0,12,1,0.995615712,1.05122506,0.05122506,0.497070313,0.87890625,1,0.060546875,1.009730207,1.001831285
0.2,6,2,3,1,12,1,1.010784405,0.94877494,-0.05122506,0.549804688,0.815429688,0.999023438,-0.033203125,0.983468744,0.999575048
0.2,6,2,3,2,12,1,1.022453977,-0.05122506,-1.05122506,0.999023438,-0.029296875,0.497070313,-0.870117188,0.999452918,1.002089225
0.2,6,2,3,3,12,1,1.040939218,0.05122506,-0.94877494,1,0.083984375,0.583984375,-0.829101563,1.003520491,1.014123834
0.2,6,2,3,4,12,1,1.01898567,1.05122506,0.05122506,0.475585938,0.880859375,0.997070313,0.056640625,1.001047063,0.99867781
0.2,6,2,3,5,12,1,1.030347899,0.94877494,-0.05122506,0.58984375,0.810546875,1,-0.088867188,1.002447947,1.003940923
0.2,6,2,3,6,12,1,0.987769238,-0.05122506,-1.05122506,0.99609375,-0.065429688,0.490234375,-0.861328125,0.998240353,0.991068051
0.2,6,2,3,7,12,1,1.007106033,0.05122506,-0.94877494,0.999023438,0.055664063,0.586914063,-0.823242188,1.000572994,1.011037
0.2,6,2,3,8,12,1,0.985901557,1.05122506,0.05122506,0.518554688,0.876953125,0.997070313,0.05078125,1.018796225,0.998362631
0.2,6,2,3,9,12,1,1.020504595,0.94877494,-0.05122506,0.58984375,0.838867188,0.998046875,-0.0625,1.025482232,1.000001907
0.2,6,2,3,10,12,1,1.006186719,-0.05122506,-1.05122506,0.999023438,-0.053710938,0.48828125,-0.87109375,1.000466238,0.998610485
0.2,6,2,3,11,12,1,0.989690796,0.05122506,-0.94877494,0.999023438,0.02734375,0.567382813,-0.814453125,0.999397573,0.992601203
0.2,6,2,3,12,12,1,1.001146151,1.05122506,0.05122506,0.490234375,0.868164063,1,0.055664063,0.997014835,1.001548046
0.2,6,2,3,13,12,1,1.032389353,0.94877494,-0.05122506,0.571289063,0.821289063,0.998046875,-0.069335938,1.00044336,1.000452416
0.2,6,2,3,14,12,1,1.017690725,-0.05122506,-1.05122506,0.998046875,-0.032226563,0.501953125,-0.875,0.998567031,1.008752665
0.2,6,2,3,15,12,1,1.038176725,0.05122506,-0.94877494,1,0.073242188,0.565429688,-0.81640625,1.002678622,0.993091082
0.2,6,0,1,0,13,1.175663354,1.236738701,1.087831677,-0.087831677,0.430664063,0.891601563,0.998046875,-0.116210938,0.990164068,1.004789802
0.2,6,0,1,1,13,1.029236884,1.09218927,1.014618442,-0.014618442,0.498046875,0.84375,1,-0.0546875,0.97977791,1.001494245
0.2,6,0,1,2,13,0.970763116,0.9948288,-0.014618442,-0.985381558,1,-0.015625,0.536132813,-0.854492188,1.000122063,1.008759283
0.2,6,0,1,3,13,0.824336646,0.799082545,-0.087831677,-0.912168323,0.999023438,-0.112304688,0.618164063,-0.796875,1.005315956,1.00853189
0.2,6,0,1,4,13,1.175663354,1.164019262,1.087831677,-0.087831677,0.470703125,0.860351563,0.99609375,-0.09375,0.980696815,1.000495788
0.2,6,0,1,5,13,1.029236884,0.992020629,1.014618442,-0.014618442,0.498046875,0.836914063,1,0.041992188,0.973897242,1.000881284
0.2,6,0,1,6,13,0.970763116,0.937433104,-0.014618442,-0.985381558,1,-0.025390625,0.565429688,-0.8125,1.00032229,0.989882307
0.2,6,0,1,7,13,0.824336646,0.836623358,-0.087831677,-0.912168323,0.998046875,-0.072265625,0.620117188,-0.795898438,1.000659725,1.008959687
0.2,6,0,1,8,13,1.175663354,1.210750346,1.087831677,-0.087831677,0.411132813,0.876953125,0.995117188,-0.078125,0.968543738,0.998179209
0.2,6,0,1,9,13,1.029236884,1.04116648,1.014618442,-0.014618442,0.532226563,0.841796875,1,-0.034179688,0.995935285,1.000583955
0.2,6,0,1,10,13,0.970763116,0.972270458,-0.014618442,-0.985381558,0.999023438,-0.015625,0.553710938,-0.83984375,0.99914562,1.005948968
0.2,6,0,1,11,13,0.824336646,0.783140873,-0.087831677,-0.912168323,0.998046875,-0.114257813,0.622070313,-0.779296875,1.004565783,0.997133438
0.2,6,0,1,12,13,1.175663354,1.19032533,1.087831677,-0.087831677,0.475585938,0.916015625,0.999023438,-0.098632813,1.032117537,1.003880601
0.2,6,0,1,13,13,1.029236884,0.968236532,1.014618442,-0.014618442,0.516601563,0.830078125,1,0.045898438,0.977704898,1.001052779
0.2,6,0,1,14,13,0.970763116,0.925521116,-0.014618442,-0.985381558,1,-0.037109375,0.575195313,-0.826171875,1.000688316,1.00668248
0.2,6,0,1,15,13,0.824336646,0.835816941,-0.087831677,-0.912168323,0.99609375,-0.0703125,0.625,-0.797851563,0.998572284,1.013504867
0.2,6,2,3,0,13,1,0.998119717,1.05122506,0.05122506,0.505859375,0.889648438,0.999023438,0.055664063,1.023410011,1.000572994
0.2,6,2,3,1,13,1,1.020567663,0.94877494,-0.05122506,0.54296875,0.845703125,0.999023438,-0.020507813,1.00500191,0.999233906
0.2,6,2,3,2,13,1,0.991202456,-0.05122506,-1.05122506,0.999023438,-0.072265625,0.485351563,-0.873046875,1.00163374,0.998887874
0.2,6,2,3,3,13,1,1.05264637,0.05122506,-0.94877494,0.997070313,0.0703125,0.546875,-0.819335938,0.999546425,0.985080527
0.2,6,2,3,4,13,1,0.985125227,1.05122506,0.05122506,0.516601563,0.866210938,0.998046875,0.047851563,1.008562622,0.999193343
0.2,6,2,3,5,13,1,1.046385811,0.94877494,-0.05122506,0.563476563,0.826171875,0.999023438,-0.07421875,1.000032901,1.001776548
0.2,6,2,3,6,13,1,0.968795043,-0.05122506,-1.05122506,0.999023438,-0.106445313,0.477539063,-0.8828125,1.004678273,1.003693911
0.2,6,2,3,7,13,1,1.0228728,0.05122506,-0.94877494,0.999023438,0.065429688,0.584960938,-0.831054688,1.001163759,1.016283028
0.2,6,2,3,8,13,1,0.997301564,1.05122506,0.05122506,0.484375,0.836914063,0.999023438,0.048828125,0.966976881,1.000215984
0.2,6,2,3,9,13,1,1.023352426,0.94877494,-0.05122506,0.556640625,0.825195313,0.997070313,-0.045898438,0.995387407,0.998126182
0.2,6,2,3,10,13,1,1.02266678,-0.05122506,-1.05122506,0.999023438,-0.040039063,0.473632813,-0.850585938,0.999825462,0.973562776
0.2,6,2,3,11,13,1,1.001715313,0.05122506,-0.94877494,0.999023438,0.032226563,0.563476563,-0.821289063,0.999543086,0.996002791
0.2,6,2,3,12,13,1,0.974786856,1.05122506,0.05122506,0.491210938,0.877929688,0.998046875,0.0859375,1.006006323,1.001739896
0.2,6,2,3,13,13,1,0.982227876,0.94877494,-0.05122506,0.587890625,0.8203125,0.998046875,-0.033203125,1.009221475,0.998599025
0.2,6,2,3,14,13,1,1.022665148,-0.05122506,-1.05122506,0.999023438,-0.041015625,0.493164063,-0.887695313,0.999865046,1.015486957
0.2,6,2,3,15,13,1,0.967319011,0.05122506,-0.94877494,0.999023438,0.0234375,0.587890625,-0.811523438,0.999298326,1.002090653
0.2,6,0,1,0,14,1.175663354,1.129069859,1.087831677,-0.087831677,0.438476563,0.888671875,0.998046875,-0.016601563,0.990958827,0.998184941
0.2,6,0,1,1,14,1.029236884,1.049482335,1.014618442,-0.014618442,0.515625,0.827148438,1,-0.036132813,0.974701841,1.000652577
0.2,6,0,1,2,14,0.970763116,0.94999101,-0.014618442,-0.985381558,0.998046875,-0.0078125,0.592773438,-0.842773438,0.998077452,1.030362759
0.2,6,0,1,3,14,0.824336646,0.796312174,-0.087831677,-0.912168323,0.997070313,-0.092773438,0.634765625,-0.782226563,1.001377111,1.007375696
0.2,6,0,1,4,14,1.175663354,1.151436884,1.087831677,-0.087831677,0.477539063,0.884765625,0.993164063,-0.075195313,1.005412238,0.996006621
0.2,6,0,1,5,14,1.029236884,1.003854027,1.014618442,-0.014618442,0.540039063,0.842773438,1,-0.002929688,1.000954173,1.000004292
0.2,6,0,1,6,14,0.970763116,0.966320742,-0.014618442,-0.985381558,0.999023438,-0.0234375,0.532226563,-0.810546875,0.999298326,0.969665587
0.2,6,0,1,7,14,0.824336646,0.814039326,-0.087831677,-0.912168323,0.997070313,-0.081054688,0.634765625,-0.791992188,1.000359471,1.014977351
0.2,6,0,1,8,14,1.175663354,1.205249831,1.087831677,-0.087831677,0.448242188,0.881835938,0.994140625,-0.104492188,0.989219733,0.999617026
0.2,6,0,1,9,14,1.029236884,0.995535656,1.014618442,-0.014618442,0.549804688,0.8515625,0.999023438,0.001953125,1.013629067,0.999025347
0.2,6,0,1,10,14,0.970763116,1.000832665,-0.014618442,-0.985381558,1,0.010742188,0.549804688,-0.837890625,1.000057696,1.002170591
0.2,6,0,1,11,14,0.824336646,0.812950202,-0.087831677,-0.912168323,0.991210938,-0.096679688,0.616210938,-0.79296875,0.995914697,1.004248653
0.2,6,0,1,12,14,1.175663354,1.201563787,1.087831677,-0.087831677,0.44921875,0.890625,0.994140625,-0.09765625,0.997502068,0.998925586
0.2,6,0,1,13,14,1.029236884,1.020576363,1.014618442,-0.014618442,0.537109375,0.833007813,0.999023438,-0.022460938,0.991155132,0.999275899
0.2,6,0,1,14,14,0.970763116,0.922944124,-0.014618442,-0.985381558,1,-0.017578125,0.600585938,-0.823242188,1.000154483,1.019034429
0.2,6,0,1,15,14,0.824336646,0.839145774,-0.087831677,-0.912168323,0.9921875,-0.100585938,0.581054688,-0.795898438,0.997273065,0.985433343
0.2,6,2,3,0,14,1,1.057855713,1.05122506,0.05122506,0.483398438,0.868164063,0.999023438,0.004882813,0.993671419,0.99903537
0.2,6,2,3,1,14,1,1.017194897,0.94877494,-0.05122506,0.579101563,0.814453125,0.998046875,-0.064453125,0.999346042,1.000125877
0.2,6,2,3,2,14,1,0.961361687,-0.05122506,-1.05122506,0.998046875,-0.0625,0.538085938,-0.883789063,1.000001907,1.034707487
0.2,6,2,3,3,14,1,1.015133853,0.05122506,-0.94877494,0.997070313,0.068359375,0.600585938,-0.833984375,0.999410933,1.027732167
0.2,6,2,3,4,14,1,1.049177579,1.05122506,0.05122506,0.484375,0.890625,0.997070313,0.0234375,1.013820512,0.99734574
0.2,6,2,3,5,14,1,1.008908374,0.94877494,-0.05122506,0.6015625,0.799804688,0.998046875,-0.083007813,1.000782184,1.001492817
0.2,6,2,3,6,14,1,0.95990404,-0.05122506,-1.05122506,0.999023438,-0.059570313,0.522460938,-0.849609375,1.000797907,0.997397374
0.2,6,2,3,7,14,1,0.994796535,0.05122506,-0.94877494,0.999023438,0.053710938,0.600585938,-0.82421875,1.000466238,1.019823522
0.2,6,2,3,8,14,1,1.004925935,1.05122506,0.05122506,0.490234375,0.870117188,0.998046875,0.052734375,0.998716007,0.999439082
0.2,6,2,3,9,14,1,1.005257618,0.94877494,-0.05122506,0.599609375,0.829101563,0.998046875,-0.060546875,1.023201253,0.999881737
0.2,6,2,3,10,14,1,1.011151428,-0.05122506,-1.05122506,0.997070313,-0.006835938,0.533203125,-0.864257813,0.997093746,1.015503392
0.2,6,2,3,11,14,1,0.968745716,0.05122506,-0.94877494,0.998046875,0.053710938,0.609375,-0.791992188,0.999491085,0.999294509
0.2,6,2,3,12,14,1,0.980056461,1.05122506,0.05122506,0.540039063,0.868164063,0.997070313,0.034179688,1.022424094,0.997655982
0.2,6,2,3,13,14,1,0.989965915,0.94877494,-0.05122506,0.607421875,0.825195313,0.999023438,-0.053710938,1.024650496,1.000466238
0.2,6,2,3,14,14,1,0.977354188,-0.05122506,-1.05122506,1,-0.04296875,0.521484375,-0.849609375,1.000922731,0.996886174
0.2,6,2,3,15,14,1,1.007106033,0.05122506,-0.94877494,0.999023438,0.055664063,0.586914063,-0.823242188,1.000572994,1.011037
0.2,6,0,1,0,15,1.175663354,1.178788257,1.087831677,-0.087831677,0.463867188,0.888671875,0.995117188,-0.088867188,1.002452228,0.999077371
0.2,6,0,1,1,15,1.029236884,1.048525519,1.014618442,-0.014618442,0.509765625,0.83203125,0.997070313,-0.02734375,0.975775073,0.997445181
0.2,6,0,1,2,15,0.970763116,0.920782009,-0.014618442,-0.985381558,1,-0.055664063,0.568359375,-0.840820313,1.001548046,1.014894663
0.2,6,0,1,3,15,0.824336646,0.826291053,-0.087831677,-0.912168323,0.997070313,-0.072265625,0.624023438,-0.784179688,0.999685715,1.002169164
0.2,6,0,1,4,15,1.175663354,1.190598003,1.087831677,-0.087831677,0.4296875,0.879882813,1,-0.07421875,0.979196156,1.002750429
0.2,6,0,1,5,15,1.029236884,1.035326614,1.014618442,-0.014618442,0.55078125,0.841796875,1,-0.043945313,1.005973143,1.00096513
0.2,6,0,1,6,15,0.970763116,0.957470856,-0.014618442,-0.985381558,0.999023438,-0.03125,0.55078125,-0.836914063,0.999512077,1.001890779
0.2,6,0,1,7,15,0.824336646,0.820714704,-0.087831677,-0.912168323,0.994140625,-0.0703125,0.627929688,-0.77734375,0.996624016,0.999279239
0.2,6,0,1,8,15,1.175663354,1.170750043,1.087831677,-0.087831677,0.430664063,0.889648438,0.999023438,-0.05078125,0.988405725,1.000313233
0.2,6,0,1,9,15,1.029236884,1.039120343,1.014618442,-0.014618442,0.506835938,0.842773438,1,-0.009765625,0.983437713,1.000047683
0.2,6,0,1,10,15,0.970763116,0.953788954,-0.014618442,-0.985381558,1,-0.013671875,0.571289063,-0.829101563,1.000093456,1.006866721
0.2,6,0,1,11,15,0.824336646,0.824018718,-0.087831677,-0.912168323,0.993164063,-0.092773438,0.59765625,-0.780273438,0.997487727,0.982862976
0.2,6,0,1,12,15,1.175663354,1.186664664,1.087831677,-0.087831677,0.46875,0.873046875,0.994140625,-0.108398438,0.99092755,1.000032901
0.2,6,0,1,13,15,1.029236884,1.003384053,1.014618442,-0.014618442,0.541992188,0.8359375,1,-0.0078125,0.996266548,1.000030517
0.2,6,0,1,14,15,0.970763116,0.955550571,-0.014618442,-0.985381558,1,-0.037109375,0.541015625,-0.829101563,1.000688316,0.990003691
0.2,6,0,1,15,15,0.824336646,0.824560581,-0.087831677,-0.912168323,0.998046875,-0.091796875,0.615234375,-0.801757813,1.002259563,1.010608196
0.2,6,2,3,0,15,1,0.953326161,1.05122506,0.05122506,0.505859375,0.864257813,0.997070313,0.087890625,1.001416633,1.000936546
0.2,6,2,3,1,15,1,0.999128816,0.94877494,-0.05122506,0.61328125,0.838867188,0.998046875,-0.059570313,1.039140053,0.999823078
0.2,6,2,3,2,15,1,1.003403828,-0.05122506,-1.05122506,0.999023438,-0.073242188,0.467773438,-0.868164063,1.00170467,0.986164706
0.2,6,2,3,3,15,1,1.026727208,0.05122506,-0.94877494,0.999023438,0.064453125,0.57421875,-0.82421875,1.001100412,1.004521638
0.2,6,2,3,4,15,1,0.96923876,1.05122506,0.05122506,0.513671875,0.868164063,1,0.067382813,1.008745575,1.002267651
0.2,6,2,3,5,15,1,0.981549139,0.94877494,-0.05122506,0.579101563,0.784179688,1,-0.046875,0.974831474,1.00109803
0.2,6,2,3,6,15,1,0.995158808,-0.05122506,-1.05122506,0.997070313,-0.05078125,0.498046875,-0.860351563,0.998362631,0.994110407
0.2,6,2,3,7,15,1,1.003537301,0.05122506,-0.94877494,0.999023438,0.036132813,0.55859375,-0.810546875,0.999676652,0.984384688
0.2,6,2,3,8,15,1,1.047364305,1.05122506,0.05122506,0.455078125,0.87109375,0.999023438,0.041992188,0.982802331,0.999905582
0.2,6,2,3,9,15,1,0.995106205,0.94877494,-0.05122506,0.586914063,0.819335938,0.999023438,-0.045898438,1.007858867,1.000077245
0.2,6,2,3,10,15,1,1.053357747,-0.05122506,-1.05122506,0.999023438,-0.03515625,0.45703125,-0.873046875,0.999641831,0.985438181
0.2,6,2,3,11,15,1,1.010556535,0.05122506,-0.94877494,0.999023438,0.059570313,0.583984375,-0.818359375,1.000797907,1.005360541
0.2,6,2,3,12,15,1,1.012291497,1.05122506,0.05122506,0.491210938,0.861328125,0.995117188,0.040039063,0.991551473,0.995922358
0.2,6,2,3,13,15,1,0.973122358,0.94877494,-0.05122506,0.58984375,0.8125,1,-0.030273438,1.004027838,1.000458136
0.2,6,2,3,14,15,1,0.992631891,-0.05122506,-1.05122506,0.998046875,-0.061523438,0.493164063,-0.868164063,0.999941347,0.998458628
0.2,6,2,3,15,15,1,1.007569722,0.05122506,-0.94877494,0.998046875,0.0546875,0.576171875,-0.810546875,0.99954404,0.994464814
0.2,6,0,1,0,16,1.175663354,1.153993071,1.087831677,-0.087831677,0.516601563,0.879882813,0.997070313,-0.114257813,1.020328838,1.003595564
0.2,6,0,1,1,16,1.029236884,1.012105201,1.014618442,-0.014618442,0.534179688,0.83984375,1,-0.0078125,0.995331836,1.000030517
0.2,6,0,1,2,16,0.970763116,0.976823114,-0.014618442,-0.985381558,1,-0.022460938,0.533203125,-0.829101563,1.000252215,0.985756042
0.2,6,0,1,3,16,0.824336646,0.84434507,-0.087831677,-0.912168323,0.995117188,-0.076171875,0.61328125,-0.806640625,0.998028242,1.01330301
0.2,6,0,1,4,16,1.175663354,1.199325341,1.087831677,-0.087831677,0.430664063,0.90234375,0.990234375,-0.073242188,0.999847877,0.992939341
0.2,6,0,1,5,16,1.029236884,1.062409538,1.014618442,-0.014618442,0.509765625,0.841796875,1,-0.036132813,0.984115324,1.000652577
0.2,6,0,1,6,16,0.970763116,0.969770373,-0.014618442,-0.985381558,1,-0.004882813,0.579101563,-0.853515625,1.000011921,1.031429853
0.2,6,0,1,7,16,0.824336646,0.83171682,-0.087831677,-0.912168323,0.997070313,-0.086914063,0.618164063,-0.809570313,1.000851269,1.018592607
0.2,6,0,1,8,16,1.175663354,1.151714572,1.087831677,-0.087831677,0.467773438,0.877929688,0.99609375,-0.0703125,0.9947726,0.998572284
0.2,6,0,1,9,16,1.029236884,1.054269286,1.014618442,-0.014618442,0.505859375,0.849609375,1,-0.020507813,0.988802203,1.000210263
0.2,6,0,1,10,16,0.970763116,0.925482182,-0.014618442,-0.985381558,1,-0.068359375,0.553710938,-0.850585938,1.002333779,1.014934599
0.2,6,0,1,11,16,0.824336646,0.883676357,-0.087831677,-0.912168323,0.99609375,-0.02734375,0.614257813,-0.791992188,0.996468986,1.002279544
0.2,6,0,1,12,16,1.175663354,1.191451173,1.087831677,-0.087831677,0.479492188,0.88671875,0.994140625,-0.116210938,1.008058976,1.000909868
0.2,6,0,1,13,16,1.029236884,1.032591262,1.014618442,-0.014618442,0.512695313,0.84375,1,-0.0078125,0.987304688,1.000030517
0.2,6,0,1,14,16,0.970763116,0.979512107,-0.014618442,-0.985381558,1,-0.040039063,0.517578125,-0.841796875,1.000801242,0.988184747
0.2,6,0,1,15,16,0.824336646,0.794475919,-0.087831677,-0.912168323,0.994140625,-0.116210938,0.625976563,-0.806640625,1.000909868,1.021036608
0.2,6,2,3,0,16,1,1.02268045,1.05122506,0.05122506,0.491210938,0.872070313,1,0.03515625,1.000897005,1.00061779
0.2,6,2,3,1,16,1,0.968909964,0.94877494,-0.05122506,0.603515625,0.805664063,0.999023438,-0.041015625,1.006640796,0.999865046
0.2,6,2,3,2,16,1,0.98496556,-0.05122506,-1.05122506,0.999023438,-0.046875,0.524414063,-0.876953125,1.00012254,1.021791022
0.2,6,2,3,3,16,1,0.997535602,0.05122506,-0.94877494,1,0.0390625,0.583007813,-0.830078125,1.000762649,1.014360785
0.2,6,2,3,4,16,1,0.939088431,1.05122506,0.05122506,0.487304688,0.8515625,0.999023438,0.112304688,0.981134318,1.005315956
0.2,6,2,3,5,16,1,1.011521022,0.94877494,-0.05122506,0.590820313,0.809570313,1,-0.071289063,1.002233871,1.002537845
0.2,6,2,3,6,16,1,0.990944771,-0.05122506,-1.05122506,0.999023438,-0.065429688,0.495117188,-0.875976563,1.001163759,1.006218648
0.2,6,2,3,7,16,1,0.988943192,0.05122506,-0.94877494,0.99609375,0.048828125,0.58203125,-0.796875,0.9972898,0.986797923
0.2,6,2,3,8,16,1,0.983642017,1.05122506,0.05122506,0.487304688,0.875,0.999023438,0.079101563,1.001544237,1.002150131
0.2,6,2,3,9,16,1,0.95855669,0.94877494,-0.05122506,0.600585938,0.795898438,0.999023438,-0.034179688,0.997074617,0.999607963
0.2,6,2,3,10,16,1,1.022579694,-0.05122506,-1.05122506,0.999023438,-0.030273438,0.490234375,-0.860351563,0.999482021,0.990219447
0.2,6,2,3,11,16,1,0.972062166,0.05122506,-0.94877494,0.998046875,0.041992188,0.6015625,-0.806640625,0.998929882,1.006253715
0.2,6,2,3,12,16,1,0.986800927,1.05122506,0.05122506,0.505859375,0.845703125,0.999023438,0.044921875,0.985447859,1.000032901
0.2,6,2,3,13,16,1,1.005066722,0.94877494,-0.05122506,0.583007813,0.82421875,0.997070313,-0.049804688,1.009571522,0.998313435
0.2,6,2,3,14,16,1,0.998725456,-0.05122506,-1.05122506,0.998046875,-0.051757813,0.487304688,-0.850585938,0.999388031,0.980286843
0.2,6,2,3,15,16,1,1.013661592,0.05122506,-0.94877494,0.999023438,0.056640625,0.575195313,-0.81640625,1.000627797,0.99868354
0.2,6,0,1,0,17,1.175663354,1.168794601,1.087831677,-0.087831677,0.46875,0.880859375,0.99609375,-0.086914063,0.997817519,0.999878399
0.2,6,0,1,1,17,1.029236884,1.024142473,1.014618442,-0.014618442,0.546875,0.845703125,0.999023438,-0.02734375,1.00711769,0.999397573
0.2,6,0,1,2,17,0.970763116,0.985041265,-0.014618442,-0.985381558,1,-0.006835938,0.5546875,-0.848632813,1.000023365,1.013832271
0.2,6,0,1,3,17,0.824336646,0.819064815,-0.087831677,-0.912168323,0.997070313,-0.087890625,0.610351563,-0.780273438,1.000936546,0.990633972
0.2,6,0,1,4,17,1.175663354,1.151638897,1.087831677,-0.087831677,0.475585938,0.89453125,0.99609375,-0.069335938,1.013098288,0.998503996
0.2,6,0,1,5,17,1.029236884,1.050265836,1.014618442,-0.014618442,0.514648438,0.860351563,1,-0.018554688,1.00253071,1.000172123
0.2,6,0,1,6,17,0.970763116,0.943705906,-0.014618442,-0.985381558,1,-0.049804688,0.540039063,-0.829101563,1.001239485,0.989470358
0.2,6,0,1,7,17,0.824336646,0.769762226,-0.087831677,-0.912168323,0.994140625,-0.129882813,0.62890625,-0.791992188,1.002589212,1.01132324
0.2,6,0,1,8,17,1.175663354,1.150643395,1.087831677,-0.087831677,0.495117188,0.87890625,0.99609375,-0.092773438,1.008770155,1.000404753
0.2,6,0,1,9,17,1.029236884,1.009619658,1.014618442,-0.014618442,0.549804688,0.837890625,1,-0.01953125,1.002170591,1.000190717
0.2,6,0,1,10,17,0.970763116,0.948830521,-0.014618442,-0.985381558,1,-0.052734375,0.538085938,-0.840820313,1.001389492,0.998256116
0.2,6,0,1,11,17,0.824336646,0.829333147,-0.087831677,-0.912168323,0.994140625,-0.100585938,0.609375,-0.817382813,0.999216249,1.019535459
0.2,6,0,1,12,17,1.175663354,1.219110836,1.087831677,-0.087831677,0.431640625,0.87890625,0.993164063,-0.104492188,0.979178138,0.998645819
0.2,6,0,1,13,17,1.029236884,1.056866318,1.014618442,-0.014618442,0.513671875,0.852539063,0.999023438,-0.028320313,0.995329919,0.999424769
0.2,6,0,1,14,17,0.970763116,1.01250434,-0.014618442,-0.985381558,1,0.014648438,0.536132813,-0.831054688,1.000107283,0.988984472
0.2,6,0,1,15,17,0.824336646,0.761455392,-0.087831677,-0.912168323,0.99609375,-0.13671875,0.6328125,-0.793945313,1.005432631,1.015283615
0.2,6,2,3,0,17,1,1.023204916,1.05122506,0.05122506,0.45703125,0.865234375,0.997070313,0.061523438,0.978523422,0.998966637
0.2,6,2,3,1,17,1,0.999065208,0.94877494,-0.05122506,0.5625,0.801757813,0.999023438,-0.040039063,0.979398713,0.999825462
0.2,6,2,3,2,17,1,0.964679778,-0.05122506,-1.05122506,1,-0.05078125,0.525390625,-0.846679688,1.001288538,0.996444581
0.2,6,2,3,3,17,1,1.00588144,0.05122506,-0.94877494,1,0.068359375,0.592773438,-0.807617188,1.002333779,1.001811294
0.2,6,2,3,4,17,1,0.988948147,1.05122506,0.05122506,0.486328125,0.854492188,0.999023438,0.064453125,0.983194764,1.001100412
0.2,6,2,3,5,17,1,1.022892554,0.94877494,-0.05122506,0.55859375,0.80859375,0.999023438,-0.056640625,0.982777101,1.000627797
0.2,6,2,3,6,17,1,1.011867761,-0.05122506,-1.05122506,1,-0.073242188,0.459960938,-0.87109375,1.002678622,0.985072782
0.2,6,2,3,7,17,1,1.006545533,0.05122506,-0.94877494,0.999023438,0.052734375,0.583984375,-0.823242188,1.000414286,1.009339115
0.2,6,2,3,8,17,1,1.025322787,1.05122506,0.05122506,0.50390625,0.870117188,0.998046875,0.020507813,1.005497603,0.998257549
0.2,6,2,3,9,17,1,0.968070973,0.94877494,-0.05122506,0.579101563,0.817382813,1,-0.013671875,1.001735136,1.000093456
0.2,6,2,3,10,17,1,0.952536465,-0.05122506,-1.05122506,0.999023438,-0.086914063,0.512695313,-0.872070313,1.00279703,1.011614113
0.2,6,2,3,11,17,1,1.026091995,0.05122506,-0.94877494,0.99609375,0.0703125,0.581054688,-0.822265625,0.998572284,1.006849198
0.2,6,2,3,12,17,1,0.964098514,1.05122506,0.05122506,0.497070313,0.864257813,1,0.084960938,0.997005748,1.003602691
0.2,6,2,3,13,17,1,1.028210307,0.94877494,-0.05122506,0.5703125,0.802734375,0.999023438,-0.075195313,0.984702404,1.001849372
0.2,6,2,3,14,17,1,1.013299209,-0.05122506,-1.05122506,0.998046875,-0.045898438,0.491210938,-0.875,0.999101712,1.003450639
0.2,6,2,3,15,17,1,0.973022051,0.05122506,-0.94877494,0.997070313,0.026367188,0.5859375,-0.813476563,0.997418887,1.002530235
0.2,6,0,1,0,18,1.175663354,1.156041511,1.087831677,-0.087831677,0.497070313,0.899414063,0.994140625,-0.08984375,1.027630552,0.998192107
0.2,6,0,1,1,18,1.029236884,1.070612194,1.014618442,-0.014618442,0.484375,0.840820313,1,-0.022460938,0.970359695,1.000252215
0.2,6,0,1,2,18,0.970763116,0.951788063,-0.014618442,-0.985381558,0.999023438,-0.03125,0.567382813,-0.8515625,0.999512077,1.023270222
0.2,6,0,1,3,18,0.824336646,0.812544897,-0.087831677,-0.912168323,0.997070313,-0.077148438,0.625976563,-0.772460938,1.000050543,0.994254775
0.2,6,0,1,4,18,1.175663354,1.199923737,1.087831677,-0.087831677,0.443359375,0.879882813,0.995117188,-0.095703125,0.985272195,0.99970861
0.2,6,0,1,5,18,1.029236884,1.031113847,1.014618442,-0.014618442,0.516601563,0.841796875,1,-0.010742188,0.987673607,1.000057696
0.2,6,0,1,6,18,0.970763116,0.935035007,-0.014618442,-0.985381558,1,-0.02734375,0.576171875,-0.827148438,1.00037377,1.008041947
0.2,6,0,1,7,18,0.824336646,0.821488472,-0.087831677,-0.912168323,0.99609375,-0.087890625,0.61328125,-0.788085938,0.99996376,0.998595682
0.2,6,0,1,8,18,1.175663354,1.125405051,1.087831677,-0.087831677,0.5,0.889648438,0.995117188,-0.06640625,1.020526503,0.99733044
0.2,6,0,1,9,18,1.029236884,1.066456625,1.014618442,-0.014618442,0.500976563,0.86328125,1,-0.021484375,0.998114238,1.000230763
0.2,6,0,1,10,18,0.970763116,0.973778937,-0.014618442,-0.985381558,0.999023438,-0.00390625,0.563476563,-0.8359375,0.999031074,1.008115738
0.2,6,0,1,11,18,0.824336646,0.798620581,-0.087831677,-0.912168323,1,-0.110351563,0.6015625,-0.771484375,1.006070309,0.978297287
0.2,6,0,1,12,18,1.175663354,1.18331697,1.087831677,-0.087831677,0.448242188,0.862304688,0.99609375,-0.091796875,0.971848976,1.000314663
0.2,6,0,1,13,18,1.029236884,0.981879229,1.014618442,-0.014618442,0.547851563,0.86328125,1,0.0234375,1.022446014,1.00027462
0.2,6,0,1,14,18,0.970763116,0.987863838,-0.014618442,-0.985381558,0.999023438,-0.013671875,0.544921875,-0.8515625,0.999116985,1.010988893
0.2,6,0,1,15,18,0.824336646,0.816553713,-0.087831677,-0.912168323,0.991210938,-0.084960938,0.614257813,-0.77734375,0.994845457,0.990745157
0.2,6,2,3,0,18,1,1.039116464,1.05122506,0.05122506,0.459960938,0.869140625,0.999023438,0.044921875,0.983346068,1.000032901
0.2,6,2,3,1,18,1,1.00255684,0.94877494,-0.05122506,0.59765625,0.818359375,0.998046875,-0.0625,1.013363242,1.000001907
0.2,6,2,3,2,18,1,1.011991359,-0.05122506,-1.05122506,1,-0.036132813,0.495117188,-0.859375,1.000652577,0.991799587
0.2,6,2,3,3,18,1,1.008302544,0.05122506,-0.94877494,1,0.037109375,0.567382813,-0.830078125,1.000688316,1.00546156
0.2,6,2,3,4,18,1,1.007779042,1.05122506,0.05122506,0.481445313,0.860351563,0.997070313,0.052734375,0.985897763,0.998463881
0.2,6,2,3,5,18,1,0.986687764,0.94877494,-0.05122506,0.560546875,0.797851563,0.999023438,-0.028320313,0.97507944,0.999424769
0.2,6,2,3,6,18,1,1.007141157,-0.05122506,-1.05122506,0.999023438,-0.048828125,0.49609375,-0.876953125,1.000215984,1.007549399
0.2,6,2,3,7,18,1,1.039795873,0.05122506,-0.94877494,1,0.072265625,0.568359375,-0.825195313,1.00260776,1.001987866
0.2,6,2,3,8,18,1,1.004255145,1.05122506,0.05122506,0.51171875,0.849609375,0.999023438,0.024414063,0.991812568,0.999321708
0.2,6,2,3,9,18,1,0.999846914,0.94877494,-0.05122506,0.59765625,0.798828125,0.997070313,-0.071289063,0.997656938,0.999615595
0.2,6,2,3,10,18,1,1.032105084,-0.05122506,-1.05122506,0.999023438,-0.028320313,0.484375,-0.865234375,0.999424769,0.991589464
0.2,6,2,3,11,18,1,1.021278835,0.05122506,-0.94877494,0.999023438,0.07421875,0.581054688,-0.807617188,1.001776548,0.994922143
0.2,6,2,3,12,18,1,0.994378168,1.05122506,0.05122506,0.471679688,0.87890625,0.999023438,0.083984375,0.997475776,1.002547357
0.2,6,2,3,13,18,1,0.95987952,0.94877494,-0.05122506,0.592773438,0.810546875,0.999023438,-0.020507813,1.004174579,0.999233906
0.2,6,2,3,14,18,1,1.046528271,-0.05122506,-1.05122506,0.998046875,-0.0078125,0.486328125,-0.856445313,0.998077452,0.984892694
0.2,6,2,3,15,18,1,0.962172053,0.05122506,-0.94877494,0.998046875,0.044921875,0.623046875,-0.813476563,0.999057325,1.024661664
0.2,6,0,1,0,19,1.175663354,1.158489881,1.087831677,-0.087831677,0.484375,0.890625,0.999023438,-0.0859375,1.013820512,1.002712861
0.2,6,0,1,1,19,1.029236884,0.996997805,1.014618442,-0.014618442,0.53515625,0.836914063,1,0.004882813,0.993386813,1.000011921
0.2,6,0,1,2,19,0.970763116,0.939223111,-0.014618442,-0.985381558,0.999023438,-0.046875,0.541015625,-0.817382813,1.00012254,0.980210472
0.2,6,0,1,3,19,0.824336646,0.853497628,-0.087831677,-0.912168323,0.995117188,-0.0703125,0.614257813,-0.813476563,0.997598148,1.019341345
0.2,6,0,1,4,19,1.175663354,1.189104516,1.087831677,-0.087831677,0.475585938,0.881835938,0.999023438,-0.11328125,1.001906485,1.005425517
0.2,6,0,1,5,19,1.029236884,1.020244805,1.014618442,-0.014618442,0.512695313,0.838867188,0.999023438,0.001953125,0.983135109,0.999025347
0.2,6,0,1,6,19,0.970763116,0.979519282,-0.014618442,-0.985381558,1,-0.01953125,0.541015625,-0.840820313,1.000190717,0.999838339
0.2,6,0,1,7,19,0.824336646,0.863780146,-0.087831677,-0.912168323,0.998046875,-0.060546875,0.603515625,-0.799804688,0.999881737,1.001957408
0.2,6,0,1,8,19,1.175663354,1.158171277,1.087831677,-0.087831677,0.452148438,0.8828125,0.99609375,-0.060546875,0.99186497,0.997932204
0.2,6,0,1,9,19,1.029236884,1.020569215,1.014618442,-0.014618442,0.51953125,0.852539063,1,0.002929688,0.998366452,1.000004292
0.2,6,0,1,10,19,0.970763116,0.959442267,-0.014618442,-0.985381558,1,-0.002929688,0.576171875,-0.827148438,1.000004292,1.008041947
0.2,6,0,1,11,19,0.824336646,0.844945991,-0.087831677,-0.912168323,0.997070313,-0.064453125,0.620117188,-0.796875,0.999151347,1.009730207
0.2,6,0,1,12,19,1.175663354,1.195488899,1.087831677,-0.087831677,0.470703125,0.879882813,0.998046875,-0.116210938,0.997875341,1.004789802
0.2,6,0,1,13,19,1.029236884,1.039219853,1.014618442,-0.014618442,0.517578125,0.84765625,1,-0.016601563,0.993180867,1.000137796
0.2,6,0,1,14,19,0.970763116,0.993275257,-0.014618442,-0.985381558,1,-0.002929688,0.548828125,-0.84765625,1.000004292,1.009818513
0.2,6,0,1,15,19,0.824336646,0.818855831,-0.087831677,-0.912168323,0.993164063,-0.095703125,0.606445313,-0.788085938,0.997764473,0.994412068
0.2,6,2,3,0,19,1,1.019655733,1.05122506,0.05122506,0.501953125,0.859375,0.998046875,0.022460938,0.995229788,0.998299583
0.2,6,2,3,1,19,1,1.003341249,0.94877494,-0.05122506,0.572265625,0.821289063,0.997070313,-0.041015625,1.001001334,0.997913568
0.2,6,2,3,2,19,1,1.008784958,-0.05122506,-1.05122506,0.999023438,-0.04296875,0.504882813,-0.883789063,0.99994707,1.017835822
0.2,6,2,3,3,19,1,1.008758601,0.05122506,-0.94877494,0.998046875,0.064453125,0.59375,-0.8203125,1.000125877,1.012645871
0.2,6,2,3,4,19,1,0.970556357,1.05122506,0.05122506,0.453125,0.86328125,0.998046875,0.1171875,0.974975273,1.004903217
0.2,6,2,3,5,19,1,0.995218491,0.94877494,-0.05122506,0.555664063,0.791992188,0.997070313,-0.036132813,0.967478256,0.997724806
0.2,6,2,3,6,19,1,0.970515935,-0.05122506,-1.05122506,1,-0.049804688,0.529296875,-0.862304688,1.001239485,1.011792744
0.2,6,2,3,7,19,1,1.026794658,0.05122506,-0.94877494,0.998046875,0.068359375,0.581054688,-0.827148438,1.00038521,1.010840782
0.2,6,2,3,8,19,1,0.986936001,1.05122506,0.05122506,0.508789063,0.870117188,0.998046875,0.0546875,1.007953486,0.99954404
0.2,6,2,3,9,19,1,0.984364304,0.94877494,-0.05122506,0.587890625,0.822265625,0.997070313,-0.034179688,1.010809648,0.997655982
0.2,6,2,3,10,19,1,0.937898825,-0.05122506,-1.05122506,0.999023438,-0.095703125,0.509765625,-0.85546875,1.003596989,0.995835215
0.2,6,2,3,11,19,1,0.975763697,0.05122506,-0.94877494,0.998046875,0.030273438,0.598632813,-0.829101563,0.998505907,1.02262928
0.2,6,2,3,12,19,1,0.989476471,1.05122506,0.05122506,0.490234375,0.858398438,1,0.0625,0.988522949,1.001951221
0.2,6,2,3,13,19,1,1.010963159,0.94877494,-0.05122506,0.557617188,0.801757813,0.999023438,-0.047851563,0.976602538,1.000168786
0.2,6,2,3,14,19,1,1.00097685,-0.05122506,-1.05122506,0.997070313,-0.041015625,0.504882813,-0.864257813,0.997913568,1.000923684
0.2,6,2,3,15,19,1,0.97307627,0.05122506,-0.94877494,0.99609375,0.028320313,0.586914063,-0.811523438,0.996496261,1.001518051
0.2,7,0,1,0,0,1.175663354,1.202944746,1.587831677,0.412168323,-0.008789063,1,0.916015625,0.362304688,1.000038623,0.9850631
0.2,7,0,1,1,0,1.029236884,1.043445771,1.514618442,0.485381558,0.038085938,1,0.90234375,0.48046875,1.000725007,1.022288835
0.2,7,0,1,2,0,0.970763116,1.013900809,0.485381558,-0.485381558,0.87890625,0.499023438,0.895507813,-0.486328125,1.010693122,1.01904332
0.2,7,0,1,3,0,0.824336646,0.868484022,0.412168323,-0.412168323,0.927734375,0.40234375,0.896484375,-0.443359375,1.011222806,1.000125877
0.2,7,0,1,4,0,1.175663354,1.190297411,1.587831677,0.412168323,-0.033203125,0.998046875,0.9140625,0.401367188,0.998599025,0.998301494
0.2,7,0,1,5,0,1.029236884,1.03989861,1.514618442,0.485381558,0.040039063,0.997070313,0.880859375,0.470703125,0.997873907,0.998736537
0.2,7,0,1,6,0,0.970763116,1.014237602,0.485381558,-0.485381558,0.876953125,0.490234375,0.861328125,-0.475585938,1.004677324,0.983904529
0.2,7,0,1,7,0,0.824336646,0.851561276,0.412168323,-0.412168323,0.923828125,0.431640625,0.918945313,-0.404296875,1.019692127,1.003950422
0.2,7,0,1,8,0,1.175663354,1.174442247,1.587831677,0.412168323,-0.010742188,1,0.908203125,0.391601563,1.000057696,0.989032204
0.2,7,0,1,9,0,1.029236884,1.020645946,1.514618442,0.485381558,0.047851563,0.998046875,0.873046875,0.479492188,0.999193343,0.996054017
0.2,7,0,1,10,0,0.970763116,0.933855225,0.485381558,-0.485381558,0.892578125,0.452148438,0.885742188,-0.444335938,1.000566799,0.990945835
0.2,7,0,1,11,0,0.824336646,0.835682209,0.412168323,-0.412168323,0.927734375,0.408203125,0.919921875,-0.412109375,1.01356838,1.008013092
0.2,7,0,1,12,0,1.175663354,1.132432741,1.587831677,0.412168323,-0.004882813,0.999023438,0.909179688,0.431640625,0.99903537,1.00643993
0.2,7,0,1,13,0,1.029236884,1.024080405,1.514618442,0.485381558,0.078125,0.99609375,0.893554688,0.452148438,0.999152778,1.001438061
0.2,7,0,1,14,0,0.970763116,0.93809135,0.485381558,-0.485381558,0.87890625,0.462890625,0.875976563,-0.426757813,0.993349851,0.974400928
0.2,7,0,1,15,0,0.824336646,0.842613993,0.412168323,-0.412168323,0.909179688,0.42578125,0.918945313,-0.393554688,1.003940923,0.999672836
0.2,7,0,1,16,0,1.175663354,1.170109595,0.587831677,-0.587831677,0.827148438,0.556640625,0.841796875,-0.548828125,0.997007183,1.004905115
0.2,7,0,1,17,0,1.029236884,1.020620275,0.514618442,-0.514618442,0.86328125,0.497070313,0.888671875,-0.483398438,0.996159331,1.011638152
0.2,7,0,1,18,0,0.970763116,0.955872109,-0.514618442,-1.485381558,0.895507813,-0.530273438,0.080078125,-0.995117188,1.040732512,0.998333974
0.2,7,0,1,19,0,0.824336646,0.795496969,-0.587831677,-1.412168323,0.84375,-0.56640625,0.184570313,-0.991210938,1.016233291,1.008248641
0.2,7,0,1,20,0,1.175663354,1.161659932,0.587831677,-0.587831677,0.840820313,0.53515625,0.818359375,-0.553710938,0.996679994,0.988082926
0.2,7,0,1,21,0,1.029236884,1.046304195,0.514618442,-0.514618442,0.858398438,0.48828125,0.870117188,-0.508789063,0.987555799,1.007953486
0.2,7,0,1,22,0,0.970763116,0.959618424,-0.514618442,-1.485381558,0.862304688,-0.508789063,0.078125,-0.998046875,1.001217101,1.001099935
0.2,7,0,1,23,0,0.824336646,0.806099067,-0.587831677,-1.412168323,0.815429688,-0.569335938,0.154296875,-0.986328125,0.994519474,0.998323943
0.2,7,0,1,24,0,1.175663354,1.152502896,0.587831677,-0.587831677,0.833007813,0.537109375,0.829101563,-0.54296875,0.991155132,0.991072381
0.2,7,0,1,25,0,1.029236884,1.031325432,0.514618442,-0.514618442,0.8671875,0.499023438,0.846679688,-0.47265625,1.000519141,0.969675422
0.2,7,0,1,26,0,0.970763116,0.956042869,-0.514618442,-1.485381558,0.8515625,-0.500976563,0.083007813,-0.998046875,0.987996056,1.001492817
0.2,7,0,1,27,0,0.824336646,0.80124185,-0.587831677,-1.412168323,0.823242188,-0.5546875,0.176757813,-0.990234375,0.992676142,1.005886396
0.2,7,0,1,28,0,1.175663354,1.170702482,0.587831677,-0.587831677,0.846679688,0.555664063,0.821289063,-0.549804688,1.012733451,0.988332393
0.2,7,0,1,29,0,1.029236884,0.996177302,0.514618442,-0.514618442,0.881835938,0.490234375,0.874023438,-0.46484375,1.0089422,0.989947817
0.2,7,0,1,30,0,0.970763116,0.962169791,-0.514618442,-1.485381558,0.860351563,-0.475585938,0.103515625,-0.995117188,0.983049742,1.000486732
0.2,7,0,1,31,0,0.824336646,0.814238442,-0.587831677,-1.412168323,0.814453125,-0.560546875,0.153320313,-0.989257813,0.988709609,1.001068498
0.2,7,2,3,0,0,1,0.99691512,1.05122506,0.05122506,0.506835938,0.861328125,0.999023438,0.041992188,0.999384214,0.999905582
0.2,7,2,3,1,0,1,1.0284027,0.94877494,-0.05122506,0.547851563,0.784179688,0.998046875,-0.067382813,0.956597678,1.000318953
0.2,7,2,3,2,0,1,1.055359177,-0.05122506,-1.05122506,0.998046875,-0.016601563,0.481445313,-0.883789063,0.998184941,1.006415767
0.2,7,2,3,3,0,1,0.99120114,0.05122506,-0.94877494,0.998046875,0.046875,0.59375,-0.8203125,0.999147051,1.012645871
0.2,7,2,3,4,0,1,0.983190895,1.05122506,0.05122506,0.5234375,0.860351563,0.999023438,0.041015625,1.007070816,0.999865046
0.2,7,2,3,5,0,1,0.991324488,0.94877494,-0.05122506,0.577148438,0.833007813,0.997070313,-0.026367188,1.013411237,0.997418887
0.2,7,2,3,6,0,1,1.026579733,-0.05122506,-1.05122506,0.998046875,-0.03125,0.49609375,-0.880859375,0.998535992,1.01095116
0.2,7,2,3,7,0,1,1.007437562,0.05122506,-0.94877494,0.999023438,0.05859375,0.5859375,-0.817382813,1.000740254,1.005702449
0.2,7,2,3,8,0,1,0.95753026,1.05122506,0.05122506,0.49609375,0.85546875,0.999023438,0.087890625,0.988906361,1.002882142
0.2,7,2,3,9,0,1,1.041467849,0.94877494,-0.05122506,0.55859375,0.810546875,1,-0.07421875,0.984384688,1.002750429
0.2,7,2,3,10,0,1,1.052643882,-0.05122506,-1.05122506,1,-0.024414063,0.474609375,-0.881835938,1.000297979,1.001443298
0.2,7,2,3,11,0,1,0.985132255,0.05122506,-0.94877494,0.999023438,0.0390625,0.590820313,-0.819335938,0.999786831,1.010138614
0.2,7,2,3,12,0,1,1.002743146,1.05122506,0.05122506,0.505859375,0.899414063,0.998046875,0.055664063,1.03191054,0.999597945
0.2,7,2,3,13,0,1,0.987568863,0.94877494,-0.05122506,0.576171875,0.794921875,0.999023438,-0.043945313,0.981771265,0.99998951
0.2,7,2,3,14,0,1,1.000365849,-0.05122506,-1.05122506,0.998046875,-0.044921875,0.510742188,-0.880859375,0.999057325,1.018219436
0.2,7,2,3,15,0,1,0.961639315,0.05122506,-0.94877494,0.995117188,0.038085938,0.602539063,-0.796875,0.995845749,0.999031074
0.2,7,2,3,16,0,1,1.021316753,1.05122506,0.05122506,0.49609375,0.870117188,0.998046875,0.03125,1.001605176,0.998535992
0.2,7,2,3,17,0,1,0.984030593,0.94877494,-0.05122506,0.590820313,0.80078125,0.998046875,-0.048828125,0.995147854,0.999240587
0.2,7,2,3,18,0,1,1.037488708,-0.05122506,-1.05122506,0.99609375,-0.045898438,0.458984375,-0.866210938,0.997150653,0.980299977
0.2,7,2,3,19,0,1,0.976948079,0.05122506,-0.94877494,0.99609375,0.04296875,0.5859375,-0.791992188,0.997020096,0.985177334
0.2,7,2,3,20,0,1,0.996431393,1.05122506,0.05122506,0.513671875,0.870117188,0.998046875,0.041015625,1.010426996,0.998889306
0.2,7,2,3,21,0,1,1.004298183,0.94877494,-0.05122506,0.607421875,0.806640625,1,-0.079101563,1.009767514,1.00312365
0.2,7,2,3,22,0,1,0.994198334,-0.05122506,-1.05122506,1,-0.073242188,0.481445313,-0.874023438,1.002678622,0.99785097
0.2,7,2,3,23,0,1,1.026015521,0.05122506,-0.94877494,1,0.069335938,0.576171875,-0.817382813,1.002400854,1.000044345
0.2,7,2,3,24,0,1,1.040339504,1.05122506,0.05122506,0.484375,0.870117188,0.998046875,0.022460938,0.995852931,0.998299583
0.2,7,2,3,25,0,1,0.975608658,0.94877494,-0.05122506,0.577148438,0.80078125,0.999023438,-0.029296875,0.987092158,0.999452918
0.2,7,2,3,26,0,1,0.977830085,-0.05122506,-1.05122506,1,-0.067382813,0.501953125,-0.865234375,1.002267651,1.000293689
0.2,7,2,3,27,0,1,1.027727742,0.05122506,-0.94877494,0.998046875,0.055664063,0.56640625,-0.830078125,0.999597945,1.004910809
0.2,7,2,3,28,0,1,0.982812197,1.05122506,0.05122506,0.508789063,0.846679688,0.999023438,0.046875,0.987791883,1.00012254
0.2,7,2,3,29,0,1,0.958758353,0.94877494,-0.05122506,0.600585938,0.797851563,0.999023438,-0.033203125,0.99863436,0.999575048
0.2,7,2,3,30,0,1,1.019302282,-0.05122506,-1.05122506,0.999023438,-0.040039063,0.4921875,-0.876953125,0.999825462,1.005631801
0.2,7,2,3,31,0,1,1.021951453,0.05122506,-0.94877494,0.998046875,0.061523438,0.58203125,-0.83203125,0.999941347,1.015399614
0.2,7,0,1,0,1,1.175663354,1.181678229,1.587831677,0.412168323,-0.04296875,1,0.891601563,0.411132813,1.000922731,0.981826632
0.2,7,0,1,1,1,1.029236884,1.033734803,1.514618442,0.485381558,0.0546875,0.997070313,0.893554688,0.467773438,0.998568941,1.008589098
0.2,7,0,1,2,1,0.970763116,0.981286052,0.485381558,-0.485381558,0.89453125,0.459960938,0.885742188,-0.491210938,1.005857953,1.012831382
0.2,7,0,1,3,1,0.824336646,0.78548049,0.412168323,-0.412168323,0.903320313,0.380859375,0.928710938,-0.377929688,0.980327216,1.002663879
0.2,7,0,1,4,1,1.175663354,1.179459444,1.587831677,0.412168323,-0.0078125,1,0.905273438,0.381835938,1.000030517,0.982506326
0.2,7,0,1,5,1,1.029236884,1.001807412,1.514618442,0.485381558,0.0859375,0.997070313,0.87890625,0.4609375,1.000766937,0.99244122
0.2,7,0,1,6,1,0.970763116,0.924278706,0.485381558,-0.485381558,0.89453125,0.435546875,0.879882813,-0.448242188,0.99493077,0.987479024
0.2,7,0,1,7,1,0.824336646,0.841011859,0.412168323,-0.412168323,0.916015625,0.390625,0.907226563,-0.424804688,0.995827553,1.001757984
0.2,7,0,1,8,1,1.175663354,1.250954422,1.587831677,0.412168323,-0.051757813,1,0.924804688,0.360351563,1.00133854,0.992530583
0.2,7,0,1,9,1,1.029236884,1.0411386,1.514618442,0.485381558,0.041992188,0.998046875,0.885742188,0.469726563,0.998929882,1.002587785
0.2,7,0,1,10,1,0.970763116,0.960488489,0.485381558,-0.485381558,0.897460938,0.465820313,0.877929688,-0.458984375,1.011150186,0.990670073
0.2,7,0,1,11,1,0.824336646,0.822978683,0.412168323,-0.412168323,0.899414063,0.412109375,0.901367188,-0.374023438,0.989333004,0.975887462
0.2,7,0,1,12,1,1.175663354,1.208331644,1.587831677,0.412168323,-0.036132813,0.999023438,0.922851563,0.388671875,0.999676652,1.001359492
0.2,7,0,1,13,1,1.029236884,1.053311426,1.514618442,0.485381558,0.037109375,0.99609375,0.88671875,0.461914063,0.996784763,0.999817355
0.2,7,0,1,14,1,0.970763116,0.968797748,0.485381558,-0.485381558,0.879882813,0.465820313,0.890625,-0.465820313,0.995581402,1.005087784
0.2,7,0,1,15,1,0.824336646,0.84329863,0.412168323,-0.412168323,0.923828125,0.431640625,0.89453125,-0.384765625,1.019692127,0.973771402
0.2,7,0,1,16,1,1.175663354,1.162535628,0.587831677,-0.587831677,0.84765625,0.55078125,0.805664063,-0.53515625,1.01088135,0.967205662
0.2,7,0,1,17,1,1.029236884,1.033227247,0.514618442,-0.514618442,0.879882813,0.502929688,0.854492188,-0.482421875,1.013475226,0.981268446
0.2,7,0,1,18,1,0.970763116,0.901279824,-0.514618442,-1.485381558,0.868164063,-0.53515625,0.1171875,-0.99609375,1.019853446,1.002963443
0.2,7,0,1,19,1,0.824336646,0.844785974,-0.587831677,-1.412168323,0.833007813,-0.532226563,0.157226563,-0.990234375,0.988517642,1.002638673
0.2,7,0,1,20,1,1.175663354,1.175460016,0.587831677,-0.587831677,0.80859375,0.559570313,0.840820313,-0.5390625,0.983332491,0.998782848
0.2,7,0,1,21,1,1.029236884,1.030687384,0.514618442,-0.514618442,0.869140625,0.50390625,0.86328125,-0.477539063,1.004652644,0.986558702
0.2,7,0,1,22,1,0.970763116,0.994089712,-0.514618442,-1.485381558,0.876953125,-0.494140625,0.063476563,-0.997070313,1.006589162,0.999088826
0.2,7,0,1,23,1,0.824336646,0.845559715,-0.587831677,-1.412168323,0.831054688,-0.551757813,0.138671875,-0.990234375,0.997541266,0.999896998
0.2,7,0,1,24,1,1.175663354,1.151401607,0.587831677,-0.587831677,0.845703125,0.537109375,0.834960938,-0.553710938,1.00184842,1.001876025
0.2,7,0,1,25,1,1.029236884,1.015242759,0.514618442,-0.514618442,0.868164063,0.493164063,0.876953125,-0.477539063,0.998458628,0.99854411
0.2,7,0,1,26,1,0.970763116,0.934385842,-0.514618442,-1.485381558,0.862304688,-0.485351563,0.124023438,-0.997070313,0.989512766,1.004754209
0.2,7,0,1,27,1,0.824336646,0.845727875,-0.587831677,-1.412168323,0.834960938,-0.547851563,0.143554688,-0.987304688,0.998649639,0.997686571
0.2,7,0,1,28,1,1.175663354,1.158799051,0.587831677,-0.587831677,0.833007813,0.536132813,0.83984375,-0.55859375,0.990626271,1.008644884
0.2,7,0,1,29,1,1.029236884,1.002249618,0.514618442,-0.514618442,0.890625,0.479492188,0.844726563,-0.470703125,1.011496737,0.967018302
0.2,7,0,1,30,1,0.970763116,0.974813024,-0.514618442,-1.485381558,0.872070313,-0.51171875,0.065429688,-1,1.011119533,1.002138236
0.2,7,0,1,31,1,0.824336646,0.797219612,-0.587831677,-1.412168323,0.844726563,-0.583007813,0.168945313,-0.987304688,1.026382519,1.001655163
0.2,7,2,3,0,1,1,1.032486888,1.05122506,0.05122506,0.474609375,0.864257813,1,0.036132813,0.98599981,1.000652577
0.2,7,2,3,1,1,1,0.965907843,0.94877494,-0.05122506,0.603515625,0.803710938,0.99609375,-0.0390625,1.005078296,0.996859387
0.2,7,2,3,2,1,1,1.012434411,-0.05122506,-1.05122506,1,-0.045898438,0.491210938,-0.873046875,1.001052779,1.001747988
0.2,7,2,3,3,1,1,0.981149587,0.05122506,-0.94877494,1,0.047851563,0.596679688,-0.805664063,1.001144231,1.002557346
0.2,7,2,3,4,1,1,0.935323614,1.05122506,0.05122506,0.547851563,0.841796875,1,0.05859375,1.004372099,1.001715143
0.2,7,2,3,5,1,1,1.026588137,0.94877494,-0.05122506,0.555664063,0.834960938,0.999023438,-0.04296875,1.002956787,0.99994707
0.2,7,2,3,6,1,1,0.999231423,-0.05122506,-1.05122506,0.999023438,-0.0703125,0.479492188,-0.875,1.001494721,0.997766384
0.2,7,2,3,7,1,1,0.994670063,0.05122506,-0.94877494,0.999023438,0.048828125,0.591796875,-0.8203125,1.000215984,1.011501922
0.2,7,2,3,8,1,1,1.000797795,1.05122506,0.05122506,0.5,0.85546875,0.998046875,0.041015625,0.990871728,0.998889306
0.2,7,2,3,9,1,1,1.016813886,0.94877494,-0.05122506,0.58984375,0.80078125,1,-0.081054688,0.994568379,1.003279553
0.2,7,2,3,10,1,1,0.946255617,-0.05122506,-1.05122506,0.998046875,-0.075195313,0.51953125,-0.848632813,1.000875567,0.995032849
0.2,7,2,3,11,1,1,1.030344979,0.05122506,-0.94877494,0.997070313,0.076171875,0.573242188,-0.80859375,0.999975681,0.9911763
0.2,7,2,3,12,1,1,0.943950963,1.05122506,0.05122506,0.547851563,0.873046875,0.998046875,0.06640625,1.030704701,1.000253645
0.2,7,2,3,13,1,1,1.002363073,0.94877494,-0.05122506,0.563476563,0.803710938,0.998046875,-0.04296875,0.981558509,0.99897141
0.2,7,2,3,14,1,1,1.075428236,-0.05122506,-1.05122506,0.998046875,-0.001953125,0.47265625,-0.87890625,0.998048786,0.997937937
0.2,7,2,3,15,1,1,0.97592516,0.05122506,-0.94877494,0.999023438,0.046875,0.603515625,-0.807617188,1.00012254,1.008204657
0.2,7,2,3,16,1,1,0.975064898,1.05122506,0.05122506,0.510742188,0.865234375,0.999023438,0.0625,1.004732853,1.000976563
0.2,7,2,3,17,1,1,1.032292253,0.94877494,-0.05122506,0.565429688,0.809570313,1,-0.071289063,0.987479024,1.002537845
0.2,7,2,3,18,1,1,1.030675061,-0.05122506,-1.05122506,0.999023438,-0.048828125,0.469726563,-0.877929688,1.000215984,0.995692513
0.2,7,2,3,19,1,1,1.017636069,0.05122506,-0.94877494,0.999023438,0.051757813,0.564453125,-0.81640625,1.000363284,0.992535387
0.2,7,2,3,20,1,1,0.968899424,1.05122506,0.05122506,0.515625,0.857421875,1,0.060546875,1.000520571,1.001831285
0.2,7,2,3,21,1,1,0.947091115,0.94877494,-0.05122506,0.612304688,0.7890625,0.997070313,-0.036132813,0.99876757,0.997724806
0.2,7,2,3,22,1,1,1.031441946,-0.05122506,-1.05122506,0.999023438,-0.059570313,0.461914063,-0.887695313,1.000797907,1.000683551
0.2,7,2,3,23,1,1,0.971687938,0.05122506,-0.94877494,0.999023438,0.014648438,0.575195313,-0.81640625,0.999130825,0.99868354
0.2,7,2,3,24,1,1,0.98044165,1.05122506,0.05122506,0.526367188,0.848632813,0.999023438,0.03515625,0.99861908,0.999641831
0.2,7,2,3,25,1,1,0.980516189,0.94877494,-0.05122506,0.577148438,0.795898438,0.999023438,-0.037109375,0.983135109,0.999712426
0.2,7,2,3,26,1,1,1.011839168,-0.05122506,-1.05122506,0.997070313,-0.055664063,0.479492188,-0.87109375,0.9986229,0.994342536
0.2,7,2,3,27,1,1,1.002652724,0.05122506,-0.94877494,0.999023438,0.0234375,0.545898438,-0.8125,0.999298326,0.978857167
0.2,7,2,3,28,1,1,0.994875234,1.05122506,0.05122506,0.526367188,0.859375,1,0.026367188,1.007763765,1.000347554
0.2,7,2,3,29,1,1,0.976852461,0.94877494,-0.05122506,0.62109375,0.819335938,0.999023438,-0.0546875,1.028138524,1.000519141
0.2,7,2,3,30,1,1,1.004406852,-0.05122506,-1.05122506,0.999023438,-0.060546875,0.481445313,-0.869140625,1.00085651,0.993576879
0.2,7,2,3,31,1,1,0.986880084,0.05122506,-0.94877494,0.99609375,0.02734375,0.579101563,-0.826171875,0.996468986,1.008919514
0.2,7,0,1,0,2,1.175663354,1.182970227,1.587831677,0.412168323,-0.022460938,1,0.916015625,0.3984375,1.000252215,0.998917948
0.2,7,0,1,1,2,1.029236884,1.038778963,1.514618442,0.485381558,0.047851563,0.997070313,0.87109375,0.458007813,0.998217902,0.984162323
0.2,7,0,1,2,2,0.970763116,0.989289453,0.485381558,-0.485381558,0.873046875,0.48828125,0.888671875,-0.461914063,1.000314663,1.00154995
0.2,7,0,1,3,2,0.824336646,0.817219178,0.412168323,-0.412168323,0.916992188,0.397460938,0.918945313,-0.397460938,0.999424769,1.001217101
0.2,7,0,1,4,2,1.175663354,1.218694703,1.587831677,0.412168323,-0.0390625,1,0.9140625,0.376953125,1.000762649,0.988738546
0.2,7,0,1,5,2,1.029236884,1.02483128,1.514618442,0.485381558,0.060546875,0.995117188,0.896484375,0.47265625,0.996957442,1.013453583
0.2,7,0,1,6,2,0.970763116,0.97672299,0.485381558,-0.485381558,0.873046875,0.465820313,0.875,-0.462890625,0.989545052,0.989895313
0.2,7,0,1,7,2,0.824336646,0.830012627,0.412168323,-0.412168323,0.927734375,0.396484375,0.901367188,-0.409179688,1.008905808,0.98989435
0.2,7,0,1,8,2,1.175663354,1.240241795,1.587831677,0.412168323,-0.052734375,1,0.922851563,0.372070313,1.001389492,0.995033328
0.2,7,0,1,9,2,1.029236884,1.044710947,1.514618442,0.485381558,0.056640625,0.997070313,0.889648438,0.451171875,0.99867781,0.997512107
0.2,7,0,1,10,2,0.970763116,0.987561681,0.485381558,-0.485381558,0.900390625,0.4609375,0.891601563,-0.50390625,1.011517008,1.024145915
0.2,7,0,1,11,2,0.824336646,0.853487252,0.412168323,-0.412168323,0.923828125,0.434570313,0.922851563,-0.405273438,1.020935728,1.007919424
0.2,7,0,1,12,2,1.175663354,1.16117339,1.587831677,0.412168323,0.009765625,1,0.915039063,0.38671875,1.000047683,0.993402173
0.2,7,0,1,13,2,1.029236884,1.075707078,1.514618442,0.485381558,0.008789063,0.999023438,0.88671875,0.46875,0.999062098,1.00299387
0.2,7,0,1,14,2,0.970763116,0.953217246,0.485381558,-0.485381558,0.877929688,0.458984375,0.892578125,-0.455078125,0.990670073,1.001894111
0.2,7,0,1,15,2,0.824336646,0.804116245,0.412168323,-0.412168323,0.9140625,0.39453125,0.932617188,-0.390625,0.99557278,1.011119533
0.2,7,0,1,16,2,1.175663354,1.147344914,0.587831677,-0.587831677,0.841796875,0.541015625,0.822265625,-0.534179688,1.000659725,0.980545102
0.2,7,0,1,17,2,1.029236884,1.026106376,0.514618442,-0.514618442,0.861328125,0.482421875,0.87890625,-0.498046875,0.987226926,1.010211308
0.2,7,0,1,18,2,0.970763116,0.941158316,-0.514618442,-1.485381558,0.874023438,-0.5234375,0.08984375,-0.995117188,1.018775631,0.999164709
0.2,7,0,1,19,2,0.824336646,0.790605289,-0.587831677,-1.412168323,0.822265625,-0.563476563,0.178710938,-0.985351563,0.996808203,1.001426633
0.2,7,0,1,20,2,1.175663354,1.164838845,0.587831677,-0.587831677,0.84765625,0.537109375,0.834960938,-0.571289063,1.003497683,1.011697069
0.2,7,0,1,21,2,1.029236884,1.007656749,0.514618442,-0.514618442,0.853515625,0.481445313,0.884765625,-0.4765625,0.979938014,1.004948769
0.2,7,0,1,22,2,0.970763116,0.950963948,-0.514618442,-1.485381558,0.879882813,-0.529296875,0.078125,-0.99609375,1.026814952,0.999152778
0.2,7,0,1,23,2,0.824336646,0.8377692,-0.587831677,-1.412168323,0.840820313,-0.571289063,0.135742188,-0.990234375,1.016538239,0.999494902
0.2,7,0,1,24,2,1.175663354,1.150128611,0.587831677,-0.587831677,0.842773438,0.56640625,0.845703125,-0.528320313,1.015422625,0.997164043
0.2,7,0,1,25,2,1.029236884,1.03131362,0.514618442,-0.514618442,0.883789063,0.5,0.86328125,-0.490234375,1.015422625,0.992765964
0.2,7,0,1,26,2,0.970763116,0.917957418,-0.514618442,-1.485381558,0.872070313,-0.534179688,0.103515625,-0.999023438,1.022670313,1.004372099
0.2,7,0,1,27,2,0.824336646,0.832764144,-0.587831677,-1.412168323,0.83203125,-0.522460938,0.176757813,-0.986328125,0.982467013,1.002041164
0.2,7,0,1,28,2,1.175663354,1.221897303,0.587831677,-0.587831677,0.813476563,0.5625,0.833007813,-0.590820313,0.989014847,1.021259349
0.2,7,0,1,29,2,1.029236884,1.036589663,0.514618442,-0.514618442,0.868164063,0.487304688,0.861328125,-0.499023438,0.99557757,0.995444891
0.2,7,0,1,30,2,0.970763116,0.947752191,-0.514618442,-1.485381558,0.87109375,-0.490234375,0.110351563,-0.995117188,0.999566938,1.001217101
0.2,7,0,1,31,2,0.824336646,0.82130856,-0.587831677,-1.412168323,0.825195313,-0.549804688,0.16015625,-0.981445313,0.991580808,0.994426933
0.2,7,2,3,0,2,1,0.973401651,1.05122506,0.05122506,0.509765625,0.854492188,1,0.059570313,0.994996428,1.00177274
0.2,7,2,3,1,2,1,1.00212551,0.94877494,-0.05122506,0.560546875,0.807617188,1,-0.038085938,0.983086121,1.000725007
0.2,7,2,3,2,2,1,0.978441597,-0.05122506,-1.05122506,0.998046875,-0.086914063,0.485351563,-0.876953125,1.001824146,1.002303808
0.2,7,2,3,3,2,1,0.961370033,0.05122506,-0.94877494,0.999023438,0.020507813,0.5859375,-0.803710938,0.999233906,0.994622554
0.2,7,2,3,4,2,1,1.015788103,1.05122506,0.05122506,0.498046875,0.862304688,1,0.03125,0.995801217,1.000488162
0.2,7,2,3,5,2,1,1.008234697,0.94877494,-0.05122506,0.58984375,0.82421875,0.999023438,-0.05859375,1.013534507,1.000740254
0.2,7,2,3,6,2,1,0.969802155,-0.05122506,-1.05122506,0.997070313,-0.08203125,0.501953125,-0.87890625,1.000439071,1.012142844
0.2,7,2,3,7,2,1,1.028214095,0.05122506,-0.94877494,1,0.034179688,0.538085938,-0.827148438,1.000583955,0.986767964
0.2,7,2,3,8,2,1,1.000784542,1.05122506,0.05122506,0.509765625,0.872070313,0.999023438,0.041015625,1.010132478,0.999865046
0.2,7,2,3,9,2,1,1.012289329,0.94877494,-0.05122506,0.561523438,0.823242188,0.998046875,-0.040039063,0.996512052,0.998849684
0.2,7,2,3,10,2,1,0.98060683,-0.05122506,-1.05122506,0.999023438,-0.0546875,0.521484375,-0.87890625,1.000519141,1.02196974
0.2,7,2,3,11,2,1,0.993745344,0.05122506,-0.94877494,1,0.044921875,0.5859375,-0.817382813,1.001008479,1.005702449
0.2,7,2,3,12,2,1,0.973822922,1.05122506,0.05122506,0.50390625,0.845703125,0.998046875,0.059570313,0.984446689,0.999823078
0.2,7,2,3,13,2,1,0.991600682,0.94877494,-0.05122506,0.6015625,0.811523438,0.997070313,-0.05859375,1.010172129,0.998790486
0.2,7,2,3,14,2,1,0.983397106,-0.05122506,-1.05122506,0.998046875,-0.071289063,0.489257813,-0.862304688,1.000589674,0.991434608
0.2,7,2,3,15,2,1,0.97490633,0.05122506,-0.94877494,0.997070313,0.038085938,0.588867188,-0.80078125,0.997797448,0.993989525
0.2,7,2,3,16,2,1,1.004479766,1.05122506,0.05122506,0.51171875,0.869140625,0.999023438,0.034179688,1.008593826,0.999607963
0.2,7,2,3,17,2,1,0.948669091,0.94877494,-0.05122506,0.60546875,0.8203125,0.997070313,-0.013671875,1.019561183,0.997164043
0.2,7,2,3,18,2,1,1.024698157,-0.05122506,-1.05122506,0.999023438,-0.03125,0.483398438,-0.854492188,0.999512077,0.981748923
0.2,7,2,3,19,2,1,1.002589103,0.05122506,-0.94877494,0.997070313,0.017578125,0.552734375,-0.833007813,0.99722525,0.99970861
0.2,7,2,3,20,2,1,0.992003085,1.05122506,0.05122506,0.4921875,0.87109375,0.998046875,0.064453125,1.00052629,1.000125877
0.2,7,2,3,21,2,1,0.965874421,0.94877494,-0.05122506,0.603515625,0.798828125,0.997070313,-0.041992188,1.001178048,0.997954183
0.2,7,2,3,22,2,1,1.015525593,-0.05122506,-1.05122506,1,-0.055664063,0.470703125,-0.862304688,1.001548046,0.982410711
0.2,7,2,3,23,2,1,1.022102126,0.05122506,-0.94877494,0.997070313,0.077148438,0.598632813,-0.828125,1.000050543,1.021837688
0.2,7,2,3,24,2,1,0.970391284,1.05122506,0.05122506,0.515625,0.874023438,0.998046875,0.067382813,1.014783775,1.000318953
0.2,7,2,3,25,2,1,0.982010341,0.94877494,-0.05122506,0.599609375,0.807617188,0.998046875,-0.049804688,1.005871226,0.999288783
0.2,7,2,3,26,2,1,0.941009316,-0.05122506,-1.05122506,0.997070313,-0.078125,0.534179688,-0.868164063,1.000126354,1.019341345
0.2,7,2,3,27,2,1,1.033838425,0.05122506,-0.94877494,1,0.096679688,0.580078125,-0.790039063,1.004662611,0.980128742
0.2,7,2,3,28,2,1,0.968625098,1.05122506,0.05122506,0.4921875,0.853515625,0.998046875,0.079101563,0.985260096,1.001176619
0.2,7,2,3,29,2,1,1.045398614,0.94877494,-0.05122506,0.559570313,0.815429688,1,-0.076171875,0.988961329,1.002896881
0.2,7,2,3,30,2,1,0.994675733,-0.05122506,-1.05122506,1,-0.08203125,0.473632813,-0.87890625,1.003358922,0.99840084
0.2,7,2,3,31,2,1,0.977760419,0.05122506,-0.94877494,0.999023438,0.03125,0.588867188,-0.817382813,0.999512077,1.007412143
0.2,7,0,1,0,3,1.175663354,1.221655364,1.587831677,0.412168323,-0.043945313,1,0.920898438,0.381835938,1.00096513,0.996921569
0.2,7,0,1,1,3,1.029236884,1.047315437,1.514618442,0.485381558,0.049804688,1,0.887695313,0.455078125,1.001239485,0.997546524
0.2,7,0,1,2,3,0.970763116,0.954569418,0.485381558,-0.485381558,0.903320313,0.483398438,0.893554688,-0.446289063,1.024529959,0.998806241
0.2,7,0,1,3,3,0.824336646,0.814386554,0.412168323,-0.412168323,0.919921875,0.395507813,0.920898438,-0.3984375,1.001340445,1.003397416
0.2,7,0,1,4,3,1.175663354,1.171732121,1.587831677,0.412168323,-0.00390625,1,0.920898438,0.392578125,1.000007629,1.001085169
0.2,7,0,1,5,3,1.029236884,1.067934247,1.514618442,0.485381558,0.040039063,0.998046875,0.88671875,0.442382813,0.998849684,0.990945354
0.2,7,0,1,6,3,0.970763116,0.985770547,0.485381558,-0.485381558,0.889648438,0.494140625,0.897460938,-0.465820313,1.017668561,1.011150186
0.2,7,0,1,7,3,0.824336646,0.808675705,0.412168323,-0.412168323,0.936523438,0.409179688,0.916015625,-0.383789063,1.022009866,0.993165983
0.2,7,0,1,8,3,1.175663354,1.167554167,1.587831677,0.412168323,-0.025390625,1,0.918945313,0.419921875,1.00032229,1.010343936
0.2,7,0,1,9,3,1.029236884,1.011537619,1.514618442,0.485381558,0.075195313,1,0.883789063,0.46484375,1.002823182,0.998580402
0.2,7,0,1,10,3,0.970763116,0.906096274,0.485381558,-0.485381558,0.896484375,0.3984375,0.875976563,-0.46484375,0.98103857,0.991672653
0.2,7,0,1,11,3,0.824336646,0.846116112,0.412168323,-0.412168323,0.919921875,0.42578125,0.92578125,-0.405273438,1.013679401,1.010602534
0.2,7,0,1,12,3,1.175663354,1.176912383,1.587831677,0.412168323,-0.001953125,1,0.927734375,0.387695313,1.000001907,1.005484324
0.2,7,0,1,13,3,1.029236884,0.993339529,1.514618442,0.485381558,0.067382813,0.998046875,0.87109375,0.487304688,1.000318953,0.998133348
0.2,7,0,1,14,3,0.970763116,0.978821316,0.485381558,-0.485381558,0.8828125,0.469726563,0.868164063,-0.462890625,1.000000477,0.983858003
0.2,7,0,1,15,3,0.824336646,0.788000528,0.412168323,-0.412168323,0.920898438,0.381835938,0.916015625,-0.381835938,0.996921569,0.992412872
0.2,7,0,1,16,3,1.175663354,1.177506472,0.587831677,-0.587831677,0.84375,0.567382813,0.814453125,-0.540039063,1.01677791,0.977228777
0.2,7,0,1,17,3,1.029236884,0.993201129,0.514618442,-0.514618442,0.865234375,0.482421875,0.868164063,-0.45703125,0.99063686,0.981114878
0.2,7,0,1,18,3,0.970763116,0.99892788,-0.514618442,-1.485381558,0.84375,-0.4765625,0.057617188,-0.997070313,0.969033477,0.998733672
0.2,7,0,1,19,3,0.824336646,0.875053727,-0.587831677,-1.412168323,0.825195313,-0.53125,0.123046875,-0.989257813,0.981414217,0.996880912
0.2,7,0,1,20,3,1.175663354,1.171105593,0.587831677,-0.587831677,0.825195313,0.53515625,0.836914063,-0.567382813,0.983534197,1.011112459
0.2,7,0,1,21,3,1.029236884,1.005580501,0.514618442,-0.514618442,0.896484375,0.47265625,0.848632813,-0.486328125,1.013453583,0.978106689
0.2,7,0,1,22,3,0.970763116,0.985146195,-0.514618442,-1.485381558,0.866210938,-0.47265625,0.0859375,-0.995117188,0.986775212,0.99882104
0.2,7,0,1,23,3,0.824336646,0.826579639,-0.587831677,-1.412168323,0.833007813,-0.569335938,0.143554688,-0.985351563,1.008982371,0.99575381
0.2,7,0,1,24,3,1.175663354,1.209713167,0.587831677,-0.587831677,0.823242188,0.544921875,0.813476563,-0.586914063,0.987252526,1.003101308
0.2,7,0,1,25,3,1.029236884,1.033944004,0.514618442,-0.514618442,0.887695313,0.4765625,0.864257813,-0.51953125,1.007529049,1.008391931
0.2,7,0,1,26,3,0.970763116,0.926331298,-0.514618442,-1.485381558,0.870117188,-0.504882813,0.119140625,-0.999023438,1.005987363,1.006102538
0.2,7,0,1,27,3,0.824336646,0.884574902,-0.587831677,-1.412168323,0.822265625,-0.55078125,0.094726563,-0.983398438,0.989687195,0.987950205
0.2,7,0,1,28,3,1.175663354,1.174827217,0.587831677,-0.587831677,0.837890625,0.51953125,0.818359375,-0.583984375,0.985887123,1.005360541
0.2,7,0,1,29,3,1.029236884,1.016047,0.514618442,-0.514618442,0.879882813,0.482421875,0.8671875,-0.490234375,1.003456341,0.996164596
0.2,7,0,1,30,3,0.970763116,1.011832334,-0.514618442,-1.485381558,0.864257813,-0.455078125,0.07421875,-0.997070313,0.976748517,0.999828801
0.2,7,0,1,31,3,0.824336646,0.797809816,-0.587831677,-1.412168323,0.82421875,-0.56640625,0.170898438,-0.990234375,1.000076291,1.004873322
0.2,7,2,3,0,3,1,0.992215149,1.05122506,0.05122506,0.501953125,0.87890625,0.997070313,0.059570313,1.012142844,0.998848252
0.2,7,2,3,1,3,1,0.969025307,0.94877494,-0.05122506,0.58984375,0.815429688,0.998046875,-0.024414063,1.006400131,0.998345437
0.2,7,2,3,2,3,1,1.016527684,-0.05122506,-1.05122506,0.998046875,-0.057617188,0.473632813,-0.874023438,0.99970861,0.99410513
0.2,7,2,3,3,3,1,0.946619928,0.05122506,-0.94877494,0.999023438,0.021484375,0.59375,-0.788085938,0.999254426,0.986721089
0.2,7,2,3,4,3,1,0.959558888,1.05122506,0.05122506,0.52734375,0.870117188,0.999023438,0.06640625,1.017445503,1.001228055
0.2,7,2,3,5,3,1,0.986475349,0.94877494,-0.05122506,0.580078125,0.801757813,0.999023438,-0.041992188,0.98959902,0.999905582
0.2,7,2,3,6,3,1,1.024821759,-0.05122506,-1.05122506,0.997070313,-0.0390625,0.491210938,-0.884765625,0.9978352,1.011977468
0.2,7,2,3,7,3,1,1.048581636,0.05122506,-0.94877494,0.997070313,0.092773438,0.573242188,-0.811523438,1.001377111,0.993567761
0.2,7,2,3,8,3,1,0.982864411,1.05122506,0.05122506,0.498046875,0.85546875,0.99609375,0.060546875,0.989887606,0.997932204
0.2,7,2,3,9,3,1,0.970513919,0.94877494,-0.05122506,0.602539063,0.813476563,0.99609375,-0.037109375,1.012322794,0.996784763
0.2,7,2,3,10,3,1,0.998615972,-0.05122506,-1.05122506,0.99609375,-0.04296875,0.499023438,-0.853515625,0.997020096,0.988692729
0.2,7,2,3,11,3,1,0.976801397,0.05122506,-0.94877494,0.999023438,0.024414063,0.578125,-0.8125,0.999321708,0.99718843
0.2,7,2,3,12,3,1,1.012240604,1.05122506,0.05122506,0.521484375,0.889648438,0.998046875,0.028320313,1.031222719,0.998448599
0.2,7,2,3,13,3,1,1.013196507,0.94877494,-0.05122506,0.5859375,0.803710938,0.997070313,-0.072265625,0.994622554,0.999685715
0.2,7,2,3,14,3,1,0.997057107,-0.05122506,-1.05122506,0.999023438,-0.064453125,0.48046875,-0.860351563,1.001100412,0.985421245
0.2,7,2,3,15,3,1,1.009729583,0.05122506,-0.94877494,1,0.083007813,0.611328125,-0.814453125,1.003439234,1.01835945
0.2,7,2,3,16,3,1,0.990863689,1.05122506,0.05122506,0.490234375,0.85546875,0.999023438,0.059570313,0.985979982,1.000797907
0.2,7,2,3,17,3,1,0.972265441,0.94877494,-0.05122506,0.604492188,0.8125,0.997070313,-0.041015625,1.012702846,0.997913568
0.2,7,2,3,18,3,1,1.003784736,-0.05122506,-1.05122506,0.995117188,-0.075195313,0.46484375,-0.868164063,0.997954183,0.984778428
0.2,7,2,3,19,3,1,1.012107788,0.05122506,-0.94877494,0.998046875,0.043945313,0.564453125,-0.8203125,0.999013891,0.995750937
0.2,7,2,3,20,3,1,1.021453766,1.05122506,0.05122506,0.489257813,0.868164063,0.999023438,0.036132813,0.99653502,0.999676652
0.2,7,2,3,21,3,1,1.020126969,0.94877494,-0.05122506,0.559570313,0.787109375,0.999023438,-0.067382813,0.96574329,1.0012933
0.2,7,2,3,22,3,1,0.998646045,-0.05122506,-1.05122506,0.998046875,-0.044921875,0.508789063,-0.874023438,0.999057325,1.011327484
0.2,7,2,3,23,3,1,1.000109567,0.05122506,-0.94877494,0.99609375,0.073242188,0.603515625,-0.803710938,0.998782848,1.005078296
0.2,7,2,3,24,3,1,0.98941873,1.05122506,0.05122506,0.51953125,0.83984375,0.998046875,0.02734375,0.987547591,0.998421377
0.2,7,2,3,25,3,1,0.960648889,0.94877494,-0.05122506,0.59765625,0.796875,0.995117188,-0.033203125,0.99609375,0.995670962
0.2,7,2,3,26,3,1,1.030119868,-0.05122506,-1.05122506,0.999023438,-0.028320313,0.48828125,-0.868164063,0.999424769,0.996055931
0.2,7,2,3,27,3,1,1.016113884,0.05122506,-0.94877494,1,0.083984375,0.6015625,-0.810546875,1.003520491,1.009387774
0.2,7,2,3,28,3,1,1.036423456,1.05122506,0.05122506,0.48046875,0.875,1,0.032226563,0.998236054,1.000519141
0.2,7,2,3,29,3,1,1.004400239,0.94877494,-0.05122506,0.583007813,0.809570313,0.997070313,-0.057617188,0.997648335,0.998733672
0.2,7,2,3,30,3,1,0.995119852,-0.05122506,-1.05122506,0.999023438,-0.084960938,0.461914063,-0.864257813,1.002629637,0.979952125
0.2,7,2,3,31,3,1,1.034056211,0.05122506,-0.94877494,0.999023438,0.064453125,0.55859375,-0.814453125,1.001100412,0.9876036
0.2,7,0,1,0,4,1.175663354,1.173706156,1.587831677,0.412168323,-0.026367188,0.999023438,0.912109375,0.411132813,0.999371331,1.000486732
0.2,7,0,1,1,4,1.029236884,1.048833305,1.514618442,0.485381558,0.033203125,0.998046875,0.892578125,0.474609375,0.998599025,1.010915312
0.2,7,0,1,2,4,0.970763116,1.008766146,0.485381558,-0.485381558,0.874023438,0.491210938,0.870117188,-0.471679688,1.002599199,0.989740192
0.2,7,0,1,3,4,0.824336646,0.858288808,0.412168323,-0.412168323,0.915039063,0.440429688,0.90625,-0.393554688,1.015517009,0.988015361
0.2,7,0,1,4,4,1.175663354,1.166159341,1.587831677,0.412168323,-0.022460938,0.999023438,0.903320313,0.411132813,0.999275899,0.992480618
0.2,7,0,1,5,4,1.029236884,1.048621885,1.514618442,0.485381558,0.05859375,1,0.87890625,0.439453125,1.001715143,0.98264706
0.2,7,0,1,6,4,0.970763116,0.994913962,0.485381558,-0.485381558,0.88671875,0.48828125,0.8828125,-0.47265625,1.012269095,1.001379968
0.2,7,0,1,7,4,0.824336646,0.802962985,0.412168323,-0.412168323,0.909179688,0.404296875,0.916992188,-0.37109375,0.995019431,0.989234676
0.2,7,0,1,8,4,1.175663354,1.161926461,1.587831677,0.412168323,-0.006835938,1,0.900390625,0.397460938,1.000023365,0.984214649
0.2,7,0,1,9,4,1.029236884,1.061654103,1.514618442,0.485381558,0.012695313,0.998046875,0.890625,0.482421875,0.998127615,1.012888817
0.2,7,0,1,10,4,0.970763116,0.98195737,0.485381558,-0.485381558,0.880859375,0.486328125,0.868164063,-0.44921875,1.006194953,0.977500038
0.2,7,0,1,11,4,0.824336646,0.834694305,0.412168323,-0.412168323,0.909179688,0.411132813,0.918945313,-0.399414063,0.997816563,1.001994052
0.2,7,0,1,12,4,1.175663354,1.205203732,1.587831677,0.412168323,-0.0390625,1,0.918945313,0.393554688,1.000762649,0.999672836
0.2,7,0,1,13,4,1.029236884,1.058408838,1.514618442,0.485381558,0.01953125,0.998046875,0.883789063,0.474609375,0.998237965,1.003163579
0.2,7,0,1,14,4,0.970763116,0.977062885,0.485381558,-0.485381558,0.870117188,0.447265625,0.892578125,-0.490234375,0.978340666,1.018344466
0.2,7,0,1,15,4,0.824336646,0.860499525,0.412168323,-0.412168323,0.918945313,0.416992188,0.911132813,-0.422851563,1.009129809,1.004473218
0.2,7,0,1,16,4,1.175663354,1.139255707,0.587831677,-0.587831677,0.836914063,0.537109375,0.838867188,-0.536132813,0.99444036,0.995558412
0.2,7,0,1,17,4,1.029236884,1.023064528,0.514618442,-0.514618442,0.85546875,0.487304688,0.86328125,-0.477539063,0.984526607,0.986558702
0.2,7,0,1,18,4,0.970763116,0.965487784,-0.514618442,-1.485381558,0.874023438,-0.48046875,0.102539063,-0.995117188,0.997380163,1.000386164
0.2,7,0,1,19,4,0.824336646,0.833307924,-0.587831677,-1.412168323,0.815429688,-0.521484375,0.16796875,-0.987304688,0.967921241,1.001490912
0.2,7,0,1,20,4,1.175663354,1.192339156,0.587831677,-0.587831677,0.8125,0.571289063,0.828125,-0.541992188,0.993240879,0.989720439
0.2,7,0,1,21,4,1.029236884,1.023175482,0.514618442,-0.514618442,0.854492188,0.483398438,0.862304688,-0.48046875,0.981748923,0.987126939
0.2,7,0,1,22,4,0.970763116,0.927576461,-0.514618442,-1.485381558,0.872070313,-0.491210938,0.130859375,-0.999023438,1.000897005,1.007557445
0.2,7,0,1,23,4,0.824336646,0.825012203,-0.587831677,-1.412168323,0.805664063,-0.571289063,0.127929688,-0.986328125,0.987656709,0.994589953
0.2,7,0,1,24,4,1.175663354,1.169442366,0.587831677,-0.587831677,0.818359375,0.541015625,0.836914063,-0.5546875,0.981024961,1.00404351
0.2,7,0,1,25,4,1.029236884,1.037104905,0.514618442,-0.514618442,0.866210938,0.497070313,0.875976563,-0.497070313,0.998699296,1.007181132
0.2,7,0,1,26,4,0.970763116,0.976192946,-0.514618442,-1.485381558,0.872070313,-0.471679688,0.098632813,-0.995117188,0.991457693,0.999993324
0.2,7,0,1,27,4,0.824336646,0.836914118,-0.587831677,-1.412168323,0.853515625,-0.557617188,0.154296875,-0.986328125,1.019522364,0.998323943
0.2,7,0,1,28,4,1.175663354,1.181509299,0.587831677,-0.587831677,0.841796875,0.573242188,0.833984375,-0.55078125,1.018444198,0.999444807
0.2,7,0,1,29,4,1.029236884,1.003141127,0.514618442,-0.514618442,0.873046875,0.475585938,0.874023438,-0.482421875,0.994179476,0.99832251
0.2,7,0,1,30,4,0.970763116,0.95421445,-0.514618442,-1.485381558,0.869140625,-0.5,0.094726563,-0.999023438,1.002699071,1.003504335
0.2,7,0,1,31,4,0.824336646,0.798760613,-0.587831677,-1.412168323,0.845703125,-0.547851563,0.196289063,-0.982421875,1.007648307,1.001839377
0.2,7,2,3,0,4,1,0.977694746,1.05122506,0.05122506,0.491210938,0.870117188,0.997070313,0.079101563,0.999195729,1.000203112
0.2,7,2,3,1,4,1,1.032347958,0.94877494,-0.05122506,0.568359375,0.815429688,0.999023438,-0.0703125,0.993960741,1.001494721
0.2,7,2,3,2,4,1,0.994880514,-0.05122506,-1.05122506,0.999023438,-0.04296875,0.5,-0.84765625,0.99994707,0.984134705
0.2,7,2,3,3,4,1,1.026304141,0.05122506,-0.94877494,0.999023438,0.0703125,0.572265625,-0.810546875,1.001494721,0.992206723
0.2,7,2,3,4,4,1,1.013868998,1.05122506,0.05122506,0.475585938,0.868164063,0.997070313,0.055664063,0.98989435,0.9986229
0.2,7,2,3,5,4,1,0.985032542,0.94877494,-0.05122506,0.587890625,0.801757813,0.998046875,-0.046875,0.994198661,0.999147051
0.2,7,2,3,6,4,1,0.938785574,-0.05122506,-1.05122506,0.998046875,-0.10546875,0.498046875,-0.856445313,1.003604116,0.990731681
0.2,7,2,3,7,4,1,0.995949732,0.05122506,-0.94877494,0.998046875,0.05859375,0.588867188,-0.801757813,0.999765369,0.994776434
0.2,7,2,3,8,4,1,0.95524519,1.05122506,0.05122506,0.530273438,0.881835938,0.999023438,0.07421875,1.028992002,1.001776548
0.2,7,2,3,9,4,1,0.986098907,0.94877494,-0.05122506,0.588867188,0.818359375,1,-0.0390625,1.008204657,1.000762649
0.2,7,2,3,10,4,1,0.976251968,-0.05122506,-1.05122506,1,-0.071289063,0.500976563,-0.868164063,1.002537845,1.002340439
0.2,7,2,3,11,4,1,0.942026206,0.05122506,-0.94877494,0.999023438,0.0234375,0.625,-0.818359375,0.999298326,1.029726695
0.2,7,2,3,12,4,1,1.005844799,1.05122506,0.05122506,0.494140625,0.884765625,1,0.055664063,1.013402767,1.001548046
0.2,7,2,3,13,4,1,1.009091236,0.94877494,-0.05122506,0.55078125,0.82421875,0.998046875,-0.02734375,0.991310513,0.998421377
0.2,7,2,3,14,4,1,0.95117058,-0.05122506,-1.05122506,0.99609375,-0.081054688,0.518554688,-0.868164063,0.999386122,1.011240725
0.2,7,2,3,15,4,1,0.993781476,0.05122506,-0.94877494,0.998046875,0.052734375,0.587890625,-0.806640625,0.999439082,0.998140514
0.2,7,2,3,16,4,1,1.030535355,1.05122506,0.05122506,0.470703125,0.86328125,0.998046875,0.041015625,0.983267994,0.998889306
0.2,7,2,3,17,4,1,1.024139561,0.94877494,-0.05122506,0.556640625,0.81640625,0.999023438,-0.051757813,0.988113329,1.000363284
0.2,7,2,3,18,4,1,0.984202558,-0.05122506,-1.05122506,1,-0.046875,0.516601563,-0.862304688,1.00109803,1.005209704
0.2,7,2,3,19,4,1,0.997422806,0.05122506,-0.94877494,0.997070313,0.05859375,0.595703125,-0.813476563,0.998790486,1.008268977
0.2,7,2,3,20,4,1,1.023930649,1.05122506,0.05122506,0.486328125,0.866210938,0.99609375,0.03515625,0.993396413,0.996713961
0.2,7,2,3,21,4,1,0.982407177,0.94877494,-0.05122506,0.58203125,0.8125,0.999023438,-0.033203125,0.999458166,0.999575048
0.2,7,2,3,22,4,1,1.030684396,-0.05122506,-1.05122506,0.999023438,-0.029296875,0.489257813,-0.873046875,0.999452918,1.000791713
0.2,7,2,3,23,4,1,1.079589746,0.05122506,-0.94877494,0.999023438,0.116210938,0.552734375,-0.795898438,1.005759818,0.969004444
0.2,7,2,3,24,4,1,1.059213224,1.05122506,0.05122506,0.474609375,0.869140625,0.99609375,0.01171875,0.990282528,0.996162681
0.2,7,2,3,25,4,1,0.949952181,0.94877494,-0.05122506,0.604492188,0.8046875,1,-0.0234375,1.006445616,1.00027462
0.2,7,2,3,26,4,1,1.004845717,-0.05122506,-1.05122506,0.999023438,-0.030273438,0.520507813,-0.876953125,0.999482021,1.019791727
0.2,7,2,3,27,4,1,1.035622311,0.05122506,-0.94877494,0.994140625,0.08203125,0.57421875,-0.80859375,0.997519277,0.991741411
0.2,7,2,3,28,4,1,0.998247986,1.05122506,0.05122506,0.499023438,0.879882813,0.999023438,0.056640625,1.011542463,1.000627797
0.2,7,2,3,29,4,1,0.99335972,0.94877494,-0.05122506,0.576171875,0.8046875,0.999023438,-0.043945313,0.989694904,0.99998951
0.2,7,2,3,30,4,1,1.031396545,-0.05122506,-1.05122506,1,-0.01953125,0.498046875,-0.870117188,1.000190717,1.002573992
0.2,7,2,3,31,4,1,0.939409511,0.05122506,-0.94877494,0.99609375,0.020507813,0.6015625,-0.788085938,0.996304837,0.991441822
0.2,7,0,1,0,5,1.175663354,1.105029813,1.587831677,0.412168323,0.029296875,0.999023438,0.90234375,0.420898438,0.999452918,0.99568054
0.2,7,0,1,1,5,1.029236884,1.01907146,1.514618442,0.485381558,0.055664063,0.999023438,0.876953125,0.474609375,1.000572994,0.997146349
0.2,7,0,1,2,5,0.970763116,0.997737931,0.485381558,-0.485381558,0.880859375,0.475585938,0.8828125,-0.485351563,1.001047063,1.00743439
0.2,7,0,1,3,5,0.824336646,0.836270775,0.412168323,-0.412168323,0.920898438,0.370117188,0.90625,-0.442382813,0.992492148,1.008460022
0.2,7,0,1,4,5,1.175663354,1.140888592,1.587831677,0.412168323,-0.008789063,1,0.903320313,0.423828125,1.000038623,0.997806528
0.2,7,0,1,5,5,1.029236884,0.971694488,1.514618442,0.485381558,0.091796875,0.998046875,0.873046875,0.485351563,1.002259563,0.998887874
0.2,7,0,1,6,5,0.970763116,0.995178301,0.485381558,-0.485381558,0.875976563,0.485351563,0.889648438,-0.473632813,1.001449488,1.007870222
0.2,7,0,1,7,5,0.824336646,0.790140609,0.412168323,-0.412168323,0.91015625,0.385742188,0.918945313,-0.376953125,0.988524878,0.993254321
0.2,7,0,1,8,5,1.175663354,1.150260171,1.587831677,0.412168323,-0.030273438,1,0.91796875,0.444335938,1.000458136,1.019853446
0.2,7,0,1,9,5,1.029236884,1.057837848,1.514618442,0.485381558,0.01171875,0.998046875,0.876953125,0.48046875,0.998115672,0.9999485
0.2,7,0,1,10,5,0.970763116,0.960676878,0.485381558,-0.485381558,0.875976563,0.470703125,0.887695313,-0.448242188,0.994432687,0.994446593
0.2,7,0,1,11,5,0.824336646,0.881146918,0.412168323,-0.412168323,0.913085938,0.450195313,0.913085938,-0.411132813,1.018038186,1.001377111
0.2,7,0,1,12,5,1.175663354,1.153733084,1.587831677,0.412168323,-0.014648438,0.999023438,0.907226563,0.41796875,0.999130825,0.998878327
0.2,7,0,1,13,5,1.029236884,1.001131752,1.514618442,0.485381558,0.041015625,0.999023438,0.87109375,0.508789063,0.999865046,1.008796625
0.2,7,0,1,14,5,0.970763116,0.988710487,0.485381558,-0.485381558,0.892578125,0.495117188,0.873046875,-0.45703125,1.020704041,0.985438181
0.2,7,0,1,15,5,0.824336646,0.836043386,0.412168323,-0.412168323,0.908203125,0.423828125,0.927734375,-0.391601563,1.002229113,1.006996949
0.2,7,0,1,16,5,1.175663354,1.219475234,0.587831677,-0.587831677,0.830078125,0.56640625,0.8359375,-0.59765625,1.004910809,1.027611063
0.2,7,0,1,17,5,1.029236884,1.058777667,0.514618442,-0.514618442,0.859375,0.525390625,0.87109375,-0.487304688,1.007254039,0.998133348
0.2,7,0,1,18,5,0.970763116,0.975462382,-0.514618442,-1.485381558,0.884765625,-0.479492188,0.098632813,-0.99609375,1.006341378,1.00096513
0.2,7,0,1,19,5,0.824336646,0.833518218,-0.587831677,-1.412168323,0.833984375,-0.54296875,0.159179688,-0.985351563,0.995160792,0.998126182
0.2,7,0,1,20,5,1.175663354,1.123635626,0.587831677,-0.587831677,0.836914063,0.540039063,0.870117188,-0.534179688,0.996025771,1.021005318
0.2,7,0,1,21,5,1.029236884,1.025635832,0.514618442,-0.514618442,0.881835938,0.524414063,0.862304688,-0.458984375,1.025984761,0.976850055
0.2,7,0,1,22,5,0.970763116,0.975786271,-0.514618442,-1.485381558,0.87890625,-0.483398438,0.091796875,-0.993164063,1.003070409,0.997397374
0.2,7,0,1,23,5,0.824336646,0.800526695,-0.587831677,-1.412168323,0.841796875,-0.581054688,0.165039063,-0.984375,1.02286193,0.998114238
0.2,7,0,1,24,5,1.175663354,1.202326074,0.587831677,-0.587831677,0.817382813,0.5703125,0.833007813,-0.561523438,0.996679994,1.004594737
0.2,7,0,1,25,5,1.029236884,1.032045928,0.514618442,-0.514618442,0.869140625,0.495117188,0.879882813,-0.497070313,1.00027319,1.010580358
0.2,7,0,1,26,5,0.970763116,0.980062054,-0.514618442,-1.485381558,0.87890625,-0.493164063,0.079101563,-0.994140625,1.007812973,0.997282628
0.2,7,0,1,27,5,0.824336646,0.819438811,-0.587831677,-1.412168323,0.849609375,-0.55078125,0.17578125,-0.987304688,1.012519667,1.00283079
0.2,7,0,1,28,5,1.175663354,1.148476019,0.587831677,-0.587831677,0.859375,0.555664063,0.825195313,-0.534179688,1.023370872,0.983003175
0.2,7,0,1,29,5,1.029236884,1.056395012,0.514618442,-0.514618442,0.864257813,0.499023438,0.866210938,-0.510742188,0.997980941,1.005573951
0.2,7,0,1,30,5,0.970763116,0.943163835,-0.514618442,-1.485381558,0.856445313,-0.505859375,0.09375,-0.993164063,0.994682,0.997579028
0.2,7,0,1,31,5,0.824336646,0.82078215,-0.587831677,-1.412168323,0.845703125,-0.545898438,0.176757813,-0.989257813,1.006587741,1.004925044
0.2,7,2,3,0,5,1,0.994000623,1.05122506,0.05122506,0.458984375,0.873046875,0.997070313,0.092773438,0.986345529,1.001377111
0.2,7,2,3,1,5,1,0.948038887,0.94877494,-0.05122506,0.567382813,0.827148438,0.998046875,0.021484375,1.003044263,0.998278089
0.2,7,2,3,2,5,1,1.031102771,-0.05122506,-1.05122506,0.999023438,-0.022460938,0.49609375,-0.872070313,0.999275899,1.003302367
0.2,7,2,3,3,5,1,1.021059637,0.05122506,-0.94877494,0.99609375,0.076171875,0.583984375,-0.807617188,0.999001959,0.996635978
0.2,7,2,3,4,5,1,1.000131765,1.05122506,0.05122506,0.501953125,0.865234375,0.998046875,0.044921875,1.000293689,0.999057325
0.2,7,2,3,5,5,1,0.996348041,0.94877494,-0.05122506,0.571289063,0.81640625,1,-0.036132813,0.996438838,1.000652577
0.2,7,2,3,6,5,1,1.021888135,-0.05122506,-1.05122506,0.998046875,-0.0234375,0.493164063,-0.850585938,0.998322033,0.983212708
0.2,7,2,3,7,5,1,1.039396343,0.05122506,-0.94877494,0.99609375,0.068359375,0.551757813,-0.806640625,0.998436659,0.977295135
0.2,7,2,3,8,5,1,0.986790024,1.05122506,0.05122506,0.497070313,0.87109375,0.998046875,0.065429688,1.002937295,1.000189286
0.2,7,2,3,9,5,1,0.976929539,0.94877494,-0.05122506,0.56640625,0.809570313,0.999023438,-0.016601563,0.988038527,0.999161369
0.2,7,2,3,10,5,1,0.967328706,-0.05122506,-1.05122506,0.999023438,-0.059570313,0.521484375,-0.862304688,1.000797907,1.007727804
0.2,7,2,3,11,5,1,0.990804454,0.05122506,-0.94877494,0.999023438,0.04296875,0.583007813,-0.811523438,0.99994707,0.999233906
0.2,7,2,3,12,5,1,1.021154863,1.05122506,0.05122506,0.515625,0.864257813,1,0.01171875,1.00638497,1.000068662
0.2,7,2,3,13,5,1,1.035916775,0.94877494,-0.05122506,0.583984375,0.813476563,0.999023438,-0.087890625,1.001389968,1.002882142
0.2,7,2,3,14,5,1,0.960111462,-0.05122506,-1.05122506,0.999023438,-0.0703125,0.530273438,-0.883789063,1.001494721,1.030666302
0.2,7,2,3,15,5,1,1.000582438,0.05122506,-0.94877494,0.998046875,0.05078125,0.577148438,-0.806640625,0.999337931,0.991851509
0.2,7,2,3,16,5,1,0.961779624,1.05122506,0.05122506,0.5234375,0.875976563,0.997070313,0.0703125,1.02045174,0.999546425
0.2,7,2,3,17,5,1,0.999197463,0.94877494,-0.05122506,0.559570313,0.802734375,0.998046875,-0.037109375,0.978520011,0.998736537
0.2,7,2,3,18,5,1,1.01855577,-0.05122506,-1.05122506,0.999023438,-0.032226563,0.497070313,-0.868164063,0.999543086,1.00039379
0.2,7,2,3,19,5,1,0.994768106,0.05122506,-0.94877494,1,0.049804688,0.587890625,-0.813476563,1.001239485,1.003673007
0.2,7,2,3,20,5,1,0.963838611,1.05122506,0.05122506,0.49609375,0.879882813,0.999023438,0.09375,1.010100377,1.003412623
0.2,7,2,3,21,5,1,1.012084222,0.94877494,-0.05122506,0.560546875,0.823242188,0.999023438,-0.0390625,0.995962097,0.999786831
0.2,7,2,3,22,5,1,1.023477375,-0.05122506,-1.05122506,1,-0.041015625,0.4765625,-0.859375,1.000840787,0.982668412
0.2,7,2,3,23,5,1,1.052540111,0.05122506,-0.94877494,0.99609375,0.091796875,0.560546875,-0.801757813,1.000314663,0.978278278
0.2,7,2,3,24,5,1,1.035415444,1.05122506,0.05122506,0.462890625,0.875,1,0.048828125,0.989895313,1.001191383
0.2,7,2,3,25,5,1,0.966959288,0.94877494,-0.05122506,0.560546875,0.795898438,1,-0.009765625,0.973481958,1.000047683
0.2,7,2,3,26,5,1,1.012671383,-0.05122506,-1.05122506,0.999023438,-0.03515625,0.493164063,-0.85546875,0.999641831,0.987439909
0.2,7,2,3,27,5,1,1.009723985,0.05122506,-0.94877494,1,0.083007813,0.602539063,-0.802734375,1.003439234,1.003711014
0.2,7,2,3,28,5,1,1.017343597,1.05122506,0.05122506,0.48828125,0.875976563,0.999023438,0.044921875,1.002872633,1.000032901
0.2,7,2,3,29,5,1,0.981500507,0.94877494,-0.05122506,0.5703125,0.797851563,0.998046875,-0.03125,0.980725988,0.998535992
0.2,7,2,3,30,5,1,1.010372805,-0.05122506,-1.05122506,1,-0.03515625,0.504882813,-0.87109375,1.00061779,1.006832149
0.2,7,2,3,31,5,1,1.022445147,0.05122506,-0.94877494,0.999023438,0.067382813,0.576171875,-0.814453125,1.0012933,0.997651203
0.2,7,0,1,0,6,1.175663354,1.187668158,1.587831677,0.412168323,-0.010742188,0.999023438,0.9140625,0.379882813,0.99908119,0.989859185
0.2,7,0,1,1,6,1.029236884,1.043286169,1.514618442,0.485381558,0.045898438,1,0.881835938,0.4609375,1.001052779,0.995036683
0.2,7,0,1,2,6,0.970763116,0.974897849,0.485381558,-0.485381558,0.892578125,0.46875,0.890625,-0.4765625,1.008177698,1.010111235
0.2,7,0,1,3,6,0.824336646,0.847321164,0.412168323,-0.412168323,0.913085938,0.3984375,0.912109375,-0.424804688,0.996232087,1.006182158
0.2,7,0,1,4,6,1.175663354,1.19380408,1.587831677,0.412168323,-0.026367188,1,0.919921875,0.392578125,1.000347554,1.000186903
0.2,7,0,1,5,6,1.029236884,1.02355901,1.514618442,0.485381558,0.041015625,0.995117188,0.865234375,0.479492188,0.995962097,0.989213466
0.2,7,0,1,6,6,0.970763116,0.934444823,0.485381558,-0.485381558,0.89453125,0.444335938,0.875,-0.448242188,0.998809583,0.983130743
0.2,7,0,1,7,6,0.824336646,0.841167371,0.412168323,-0.412168323,0.896484375,0.41015625,0.931640625,-0.407226563,0.985856168,1.016753523
0.2,7,0,1,8,6,1.175663354,1.196730504,1.587831677,0.412168323,-0.024414063,1,0.920898438,0.387695313,1.000297979,0.999180458
0.2,7,0,1,9,6,1.029236884,1.077745854,1.514618442,0.485381558,0.01953125,0.997070313,0.87109375,0.446289063,0.997261589,0.978763633
0.2,7,0,1,10,6,0.970763116,0.948634453,0.485381558,-0.485381558,0.866210938,0.426757813,0.891601563,-0.4765625,0.965631202,1.010972385
0.2,7,0,1,11,6,0.824336646,0.823249931,0.412168323,-0.412168323,0.904296875,0.409179688,0.918945313,-0.38671875,0.992562771,0.997001444
0.2,7,0,1,12,6,1.175663354,1.235278666,1.587831677,0.412168323,-0.041992188,0.997070313,0.930664063,0.369140625,0.997954183,1.00119948
0.2,7,0,1,13,6,1.029236884,1.028438377,1.514618442,0.485381558,0.055664063,0.999023438,0.887695313,0.469726563,1.000572994,1.004313702
0.2,7,0,1,14,6,0.970763116,1.016585381,0.485381558,-0.485381558,0.87109375,0.498046875,0.892578125,-0.484375,1.003421652,1.01553673
0.2,7,0,1,15,6,0.824336646,0.7898181,0.412168323,-0.412168323,0.91015625,0.381835938,0.915039063,-0.37890625,0.987007134,0.990387011
0.2,7,0,1,16,6,1.175663354,1.190353323,0.587831677,-0.587831677,0.8203125,0.551757813,0.852539063,-0.581054688,0.988609772,1.031720603
0.2,7,0,1,17,6,1.029236884,1.007785294,0.514618442,-0.514618442,0.85546875,0.485351563,0.891601563,-0.477539063,0.983561346,1.011433093
0.2,7,0,1,18,6,0.970763116,1.001096974,-0.514618442,-1.485381558,0.875976563,-0.4765625,0.071289063,-0.99609375,0.997219512,0.998641522
0.2,7,0,1,19,6,0.824336646,0.82018754,-0.587831677,-1.412168323,0.852539063,-0.541992188,0.182617188,-0.979492188,1.010236796,0.996370404
0.2,7,0,1,20,6,1.175663354,1.199363688,0.587831677,-0.587831677,0.845703125,0.602539063,0.825195313,-0.541015625,1.038396407,0.98673462
0.2,7,0,1,21,6,1.029236884,1.022010024,0.514618442,-0.514618442,0.885742188,0.518554688,0.884765625,-0.474609375,1.026371369,1.004024039
0.2,7,0,1,22,6,0.970763116,0.956841294,-0.514618442,-1.485381558,0.881835938,-0.522460938,0.079101563,-0.998046875,1.02498783,1.001176619
0.2,7,0,1,23,6,0.824336646,0.7932528,-0.587831677,-1.412168323,0.819335938,-0.577148438,0.163085938,-0.986328125,1.002203421,0.999720057
0.2,7,0,1,24,6,1.175663354,1.12822946,0.587831677,-0.587831677,0.849609375,0.545898438,0.833984375,-0.51953125,1.00987187,0.982569416
0.2,7,0,1,25,6,1.029236884,1.020549617,0.514618442,-0.514618442,0.860351563,0.491210938,0.874023438,-0.479492188,0.990703284,0.99691009
0.2,7,0,1,26,6,0.970763116,0.966659448,-0.514618442,-1.485381558,0.880859375,-0.493164063,0.09375,-0.997070313,1.009516731,1.001468058
0.2,7,0,1,27,6,0.824336646,0.854378247,-0.587831677,-1.412168323,0.848632813,-0.530273438,0.157226563,-0.987304688,1.000683551,0.999745337
0.2,7,0,1,28,6,1.175663354,1.177705718,0.587831677,-0.587831677,0.815429688,0.560546875,0.833984375,-0.541015625,0.989514211,0.994096496
0.2,7,0,1,29,6,1.029236884,1.028144245,0.514618442,-0.514618442,0.875,0.497070313,0.859375,-0.482421875,1.006331901,0.985523341
0.2,7,0,1,30,6,0.970763116,0.973866682,-0.514618442,-1.485381558,0.852539063,-0.500976563,0.065429688,-0.995117188,0.988837888,0.997265893
0.2,7,0,1,31,6,0.824336646,0.879845622,-0.587831677,-1.412168323,0.842773438,-0.514648438,0.141601563,-0.985351563,0.98748675,0.99547411
0.2,7,2,3,0,6,1,0.942711028,1.05122506,0.05122506,0.506835938,0.852539063,0.998046875,0.091796875,0.991819298,1.002259563
0.2,7,2,3,1,6,1,0.945040455,0.94877494,-0.05122506,0.596679688,0.791015625,1,-0.020507813,0.990824086,1.000210263
0.2,7,2,3,2,6,1,1.024456299,-0.05122506,-1.05122506,0.999023438,-0.037109375,0.481445313,-0.862304688,0.999712426,0.987602634
0.2,7,2,3,3,6,1,0.990100519,0.05122506,-0.94877494,0.998046875,0.037109375,0.578125,-0.813476563,0.998736537,0.997984285
0.2,7,2,3,4,6,1,0.955168004,1.05122506,0.05122506,0.5,0.876953125,0.999023438,0.09765625,1.009478471,1.003785122
0.2,7,2,3,5,6,1,1.00150327,0.94877494,-0.05122506,0.600585938,0.829101563,0.999023438,-0.057617188,1.023773837,1.000683551
0.2,7,2,3,6,6,1,1.000607372,-0.05122506,-1.05122506,0.997070313,-0.076171875,0.478515625,-0.888671875,0.999975681,1.009314076
0.2,7,2,3,7,6,1,0.97905873,0.05122506,-0.94877494,0.999023438,0.038085938,0.606445313,-0.83203125,0.999749152,1.029588227
0.2,7,2,3,8,6,1,0.999554993,1.05122506,0.05122506,0.486328125,0.875976563,0.999023438,0.064453125,1.001923142,1.001100412
0.2,7,2,3,9,6,1,1.012330341,0.94877494,-0.05122506,0.576171875,0.827148438,0.99609375,-0.049804688,1.008041947,0.99733809
0.2,7,2,3,10,6,1,0.975763025,-0.05122506,-1.05122506,0.998046875,-0.053710938,0.5078125,-0.844726563,0.999491085,0.985614783
0.2,7,2,3,11,6,1,1.024405294,0.05122506,-0.94877494,0.999023438,0.076171875,0.590820313,-0.823242188,1.001923142,1.013309598
0.2,7,2,3,12,6,1,0.996728853,1.05122506,0.05122506,0.482421875,0.853515625,0.998046875,0.059570313,0.98041817,0.999823078
0.2,7,2,3,13,6,1,1.010172449,0.94877494,-0.05122506,0.545898438,0.841796875,0.997070313,-0.014648438,1.00330807,0.99717791
0.2,7,2,3,14,6,1,1.008861685,-0.05122506,-1.05122506,0.999023438,-0.028320313,0.51171875,-0.866210938,0.999424769,1.006070309
0.2,7,2,3,15,6,1,1.019303606,0.05122506,-0.94877494,0.999023438,0.068359375,0.603515625,-0.845703125,1.001359492,1.038963371
0.2,7,2,3,16,6,1,1.003679414,1.05122506,0.05122506,0.528320313,0.887695313,1,0.030273438,1.03301758,1.000458136
0.2,7,2,3,17,6,1,0.951775838,0.94877494,-0.05122506,0.606445313,0.803710938,0.998046875,-0.02734375,1.0068402,0.998421377
0.2,7,2,3,18,6,1,1.062463251,-0.05122506,-1.05122506,0.999023438,-0.015625,0.4765625,-0.887695313,0.99914562,1.007529049
0.2,7,2,3,19,6,1,1.017838734,0.05122506,-0.94877494,0.999023438,0.057617188,0.578125,-0.826171875,1.000683551,1.008359302
0.2,7,2,3,20,6,1,0.983938173,1.05122506,0.05122506,0.501953125,0.883789063,0.998046875,0.0703125,1.016385777,1.000520571
0.2,7,2,3,21,6,1,1.007102952,0.94877494,-0.05122506,0.584960938,0.803710938,0.998046875,-0.065429688,0.994047569,1.000189286
0.2,7,2,3,22,6,1,1.031760328,-0.05122506,-1.05122506,0.998046875,-0.056640625,0.455078125,-0.869140625,0.999652802,0.981071621
0.2,7,2,3,23,6,1,1.000442132,0.05122506,-0.94877494,0.998046875,0.053710938,0.583007813,-0.809570313,0.999491085,0.997648335
0.2,7,2,3,24,6,1,0.992118503,1.05122506,0.05122506,0.506835938,0.8671875,1,0.049804688,1.004438563,1.001239485
0.2,7,2,3,25,6,1,0.954077629,0.94877494,-0.05122506,0.602539063,0.822265625,0.997070313,-0.015625,1.019398882,0.997192734
0.2,7,2,3,26,6,1,0.978023668,-0.05122506,-1.05122506,0.998046875,-0.037109375,0.529296875,-0.852539063,0.998736537,1.003482952
0.2,7,2,3,27,6,1,1.018499773,0.05122506,-0.94877494,0.997070313,0.0625,0.575195313,-0.814453125,0.999027256,0.997087529
0.2,7,2,3,28,6,1,1.042753772,1.05122506,0.05122506,0.481445313,0.877929688,0.997070313,0.026367188,1.001274251,0.997418887
0.2,7,2,3,29,6,1,1.041675276,0.94877494,-0.05122506,0.561523438,0.811523438,0.998046875,-0.076171875,0.986853009,1.000949409
0.2,7,2,3,30,6,1,1.012895137,-0.05122506,-1.05122506,0.998046875,-0.0390625,0.495117188,-0.8671875,0.998811015,0.998576582
0.2,7,2,3,31,6,1,0.965988237,0.05122506,-0.94877494,0.998046875,0.01953125,0.579101563,-0.803710938,0.998237965,0.990610867
0.2,7,0,1,0,7,1.175663354,1.223944994,1.587831677,0.412168323,-0.091796875,1,0.908203125,0.42578125,1.004204494,1.003056623
0.2,7,0,1,1,7,1.029236884,1.060235561,1.514618442,0.485381558,0.012695313,0.998046875,0.864257813,0.469726563,0.998127615,0.983658787
0.2,7,0,1,2,7,0.970763116,0.965623788,0.485381558,-0.485381558,0.893554688,0.473632813,0.877929688,-0.455078125,1.01131994,0.988866339
0.2,7,0,1,3,7,0.824336646,0.77288653,0.412168323,-0.412168323,0.916992188,0.362304688,0.9140625,-0.3828125,0.985971277,0.990987217
0.2,7,0,1,4,7,1.175663354,1.191110787,1.587831677,0.412168323,-0.014648438,1,0.908203125,0.377929688,1.000107283,0.983699022
0.2,7,0,1,5,7,1.029236884,1.021341812,1.514618442,0.485381558,0.057617188,1,0.885742188,0.474609375,1.001658495,1.004884711
0.2,7,0,1,6,7,0.970763116,0.942742651,0.485381558,-0.485381558,0.888671875,0.44921875,0.877929688,-0.451171875,0.995758599,0.987074768
0.2,7,0,1,7,7,0.824336646,0.81053751,0.412168323,-0.412168323,0.91015625,0.38671875,0.913085938,-0.395507813,0.988906361,0.995063997
0.2,7,0,1,8,7,1.175663354,1.204985838,1.587831677,0.412168323,-0.03125,1,0.919921875,0.385742188,1.000488162,0.997523579
0.2,7,0,1,9,7,1.029236884,1.044548281,1.514618442,0.485381558,0.045898438,0.997070313,0.88671875,0.461914063,0.998126182,0.999817355
0.2,7,0,1,10,7,0.970763116,0.989196773,0.485381558,-0.485381558,0.872070313,0.458007813,0.883789063,-0.489257813,0.985026795,1.010176378
0.2,7,0,1,11,7,0.824336646,0.772261584,0.412168323,-0.412168323,0.913085938,0.354492188,0.918945313,-0.390625,0.979484885,0.998523098
0.2,7,0,1,12,7,1.175663354,1.220041311,1.587831677,0.412168323,-0.047851563,1,0.916015625,0.385742188,1.001144231,0.993922361
0.2,7,0,1,13,7,1.029236884,1.035987035,1.514618442,0.485381558,0.084960938,0.995117188,0.8984375,0.43359375,0.998737492,0.997593846
0.2,7,0,1,14,7,0.970763116,0.998637555,0.485381558,-0.485381558,0.87109375,0.470703125,0.879882813,-0.484375,0.99013421,1.004396786
0.2,7,0,1,15,7,0.824336646,0.817076466,0.412168323,-0.412168323,0.918945313,0.404296875,0.928710938,-0.395507813,1.003950422,1.009420841
0.2,7,0,1,16,7,1.175663354,1.14424509,0.587831677,-0.587831677,0.826171875,0.537109375,0.8359375,-0.533203125,0.98541689,0.99151252
0.2,7,0,1,17,7,1.029236884,1.048113265,0.514618442,-0.514618442,0.880859375,0.521484375,0.853515625,-0.481445313,1.023649936,0.979938014
0.2,7,0,1,18,7,0.970763116,0.93654394,-0.514618442,-1.485381558,0.884765625,-0.520507813,0.102539063,-0.997070313,1.026517703,1.002329022
0.2,7,0,1,19,7,0.824336646,0.849605674,-0.587831677,-1.412168323,0.830078125,-0.55859375,0.127929688,-0.987304688,1.000528196,0.995558412
0.2,7,0,1,20,7,1.175663354,1.154441359,0.587831677,-0.587831677,0.833007813,0.5390625,0.830078125,-0.543945313,0.992214893,0.992424403
0.2,7,0,1,21,7,1.029236884,1.037427887,0.514618442,-0.514618442,0.86328125,0.481445313,0.875976563,-0.51171875,0.988455414,1.014490521
0.2,7,0,1,22,7,0.970763116,0.936368013,-0.514618442,-1.485381558,0.854492188,-0.510742188,0.095703125,-0.997070313,0.995497102,1.001652782
0.2,7,0,1,23,7,0.824336646,0.836232124,-0.587831677,-1.412168323,0.834960938,-0.532226563,0.166015625,-0.984375,0.990164068,0.998276178
0.2,7,0,1,24,7,1.175663354,1.194986868,0.587831677,-0.587831677,0.834960938,0.567382813,0.83984375,-0.572265625,1.009496421,1.016280212
0.2,7,0,1,25,7,1.029236884,1.040232916,0.514618442,-0.514618442,0.869140625,0.482421875,0.856445313,-0.505859375,0.994050447,0.994682
0.2,7,0,1,26,7,0.970763116,0.98806645,-0.514618442,-1.485381558,0.875976563,-0.475585938,0.084960938,-0.993164063,0.99675319,0.996791461
0.2,7,0,1,27,7,0.824336646,0.809481074,-0.587831677,-1.412168323,0.836914063,-0.576171875,0.157226563,-0.984375,1.016070459,0.996852212
0.2,7,0,1,28,7,1.175663354,1.176586301,0.587831677,-0.587831677,0.856445313,0.579101563,0.833984375,-0.548828125,1.033855499,0.998369795
0.2,7,0,1,29,7,1.029236884,1.050631837,0.514618442,-0.514618442,0.875,0.491210938,0.865234375,-0.517578125,1.003450639,1.008224994
0.2,7,0,1,30,7,0.970763116,0.973665454,-0.514618442,-1.485381558,0.873046875,-0.486328125,0.088867188,-0.997070313,0.999362743,1.00102277
0.2,7,0,1,31,7,0.824336646,0.810822339,-0.587831677,-1.412168323,0.805664063,-0.564453125,0.147460938,-0.983398438,0.983718411,0.994392888
0.2,7,2,3,0,7,1,0.983217284,1.05122506,0.05122506,0.483398438,0.87109375,0.999023438,0.081054688,0.996232087,1.002306186
0.2,7,2,3,1,7,1,1.004623378,0.94877494,-0.05122506,0.5859375,0.817382813,0.997070313,-0.055664063,1.005702449,0.9986229
0.2,7,2,3,2,7,1,0.946172197,-0.05122506,-1.05122506,1,-0.090820313,0.508789063,-0.860351563,1.004115695,0.999535453
0.2,7,2,3,3,7,1,0.947535063,0.05122506,-0.94877494,0.999023438,-0.00390625,0.586914063,-0.823242188,0.999031074,1.011037
0.2,7,2,3,4,7,1,1.016825176,1.05122506,0.05122506,0.48828125,0.875,0.998046875,0.044921875,1.00201975,0.999057325
0.2,7,2,3,5,7,1,1.031221521,0.94877494,-0.05122506,0.555664063,0.815429688,0.999023438,-0.05859375,0.986756366,1.000740254
0.2,7,2,3,6,7,1,0.994690565,-0.05122506,-1.05122506,0.999023438,-0.064453125,0.4765625,-0.848632813,1.001100412,0.973287967
0.2,7,2,3,7,7,1,0.998743723,0.05122506,-0.94877494,0.998046875,0.051757813,0.586914063,-0.815429688,0.999388031,1.004685867
0.2,7,2,3,8,7,1,0.971848264,1.05122506,0.05122506,0.525390625,0.877929688,0.997070313,0.059570313,1.023130414,0.998848252
0.2,7,2,3,9,7,1,0.982585189,0.94877494,-0.05122506,0.60546875,0.81640625,0.997070313,-0.049804688,1.016420962,0.998313435
0.2,7,2,3,10,7,1,1.029580473,-0.05122506,-1.05122506,0.999023438,-0.028320313,0.483398438,-0.858398438,0.999424769,0.985150713
0.2,7,2,3,11,7,1,1.014809295,0.05122506,-0.94877494,0.997070313,0.05078125,0.556640625,-0.801757813,0.998362631,0.976045273
0.2,7,2,3,12,7,1,0.967175589,1.05122506,0.05122506,0.509765625,0.876953125,0.999023438,0.077148438,1.014350914,1.001997859
0.2,7,2,3,13,7,1,1.020988208,0.94877494,-0.05122506,0.58203125,0.8203125,1,-0.067382813,1.005819553,1.002267651
0.2,7,2,3,14,7,1,0.990784157,-0.05122506,-1.05122506,0.999023438,-0.055664063,0.500976563,-0.866210938,1.000572994,1.000649241
0.2,7,2,3,15,7,1,1.004047659,0.05122506,-0.94877494,0.998046875,0.067382813,0.594726563,-0.80859375,1.000318953,1.003754719
0.2,7,2,3,16,7,1,0.986352488,1.05122506,0.05122506,0.53125,0.860351563,0.999023438,0.03125,1.011153487,0.999512077
0.2,7,2,3,17,7,1,1.014535148,0.94877494,-0.05122506,0.5859375,0.841796875,0.998046875,-0.051757813,1.02564357,0.999388031
0.2,7,2,3,18,7,1,0.982202067,-0.05122506,-1.05122506,1,-0.0625,0.501953125,-0.864257813,1.001951221,0.999449101
0.2,7,2,3,19,7,1,0.971702198,0.05122506,-0.94877494,0.998046875,0.034179688,0.590820313,-0.8046875,0.998631972,0.998293852
0.2,7,2,3,20,7,1,1.021852977,1.05122506,0.05122506,0.475585938,0.852539063,0.998046875,0.040039063,0.976219666,0.998849684
0.2,7,2,3,21,7,1,1.020120834,0.94877494,-0.05122506,0.55859375,0.798828125,0.999023438,-0.059570313,0.974758099,1.000797907
0.2,7,2,3,22,7,1,0.994020313,-0.05122506,-1.05122506,0.999023438,-0.047851563,0.506835938,-0.8671875,1.000168786,1.004438563
0.2,7,2,3,23,7,1,1.005491062,0.05122506,-0.94877494,0.999023438,0.053710938,0.587890625,-0.825195313,1.000466238,1.013194301
0.2,7,2,3,24,7,1,1.030224103,1.05122506,0.05122506,0.471679688,0.860351563,0.999023438,0.0390625,0.981165908,0.999786831
0.2,7,2,3,25,7,1,1.00329548,0.94877494,-0.05122506,0.5703125,0.801757813,0.999023438,-0.05078125,0.983906468,1.000313233
0.2,7,2,3,26,7,1,1.007541017,-0.05122506,-1.05122506,0.998046875,-0.018554688,0.53125,-0.876953125,0.998219335,1.025316218
0.2,7,2,3,27,7,1,0.991690299,0.05122506,-0.94877494,0.999023438,0.051757813,0.592773438,-0.811523438,1.000363284,1.004963003
0.2,7,2,3,28,7,1,1.017624855,1.05122506,0.05122506,0.504882813,0.881835938,1,0.033203125,1.016140382,1.000551072
0.2,7,2,3,29,7,1,0.986565499,0.94877494,-0.05122506,0.581054688,0.818359375,1,-0.033203125,1.003661605,1.000551072
0.2,7,2,3,30,7,1,1.010474346,-0.05122506,-1.05122506,0.997070313,-0.020507813,0.51953125,-0.8671875,0.997281193,1.010903991
0.2,7,2,3,31,7,1,1.030573218,0.05122506,-0.94877494,0.998046875,0.076171875,0.579101563,-0.817382813,1.000949409,1.001735136
0.2,7,0,1,0,8,1.175663354,1.181392757,1.587831677,0.412168323,-0.018554688,1,0.921875,0.3984375,1.000172123,1.00429376
0.2,7,0,1,1,8,1.029236884,1.009368848,1.514618442,0.485381558,0.051757813,1,0.885742188,0.495117188,1.00133854,1.014731616
0.2,7,0,1,2,8,0.970763116,0.967951295,0.485381558,-0.485381558,0.865234375,0.461914063,0.890625,-0.4609375,0.980813502,1.002834119
0.2,7,0,1,3,8,0.824336646,0.86949067,0.412168323,-0.412168323,0.90625,0.435546875,0.916992188,-0.411132813,1.005480056,1.004940228
0.2,7,0,1,4,8,1.175663354,1.224014988,1.587831677,0.412168323,-0.05078125,1,0.9140625,0.383789063,1.001288538,0.991364866
0.2,7,0,1,5,8,1.029236884,1.03507531,1.514618442,0.485381558,0.073242188,0.99609375,0.885742188,0.44140625,0.998782848,0.98963564
0.2,7,0,1,6,8,0.970763116,0.949981843,0.485381558,-0.485381558,0.872070313,0.4296875,0.890625,-0.477539063,0.97218207,1.010572336
0.2,7,0,1,7,8,0.824336646,0.781624812,0.412168323,-0.412168323,0.91015625,0.352539063,0.931640625,-0.407226563,0.976047227,1.016753523
0.2,7,0,1,8,8,1.175663354,1.134610761,1.587831677,0.412168323,-0.028320313,1,0.91796875,0.459960938,1.00040094,1.026757367
0.2,7,0,1,9,8,1.029236884,1.050682558,1.514618442,0.485381558,0.059570313,0.999023438,0.885742188,0.439453125,1.000797907,0.988766035
0.2,7,0,1,10,8,0.970763116,0.963584456,0.485381558,-0.485381558,0.87890625,0.471679688,0.895507813,-0.456054688,0.997475776,1.00494782
0.2,7,0,1,11,8,0.824336646,0.820628703,0.412168323,-0.412168323,0.919921875,0.405273438,0.920898438,-0.395507813,1.005237691,1.002237677
0.2,7,0,1,12,8,1.175663354,1.169069355,1.587831677,0.412168323,-0.0078125,1,0.911132813,0.395507813,1.000030517,0.993272083
0.2,7,0,1,13,8,1.029236884,1.017536865,1.514618442,0.485381558,0.1015625,0.997070313,0.891601563,0.432617188,1.002229589,0.991015125
0.2,7,0,1,14,8,0.970763116,0.961656365,0.485381558,-0.485381558,0.8828125,0.463867188,0.873046875,-0.452148438,0.997261589,0.983183124
0.2,7,0,1,15,8,0.824336646,0.782216812,0.412168323,-0.412168323,0.905273438,0.3984375,0.91796875,-0.353515625,0.989076558,0.983686903
0.2,7,0,1,16,8,1.175663354,1.15448437,0.587831677,-0.587831677,0.817382813,0.529296875,0.83203125,-0.544921875,0.973791479,0.994593309
0.2,7,0,1,17,8,1.029236884,0.999423248,0.514618442,-0.514618442,0.86328125,0.466796875,0.887695313,-0.489257813,0.981404014,1.013595666
0.2,7,0,1,18,8,0.970763116,0.957255848,-0.514618442,-1.485381558,0.89453125,-0.514648438,0.090820313,-0.990234375,1.032012195,0.99439049
0.2,7,0,1,19,8,0.824336646,0.816759555,-0.587831677,-1.412168323,0.8359375,-0.581054688,0.145507813,-0.985351563,1.018045212,0.996037261
0.2,7,0,1,20,8,1.175663354,1.203000345,0.587831677,-0.587831677,0.833984375,0.578125,0.810546875,-0.55078125,1.014770148,0.979972562
0.2,7,0,1,21,8,1.029236884,1.027796123,0.514618442,-0.514618442,0.88671875,0.494140625,0.864257813,-0.494140625,1.015108417,0.995548353
0.2,7,0,1,22,8,0.970763116,0.916246078,-0.514618442,-1.485381558,0.865234375,-0.530273438,0.104492188,-0.994140625,1.014800691,0.999617026
0.2,7,0,1,23,8,0.824336646,0.797928004,-0.587831677,-1.412168323,0.834960938,-0.5546875,0.185546875,-0.983398438,1.002416076,1.000749784
0.2,7,0,1,24,8,1.175663354,1.203105382,0.587831677,-0.587831677,0.836914063,0.576171875,0.844726563,-0.578125,1.016070459,1.023616862
0.2,7,0,1,25,8,1.029236884,1.028071237,0.514618442,-0.514618442,0.872070313,0.5,0.87109375,-0.484375,1.005239588,0.996706307
0.2,7,0,1,26,8,0.970763116,0.968224785,-0.514618442,-1.485381558,0.860351563,-0.500976563,0.075195313,-0.997070313,0.995581402,0.999901767
0.2,7,0,1,27,8,0.824336646,0.789124064,-0.587831677,-1.412168323,0.82421875,-0.555664063,0.189453125,-0.993164063,0.994031739,1.011072372
0.2,7,0,1,28,8,1.175663354,1.154166501,0.587831677,-0.587831677,0.834960938,0.546875,0.813476563,-0.526367188,0.998114238,0.968920293
0.2,7,0,1,29,8,1.029236884,1.023893096,0.514618442,-0.514618442,0.864257813,0.44921875,0.83203125,-0.50390625,0.974032367,0.972726842
0.2,7,0,1,30,8,0.970763116,0.968909722,-0.514618442,-1.485381558,0.896484375,-0.504882813,0.088867188,-0.99609375,1.028878462,1.000050067
0.2,7,0,1,31,8,0.824336646,0.797939212,-0.587831677,-1.412168323,0.827148438,-0.547851563,0.1875,-0.986328125,0.992126944,1.003991743
0.2,7,2,3,0,8,1,1.021534557,1.05122506,0.05122506,0.500976563,0.861328125,1,0.022460938,0.996425439,1.000252215
0.2,7,2,3,1,8,1,0.999105713,0.94877494,-0.05122506,0.583007813,0.822265625,0.99609375,-0.044921875,1.007977613,0.99710618
0.2,7,2,3,2,8,1,1.005629524,-0.05122506,-1.05122506,1,-0.037109375,0.499023438,-0.85546875,1.000688316,0.990379308
0.2,7,2,3,3,8,1,1.000230305,0.05122506,-0.94877494,1,0.045898438,0.567382813,-0.80078125,1.001052779,0.981414217
0.2,7,2,3,4,8,1,0.965030316,1.05122506,0.05122506,0.506835938,0.860351563,0.99609375,0.073242188,0.998542677,0.998782848
0.2,7,2,3,5,8,1,0.979857571,0.94877494,-0.05122506,0.600585938,0.80859375,0.998046875,-0.047851563,1.00723747,0.999193343
0.2,7,2,3,6,8,1,1.029643537,-0.05122506,-1.05122506,0.998046875,-0.038085938,0.4921875,-0.89453125,0.998773299,1.020996911
0.2,7,2,3,7,8,1,1.011898604,0.05122506,-0.94877494,0.999023438,0.0625,0.5859375,-0.818359375,1.000976563,1.006496309
0.2,7,2,3,8,8,1,0.980150061,1.05122506,0.05122506,0.505859375,0.861328125,0.998046875,0.059570313,0.998889306,0.999823078
0.2,7,2,3,9,8,1,0.978252583,0.94877494,-0.05122506,0.564453125,0.805664063,0.998046875,-0.018554688,0.983718411,0.998219335
0.2,7,2,3,10,8,1,0.982654849,-0.05122506,-1.05122506,0.997070313,-0.06640625,0.484375,-0.842773438,0.999279239,0.972052574
0.2,7,2,3,11,8,1,0.940224024,0.05122506,-0.94877494,0.999023438,-0.0078125,0.58203125,-0.810546875,0.999053984,0.99787104
0.2,7,2,3,12,8,1,1.011353222,1.05122506,0.05122506,0.518554688,0.876953125,0.998046875,0.025390625,1.018796225,0.998369795
0.2,7,2,3,13,8,1,1.009854517,0.94877494,-0.05122506,0.565429688,0.814453125,0.999023438,-0.045898438,0.991486069,1.000077245
0.2,7,2,3,14,8,1,0.992840762,-0.05122506,-1.05122506,0.999023438,-0.057617188,0.501953125,-0.875976563,1.000683551,1.00959986
0.2,7,2,3,15,8,1,1.021930515,0.05122506,-0.94877494,0.997070313,0.068359375,0.583007813,-0.821289063,0.999410933,1.007181132
0.2,7,2,3,16,8,1,1.00726558,1.05122506,0.05122506,0.493164063,0.868164063,0.998046875,0.046875,0.998458628,0.999147051
0.2,7,2,3,17,8,1,1.04842438,0.94877494,-0.05122506,0.581054688,0.826171875,1,-0.090820313,1.010041839,1.004115695
0.2,7,2,3,18,8,1,1.018806128,-0.05122506,-1.05122506,1,-0.044921875,0.483398438,-0.870117188,1.001008479,0.995378305
0.2,7,2,3,19,8,1,1.025792343,0.05122506,-0.94877494,0.998046875,0.077148438,0.591796875,-0.825195313,1.001024199,1.015465827
0.2,7,2,3,20,8,1,1.001886067,1.05122506,0.05122506,0.48046875,0.872070313,1,0.065429688,0.995669046,1.002138236
0.2,7,2,3,21,8,1,0.992619342,0.94877494,-0.05122506,0.572265625,0.81640625,1,-0.033203125,0.996999052,1.000551072
0.2,7,2,3,22,8,1,0.963690493,-0.05122506,-1.05122506,0.999023438,-0.07421875,0.512695313,-0.869140625,1.001776548,1.009089644
0.2,7,2,3,23,8,1,1.007951551,0.05122506,-0.94877494,1,0.064453125,0.583984375,-0.805664063,1.00207495,0.995053934
0.2,7,2,3,24,8,1,1.039501522,1.05122506,0.05122506,0.47265625,0.859375,0.995117188,0.028320313,0.980779956,0.995520094
0.2,7,2,3,25,8,1,1.029179874,0.94877494,-0.05122506,0.564453125,0.814453125,0.999023438,-0.064453125,0.990929474,1.001100412
0.2,7,2,3,26,8,1,0.972459358,-0.05122506,-1.05122506,0.999023438,-0.05859375,0.516601563,-0.862304688,1.000740254,1.005209704
0.2,7,2,3,27,8,1,1.00370931,0.05122506,-0.94877494,0.999023438,0.047851563,0.568359375,-0.8046875,1.000168786,0.985167169
0.2,7,2,3,28,8,1,0.984868122,1.05122506,0.05122506,0.53125,0.859375,0.999023438,0.032226563,1.010322698,0.999543086
0.2,7,2,3,29,8,1,0.995443574,0.94877494,-0.05122506,0.584960938,0.822265625,0.999023438,-0.04296875,1.009108545,0.99994707
0.2,7,2,3,30,8,1,1.012780013,-0.05122506,-1.05122506,0.998046875,-0.048828125,0.477539063,-0.85546875,0.999240587,0.979729727
0.2,7,2,3,31,8,1,0.983568808,0.05122506,-0.94877494,1,0.041015625,0.5859375,-0.806640625,1.000840787,0.9969914
0.2,7,0,1,0,9,1.175663354,1.167665957,1.587831677,0.412168323,0.006835938,1,0.921875,0.385742188,1.000023365,0.999325048
0.2,7,0,1,1,9,1.029236884,1.03027799,1.514618442,0.485381558,0.060546875,0.998046875,0.904296875,0.470703125,0.999881737,1.01946764
0.2,7,0,1,2,9,0.970763116,0.97633366,0.485381558,-0.485381558,0.888671875,0.456054688,0.864257813,-0.474609375,0.998861141,0.98599981
0.2,7,0,1,3,9,0.824336646,0.819155284,0.412168323,-0.412168323,0.922851563,0.392578125,0.923828125,-0.409179688,1.002882142,1.010389242
0.2,7,0,1,4,9,1.175663354,1.197696643,1.587831677,0.412168323,-0.015625,1,0.939453125,0.384765625,1.000122063,1.015192967
0.2,7,0,1,5,9,1.029236884,1.033335822,1.514618442,0.485381558,0.052734375,0.99609375,0.88671875,0.466796875,0.997488683,1.002082564
0.2,7,0,1,6,9,0.970763116,0.996841875,0.485381558,-0.485381558,0.890625,0.494140625,0.881835938,-0.470703125,1.018522385,0.999597945
0.2,7,0,1,7,9,0.824336646,0.866321629,0.412168323,-0.412168323,0.907226563,0.424804688,0.913085938,-0.416992188,1.001757984,1.003796998
0.2,7,0,1,8,9,1.175663354,1.15056247,1.587831677,0.412168323,-0.017578125,1,0.903320313,0.422851563,1.000154483,0.997392115
0.2,7,0,1,9,9,1.029236884,1.033069384,1.514618442,0.485381558,0.069335938,0.999023438,0.895507813,0.453125,1.001426633,1.003621696
0.2,7,0,1,10,9,0.970763116,0.987652991,0.485381558,-0.485381558,0.891601563,0.474609375,0.880859375,-0.479492188,1.010053169,1.002908768
0.2,7,0,1,11,9,0.824336646,0.798927873,0.412168323,-0.412168323,0.930664063,0.395507813,0.908203125,-0.380859375,1.011218091,0.9848283
0.2,7,0,1,12,9,1.175663354,1.161837641,1.587831677,0.412168323,-0.016601563,0.999023438,0.909179688,0.412109375,0.999161369,0.998219335
0.2,7,0,1,13,9,1.029236884,1.014925069,1.514618442,0.485381558,0.064453125,0.9921875,0.873046875,0.466796875,0.994278754,0.990005136
0.2,7,0,1,14,9,0.970763116,0.987471994,0.485381558,-0.485381558,0.880859375,0.489257813,0.875,-0.456054688,1.007614235,0.986717223
0.2,7,0,1,15,9,0.824336646,0.83499153,0.412168323,-0.412168323,0.912109375,0.408203125,0.921875,-0.405273438,0.999286397,1.00702536
0.2,7,0,1,16,9,1.175663354,1.171735896,0.587831677,-0.587831677,0.84765625,0.559570313,0.853515625,-0.569335938,1.015696831,1.025978719
0.2,7,0,1,17,9,1.029236884,1.012734325,0.514618442,-0.514618442,0.877929688,0.49609375,0.861328125,-0.46875,1.008399497,0.98061853
0.2,7,0,1,18,9,0.970763116,1.005974499,-0.514618442,-1.485381558,0.874023438,-0.46484375,0.076171875,-1,0.989947817,1.002896881
0.2,7,0,1,19,9,0.824336646,0.814490726,-0.587831677,-1.412168323,0.827148438,-0.544921875,0.173828125,-0.990234375,0.990512184,1.005375718
0.2,7,0,1,20,9,1.175663354,1.158127103,0.587831677,-0.587831677,0.817382813,0.5390625,0.810546875,-0.525390625,0.979133822,0.965930404
0.2,7,0,1,21,9,1.029236884,1.043635272,0.514618442,-0.514618442,0.8828125,0.489257813,0.858398438,-0.51171875,1.009322108,0.999351768
0.2,7,0,1,22,9,0.970763116,0.961884199,-0.514618442,-1.485381558,0.8671875,-0.5,0.0859375,-0.998046875,1.001006573,1.001739896
0.2,7,0,1,23,9,0.824336646,0.871449788,-0.587831677,-1.412168323,0.833984375,-0.536132813,0.126953125,-0.986328125,0.991447593,0.994464814
0.2,7,0,1,24,9,1.175663354,1.144168834,0.587831677,-0.587831677,0.826171875,0.521484375,0.822265625,-0.540039063,0.976988188,0.983749433
0.2,7,0,1,25,9,1.029236884,1.046932476,0.514618442,-0.514618442,0.877929688,0.5078125,0.868164063,-0.5,1.014215989,1.001852703
0.2,7,0,1,26,9,0.970763116,1.002374522,-0.514618442,-1.485381558,0.87109375,-0.481445313,0.063476563,-0.998046875,0.995285843,1.000063417
0.2,7,0,1,27,9,0.824336646,0.813243832,-0.587831677,-1.412168323,0.833984375,-0.568359375,0.158203125,-0.984375,1.009238484,0.997006705
0.2,7,0,1,28,9,1.175663354,1.175441302,0.587831677,-0.587831677,0.830078125,0.545898438,0.826171875,-0.557617188,0.993496249,0.996743144
0.2,7,0,1,29,9,1.029236884,1.060915782,0.514618442,-0.514618442,0.875,0.501953125,0.868164063,-0.520507813,1.008752665,1.012243658
0.2,7,0,1,30,9,0.970763116,1.014672349,-0.514618442,-1.485381558,0.876953125,-0.501953125,0.036132813,-0.99609375,1.010447289,0.996748885
0.2,7,0,1,31,9,0.824336646,0.817308687,-0.587831677,-1.412168323,0.856445313,-0.5625,0.171875,-0.987304688,1.024648634,1.002153462
0.2,7,2,3,0,9,1,1.020093406,1.05122506,0.05122506,0.508789063,0.858398438,0.998046875,0.015625,0.997854793,0.998169177
0.2,7,2,3,1,9,1,0.983311058,0.94877494,-0.05122506,0.578125,0.791992188,0.997070313,-0.04296875,0.980550937,0.997995752
0.2,7,2,3,2,9,1,1.002490484,-0.05122506,-1.05122506,0.998046875,-0.064453125,0.48828125,-0.885742188,1.000125877,1.011413764
0.2,7,2,3,3,9,1,1.03458616,0.05122506,-0.94877494,0.998046875,0.061523438,0.545898438,-0.801757813,0.999941347,0.96995912
0.2,7,2,3,4,9,1,1.021304774,1.05122506,0.05122506,0.479492188,0.862304688,0.999023438,0.041992188,0.986651981,0.999905582
0.2,7,2,3,5,9,1,0.989613242,0.94877494,-0.05122506,0.59375,0.826171875,1,-0.041992188,1.017398167,1.000881284
0.2,7,2,3,6,9,1,1.010032163,-0.05122506,-1.05122506,0.999023438,-0.068359375,0.48046875,-0.895507813,1.001359492,1.016260037
0.2,7,2,3,7,9,1,0.967447163,0.05122506,-0.94877494,0.999023438,0.026367188,0.584960938,-0.802734375,0.999371331,0.993258161
0.2,7,2,3,8,9,1,0.973291124,1.05122506,0.05122506,0.501953125,0.860351563,0.998046875,0.069335938,0.996073165,1.000452416
0.2,7,2,3,9,9,1,0.98562461,0.94877494,-0.05122506,0.618164063,0.805664063,0.999023438,-0.069335938,1.015490714,1.001426633
0.2,7,2,3,10,9,1,0.998450839,-0.05122506,-1.05122506,0.995117188,-0.044921875,0.504882813,-0.8671875,0.99613061,1.003454441
0.2,7,2,3,11,9,1,0.970486018,0.05122506,-0.94877494,0.999023438,0.028320313,0.580078125,-0.797851563,0.999424769,0.986436895
0.2,7,2,3,12,9,1,1.025124093,1.05122506,0.05122506,0.495117188,0.874023438,1,0.030273438,1.00451879,1.000458136
0.2,7,2,3,13,9,1,1.002237334,0.94877494,-0.05122506,0.588867188,0.791015625,0.997070313,-0.071289063,0.986139079,0.999615595
0.2,7,2,3,14,9,1,1.019562262,-0.05122506,-1.05122506,0.99609375,-0.033203125,0.486328125,-0.853515625,0.996646982,0.982346155
0.2,7,2,3,15,9,1,1.010601255,0.05122506,-0.94877494,0.998046875,0.06640625,0.583984375,-0.806640625,1.000253645,0.995844791
0.2,7,2,3,16,9,1,0.955252149,1.05122506,0.05122506,0.53125,0.866210938,0.999023438,0.065429688,1.016143666,1.001163759
0.2,7,2,3,17,9,1,0.987214269,0.94877494,-0.05122506,0.600585938,0.814453125,0.998046875,-0.051757813,1.011947311,0.999388031
0.2,7,2,3,18,9,1,0.972341177,-0.05122506,-1.05122506,0.999023438,-0.07421875,0.494140625,-0.854492188,1.001776548,0.987082497
0.2,7,2,3,19,9,1,0.999262115,0.05122506,-0.94877494,0.999023438,0.045898438,0.5859375,-0.825195313,1.000077245,1.01206228
0.2,7,2,3,20,9,1,1.035920715,1.05122506,0.05122506,0.48046875,0.874023438,0.999023438,0.032226563,0.997380163,0.999543086
0.2,7,2,3,21,9,1,1.006780292,0.94877494,-0.05122506,0.5703125,0.807617188,0.998046875,-0.05078125,0.988686942,0.999337931
0.2,7,2,3,22,9,1,0.96024444,-0.05122506,-1.05122506,0.998046875,-0.07421875,0.522460938,-0.87890625,1.000802672,1.022468399
0.2,7,2,3,23,9,1,0.973041762,0.05122506,-0.94877494,0.999023438,0.032226563,0.596679688,-0.818359375,0.999543086,1.012787597
0.2,7,2,3,24,9,1,0.992287752,1.05122506,0.05122506,0.536132813,0.881835938,0.999023438,0.032226563,1.032023746,0.999543086
0.2,7,2,3,25,9,1,1.034845185,0.94877494,-0.05122506,0.579101563,0.828125,0.997070313,-0.07421875,1.010519488,0.999828801
0.2,7,2,3,26,9,1,0.936114138,-0.05122506,-1.05122506,0.995117188,-0.080078125,0.54296875,-0.876953125,0.998333974,1.031436788
0.2,7,2,3,27,9,1,1.041646098,0.05122506,-0.94877494,0.998046875,0.049804688,0.543945313,-0.83203125,0.999288783,0.994058602
0.2,7,2,3,28,9,1,1.015860792,1.05122506,0.05122506,0.512695313,0.874023438,0.999023438,0.024414063,1.013298304,0.999321708
0.2,7,2,3,29,9,1,0.962648064,0.94877494,-0.05122506,0.587890625,0.833984375,0.998046875,-0.005859375,1.02036529,0.998064075
0.2,7,2,3,30,9,1,1.037388214,-0.05122506,-1.05122506,0.998046875,-0.03125,0.475585938,-0.866210938,0.998535992,0.988181852
0.2,7,2,3,31,9,1,1.052093168,0.05122506,-0.94877494,0.998046875,0.092773438,0.551757813,-0.787109375,1.002349478,0.961237667
0.2,7,0,1,0,10,1.175663354,1.175923277,1.587831677,0.412168323,-0.037109375,0.999023438,0.915039063,0.421875,0.999712426,1.007608556
0.2,7,0,1,1,10,1.029236884,1.060653124,1.514618442,0.485381558,0.018554688,1,0.868164063,0.46484375,1.000172123,0.984778428
0.2,7,0,1,2,10,0.970763116,0.926434243,0.485381558,-0.485381558,0.889648438,0.44140625,0.879882813,-0.442382813,0.993133334,0.984833141
0.2,7,0,1,3,10,0.824336646,0.85304791,0.412168323,-0.412168323,0.927734375,0.407226563,0.897460938,-0.421875,1.013175475,0.991672653
0.2,7,0,1,4,10,1.175663354,1.172777913,1.587831677,0.412168323,-0.000976563,0.999023438,0.921875,0.388671875,0.999023915,1.000459565
0.2,7,0,1,5,10,1.029236884,1.008775274,1.514618442,0.485381558,0.067382813,0.997070313,0.87109375,0.469726563,0.999344611,0.989670331
0.2,7,0,1,6,10,0.970763116,0.974652299,0.485381558,-0.485381558,0.880859375,0.448242188,0.892578125,-0.4921875,0.988349279,1.019286145
0.2,7,0,1,7,10,0.824336646,0.849782301,0.412168323,-0.412168323,0.9140625,0.416992188,0.9140625,-0.41015625,1.004685393,1.001867458
0.2,7,0,1,8,10,1.175663354,1.200229515,1.587831677,0.412168323,-0.052734375,1,0.916992188,0.413085938,1.001389492,1.005740853
0.2,7,0,1,9,10,1.029236884,0.999422267,1.514618442,0.485381558,0.0390625,0.998046875,0.883789063,0.520507813,0.998811015,1.025676114
0.2,7,0,1,10,10,0.970763116,0.94786607,0.485381558,-0.485381558,0.880859375,0.465820313,0.879882813,-0.4375,0.996444581,0.982649487
0.2,7,0,1,11,10,0.824336646,0.86907212,0.412168323,-0.412168323,0.909179688,0.428710938,0.92578125,-0.422851563,1.005186934,1.017779135
0.2,7,0,1,12,10,1.175663354,1.227171221,1.587831677,0.412168323,-0.043945313,1,0.930664063,0.379882813,1.00096513,1.005209704
0.2,7,0,1,13,10,1.029236884,1.043596693,1.514618442,0.485381558,0.047851563,0.997070313,0.89453125,0.46484375,0.998217902,1.008100129
0.2,7,0,1,14,10,0.970763116,0.985129039,0.485381558,-0.485381558,0.888671875,0.474609375,0.881835938,-0.475585938,1.007467995,1.001906485
0.2,7,0,1,15,10,0.824336646,0.837048929,0.412168323,-0.412168323,0.922851563,0.408203125,0.916992188,-0.41015625,1.009100985,1.0045411
0.2,7,0,1,16,10,1.175663354,1.165236815,0.587831677,-0.587831677,0.819335938,0.525390625,0.828125,-0.560546875,0.973317362,1.000001907
0.2,7,0,1,17,10,1.029236884,0.974206941,0.514618442,-0.514618442,0.8828125,0.474609375,0.874023438,-0.456054688,1.002303332,0.985851331
0.2,7,0,1,18,10,0.970763116,0.938620403,-0.514618442,-1.485381558,0.868164063,-0.506835938,0.103515625,-0.994140625,1.005281805,0.999515416
0.2,7,0,1,19,10,0.824336646,0.81326345,-0.587831677,-1.412168323,0.828125,-0.588867188,0.138671875,-0.98828125,1.01614742,0.997962784
0.2,7,0,1,20,10,1.175663354,1.168479324,0.587831677,-0.587831677,0.811523438,0.561523438,0.83984375,-0.530273438,0.986853009,0.993240879
0.2,7,0,1,21,10,1.029236884,1.031286118,0.514618442,-0.514618442,0.870117188,0.51171875,0.873046875,-0.4765625,1.009435485,0.994647004
0.2,7,0,1,22,10,0.970763116,0.941097956,-0.514618442,-1.485381558,0.881835938,-0.5078125,0.107421875,-0.998046875,1.017599212,1.003811249
0.2,7,0,1,23,10,0.824336646,0.860991193,-0.587831677,-1.412168323,0.84375,-0.544921875,0.135742188,-0.989257813,1.0044172,0.998527396
0.2,7,0,1,24,10,1.175663354,1.179535988,0.587831677,-0.587831677,0.83203125,0.576171875,0.836914063,-0.541015625,1.012052385,0.996555595
0.2,7,0,1,25,10,1.029236884,1.020832519,0.514618442,-0.514618442,0.859375,0.484375,0.860351563,-0.478515625,0.986480882,0.984470423
0.2,7,0,1,26,10,0.970763116,0.957081643,-0.514618442,-1.485381558,0.866210938,-0.510742188,0.081054688,-0.999023438,1.005573951,1.002306186
0.2,7,0,1,27,10,0.824336646,0.812736142,-0.587831677,-1.412168323,0.823242188,-0.536132813,0.180664063,-0.98828125,0.98242867,1.004658814
0.2,7,0,1,28,10,1.175663354,1.198945774,0.587831677,-0.587831677,0.833007813,0.547851563,0.817382813,-0.580078125,0.997017227,1.002300002
0.2,7,0,1,29,10,1.029236884,0.988676234,0.514618442,-0.514618442,0.876953125,0.474609375,0.876953125,-0.470703125,0.997146349,0.99529303
0.2,7,0,1,30,10,0.970763116,0.99550413,-0.514618442,-1.485381558,0.881835938,-0.461914063,0.092773438,-0.997070313,0.995489438,1.001377111
0.2,7,0,1,31,10,0.824336646,0.840662805,-0.587831677,-1.412168323,0.83203125,-0.525390625,0.166992188,-0.991210938,0.984028104,1.005179344
0.2,7,2,3,0,10,1,1.044070915,1.05122506,0.05122506,0.46484375,0.864257813,0.998046875,0.033203125,0.981336476,0.998599025
0.2,7,2,3,1,10,1,0.998843055,0.94877494,-0.05122506,0.591796875,0.795898438,0.998046875,-0.067382813,0.991805356,1.000318953
0.2,7,2,3,2,10,1,1.006410327,-0.05122506,-1.05122506,0.999023438,-0.048828125,0.481445313,-0.849609375,1.000215984,0.976537597
0.2,7,2,3,3,10,1,0.992190833,0.05122506,-0.94877494,0.998046875,0.05078125,0.588867188,-0.80859375,0.999337931,1.000294165
0.2,7,2,3,4,10,1,0.985163497,1.05122506,0.05122506,0.46875,0.842773438,0.999023438,0.078125,0.964361773,1.002073522
0.2,7,2,3,5,10,1,1.047240495,0.94877494,-0.05122506,0.553710938,0.790039063,0.999023438,-0.087890625,0.964757753,1.002882142
0.2,7,2,3,6,10,1,0.973860964,-0.05122506,-1.05122506,0.999023438,-0.063476563,0.515625,-0.873046875,1.001038013,1.013942793
0.2,7,2,3,7,10,1,0.999700792,0.05122506,-0.94877494,1,0.063476563,0.590820313,-0.802734375,1.002012612,0.996720181
0.2,7,2,3,8,10,1,1.031246925,1.05122506,0.05122506,0.486328125,0.869140625,0.99609375,0.029296875,0.995952043,0.996524493
0.2,7,2,3,9,10,1,1.04175829,0.94877494,-0.05122506,0.557617188,0.81640625,1,-0.0703125,0.988663792,1.002468876
0.2,7,2,3,10,10,1,0.944574963,-0.05122506,-1.05122506,0.998046875,-0.083984375,0.513671875,-0.852539063,1.001574231,0.995329919
0.2,7,2,3,11,10,1,0.973735636,0.05122506,-0.94877494,0.99609375,0.02734375,0.577148438,-0.80078125,0.996468986,0.987092158
0.2,7,2,3,12,10,1,0.953305937,1.05122506,0.05122506,0.524414063,0.874023438,0.999023438,0.077148438,1.019277724,1.001997859
0.2,7,2,3,13,10,1,0.976388545,0.94877494,-0.05122506,0.595703125,0.814453125,1,-0.037109375,1.009057038,1.000688316
0.2,7,2,3,14,10,1,1.037185896,-0.05122506,-1.05122506,0.997070313,-0.008789063,0.504882813,-0.872070313,0.997109049,1.007677173
0.2,7,2,3,15,10,1,1.042058095,0.05122506,-0.94877494,1,0.061523438,0.552734375,-0.825195313,1.001890779,0.993208232
0.2,7,2,3,16,10,1,0.980633013,1.05122506,0.05122506,0.51171875,0.881835938,1,0.064453125,1.019554167,1.00207495
0.2,7,2,3,17,10,1,0.965005875,0.94877494,-0.05122506,0.607421875,0.82421875,0.999023438,-0.029296875,1.023864191,0.999452918
0.2,7,2,3,18,10,1,0.995789635,-0.05122506,-1.05122506,0.998046875,-0.046875,0.505859375,-0.8671875,0.999147051,1.003946148
0.2,7,2,3,19,10,1,0.988580023,0.05122506,-0.94877494,0.999023438,0.059570313,0.609375,-0.815429688,1.000797907,1.017970268
0.2,7,2,3,20,10,1,0.960914867,1.05122506,0.05122506,0.5078125,0.859375,0.998046875,0.076171875,0.998197839,1.000949409
0.2,7,2,3,21,10,1,1.060064263,0.94877494,-0.05122506,0.543945313,0.842773438,1,-0.0625,1.003067081,1.001951221
0.2,7,2,3,22,10,1,0.991594788,-0.05122506,-1.05122506,0.999023438,-0.055664063,0.49609375,-0.859375,1.000572994,0.992287458
0.2,7,2,3,23,10,1,0.988569427,0.05122506,-0.94877494,1,0.0625,0.615234375,-0.818359375,1.001951221,1.023828796
0.2,7,2,3,24,10,1,0.977921029,1.05122506,0.05122506,0.509765625,0.844726563,0.997070313,0.049804688,0.9866225,0.998313435
0.2,7,2,3,25,10,1,1.019134368,0.94877494,-0.05122506,0.591796875,0.829101563,1,-0.068359375,1.018642696,1.002333779
0.2,7,2,3,26,10,1,0.981463448,-0.05122506,-1.05122506,0.999023438,-0.04296875,0.513671875,-0.844726563,0.99994707,0.988646428
0.2,7,2,3,27,10,1,1.035772197,0.05122506,-0.94877494,0.997070313,0.080078125,0.592773438,-0.838867188,1.000280818,1.027170145
0.2,7,2,3,28,10,1,0.984428963,1.05122506,0.05122506,0.518554688,0.872070313,0.997070313,0.049804688,1.014596271,0.998313435
0.2,7,2,3,29,10,1,1.006684714,0.94877494,-0.05122506,0.571289063,0.78125,1,-0.067382813,0.967844386,1.002267651
0.2,7,2,3,30,10,1,1.067479512,-0.05122506,-1.05122506,0.999023438,-0.009765625,0.470703125,-0.875,0.999071167,0.99357256
0.2,7,2,3,31,10,1,0.952433771,0.05122506,-0.94877494,1,0.014648438,0.594726563,-0.810546875,1.000107283,1.005328763
0.2,7,0,1,0,11,1.175663354,1.150614054,1.587831677,0.412168323,-0.009765625,1,0.907226563,0.416015625,1.000047683,0.998062641
0.2,7,0,1,1,11,1.029236884,0.970903085,1.514618442,0.485381558,0.08984375,0.998046875,0.877929688,0.491210938,1.002082564,1.006006323
0.2,7,0,1,2,11,0.970763116,0.974122629,0.485381558,-0.485381558,0.891601563,0.491210938,0.900390625,-0.458007813,1.017959494,1.010185346
0.2,7,0,1,3,11,0.824336646,0.763484853,0.412168323,-0.412168323,0.913085938,0.356445313,0.916015625,-0.377929688,0.980193445,0.990916482
0.2,7,0,1,4,11,1.175663354,1.163541423,1.587831677,0.412168323,-0.008789063,1,0.915039063,0.404296875,1.000038623,1.000376154
0.2,7,0,1,5,11,1.029236884,1.056968329,1.514618442,0.485381558,0.036132813,0.999023438,0.884765625,0.458007813,0.999676652,0.996283779
0.2,7,0,1,6,11,0.970763116,0.972630793,0.485381558,-0.485381558,0.885742188,0.491210938,0.888671875,-0.447265625,1.012831382,0.994879008
0.2,7,0,1,7,11,0.824336646,0.764126788,0.412168323,-0.412168323,0.905273438,0.396484375,0.921875,-0.337890625,0.988291382,0.98184703
0.2,7,0,1,8,11,1.175663354,1.214001128,1.587831677,0.412168323,-0.03515625,0.999023438,0.935546875,0.38671875,0.999641831,1.012323736
0.2,7,0,1,9,11,1.029236884,1.078049346,1.514618442,0.485381558,0.017578125,0.998046875,0.87890625,0.452148438,0.998201661,0.988389805
0.2,7,0,1,10,11,0.970763116,0.95761346,0.485381558,-0.485381558,0.884765625,0.479492188,0.87890625,-0.436523438,1.006341378,0.981340363
0.2,7,0,1,11,11,0.824336646,0.821872959,0.412168323,-0.412168323,0.927734375,0.384765625,0.91015625,-0.416015625,1.004358331,1.000726436
0.2,7,0,1,12,11,1.175663354,1.153579955,1.587831677,0.412168323,-0.010742188,0.998046875,0.924804688,0.421875,0.998104684,1.016485231
0.2,7,0,1,13,11,1.029236884,1.052509923,1.514618442,0.485381558,0.0390625,0.998046875,0.874023438,0.454101563,0.998811015,0.984949338
0.2,7,0,1,14,11,0.970763116,0.999463603,0.485381558,-0.485381558,0.879882813,0.48828125,0.896484375,-0.481445313,1.006286412,1.017582342
0.2,7,0,1,15,11,0.824336646,0.830160674,0.412168323,-0.412168323,0.911132813,0.396484375,0.908203125,-0.405273438,0.993661342,0.994524749
0.2,7,0,1,16,11,1.175663354,1.199905038,0.587831677,-0.587831677,0.834960938,0.5859375,0.83203125,-0.5546875,1.020040451,0.999977112
0.2,7,0,1,17,11,1.029236884,0.998482177,0.514618442,-0.514618442,0.877929688,0.486328125,0.876953125,-0.470703125,1.003631198,0.99529303
0.2,7,0,1,18,11,0.970763116,0.969842234,-0.514618442,-1.485381558,0.875976563,-0.47265625,0.106445313,-0.999023438,0.995358663,1.004678273
0.2,7,0,1,19,11,0.824336646,0.852479664,-0.587831677,-1.412168323,0.840820313,-0.544921875,0.141601563,-0.981445313,1.001957408,0.991607737
0.2,7,0,1,20,11,1.175663354,1.202070996,0.587831677,-0.587831677,0.833984375,0.584960938,0.84375,-0.565429688,1.018680144,1.01568932
0.2,7,0,1,21,11,1.029236884,1.007652314,0.514618442,-0.514618442,0.874023438,0.481445313,0.877929688,-0.484375,0.99785097,1.00268623
0.2,7,0,1,22,11,0.970763116,0.946053973,-0.514618442,-1.485381558,0.854492188,-0.524414063,0.07421875,-0.997070313,1.002580175,0.999828801
0.2,7,0,1,23,11,0.824336646,0.839226363,-0.587831677,-1.412168323,0.84375,-0.55078125,0.15234375,-0.986328125,1.007608082,0.998023942
0.2,7,0,1,24,11,1.175663354,1.154048355,0.587831677,-0.587831677,0.826171875,0.53125,0.8359375,-0.55078125,0.982235476,1.001075167
0.2,7,0,1,25,11,1.029236884,1.071725933,0.514618442,-0.514618442,0.87109375,0.510742188,0.857421875,-0.515625,1.009783097,1.000520571
0.2,7,0,1,26,11,0.970763116,1.017518396,-0.514618442,-1.485381558,0.869140625,-0.4609375,0.065429688,-0.995117188,0.983803235,0.997265893
0.2,7,0,1,27,11,0.824336646,0.838945187,-0.587831677,-1.412168323,0.833984375,-0.53125,0.1640625,-0.987304688,0.988815706,1.000843169
0.2,7,0,1,28,11,1.175663354,1.160092205,0.587831677,-0.587831677,0.841796875,0.55078125,0.837890625,-0.549804688,1.005973143,1.002170591
0.2,7,0,1,29,11,1.029236884,1.03137629,0.514618442,-0.514618442,0.87890625,0.502929688,0.857421875,-0.481445313,1.012627506,0.983342189
0.2,7,0,1,30,11,0.970763116,0.922609322,-0.514618442,-1.485381558,0.854492188,-0.51171875,0.108398438,-0.994140625,0.995998483,1.000032901
0.2,7,0,1,31,11,0.824336646,0.830151039,-0.587831677,-1.412168323,0.82421875,-0.525390625,0.172851563,-0.98828125,0.977431254,1.003283356
0.2,7,2,3,0,11,1,1.026829539,1.05122506,0.05122506,0.482421875,0.875,0.998046875,0.040039063,0.999177595,0.998849684
0.2,7,2,3,1,11,1,0.990675752,0.94877494,-0.05122506,0.563476563,0.810546875,0.999023438,-0.02734375,0.987163651,0.999397573
0.2,7,2,3,2,11,1,1.034903042,-0.05122506,-1.05122506,0.999023438,-0.049804688,0.463867188,-0.877929688,1.000264133,0.992941742
0.2,7,2,3,3,11,1,1.014080726,0.05122506,-0.94877494,1,0.0625,0.590820313,-0.829101563,1.001951221,1.018075657
0.2,7,2,3,4,11,1,1.012811916,1.05122506,0.05122506,0.471679688,0.875,0.997070313,0.063476563,0.994035577,0.999088826
0.2,7,2,3,5,11,1,1.062149445,0.94877494,-0.05122506,0.567382813,0.8515625,0.998046875,-0.079101563,1.023270222,1.001176619
0.2,7,2,3,6,11,1,0.981855466,-0.05122506,-1.05122506,0.999023438,-0.065429688,0.49609375,-0.859375,1.001163759,0.992287458
0.2,7,2,3,7,11,1,0.995191292,0.05122506,-0.94877494,0.997070313,0.057617188,0.590820313,-0.8046875,0.998733672,0.998293852
0.2,7,2,3,8,11,1,0.992322345,1.05122506,0.05122506,0.515625,0.869140625,0.998046875,0.04296875,1.010581301,0.99897141
0.2,7,2,3,9,11,1,0.976071903,0.94877494,-0.05122506,0.573242188,0.802734375,0.999023438,-0.025390625,0.98640209,0.999346042
0.2,7,2,3,10,11,1,0.994527083,-0.05122506,-1.05122506,1,-0.044921875,0.506835938,-0.862304688,1.001008479,1.000225995
0.2,7,2,3,11,11,1,0.981998504,0.05122506,-0.94877494,0.999023438,0.061523438,0.608398438,-0.799804688,1.000916061,1.004906064
0.2,7,2,3,12,11,1,0.995956249,1.05122506,0.05122506,0.513671875,0.888671875,1,0.05078125,1.026448487,1.001288538
0.2,7,2,3,13,11,1,1.053336798,0.94877494,-0.05122506,0.564453125,0.810546875,0.997070313,-0.090820313,0.987721401,1.001198051
0.2,7,2,3,14,11,1,1.003311873,-0.05122506,-1.05122506,0.998046875,-0.044921875,0.50390625,-0.875,0.999057325,1.009725957
0.2,7,2,3,15,11,1,0.994500339,0.05122506,-0.94877494,0.999023438,0.049804688,0.579101563,-0.80078125,1.000264133,0.988235412
0.2,7,2,3,16,11,1,1.046565293,1.05122506,0.05122506,0.478515625,0.866210938,1,0.01953125,0.989595166,1.000190717
0.2,7,2,3,17,11,1,1.052304208,0.94877494,-0.05122506,0.546875,0.84375,1,-0.056640625,1.005478159,1.001602796
0.2,7,2,3,18,11,1,0.968138021,-0.05122506,-1.05122506,0.998046875,-0.065429688,0.504882813,-0.84765625,1.000189286,0.986624433
0.2,7,2,3,19,11,1,0.974421894,0.05122506,-0.94877494,0.999023438,0.041015625,0.610351563,-0.82421875,0.999865046,1.025604981
0.2,7,2,3,20,11,1,1.051566001,1.05122506,0.05122506,0.499023438,0.865234375,0.997070313,-0.00390625,0.998826769,0.997077964
0.2,7,2,3,21,11,1,1.074748152,0.94877494,-0.05122506,0.561523438,0.8203125,0.999023438,-0.104492188,0.994093139,1.004473218
0.2,7,2,3,22,11,1,1.039872023,-0.05122506,-1.05122506,0.999023438,-0.01953125,0.48828125,-0.870117188,0.999214341,0.997758738
0.2,7,2,3,23,11,1,0.998291358,0.05122506,-0.94877494,0.997070313,0.0703125,0.591796875,-0.790039063,0.999546425,0.987109549
0.2,7,2,3,24,11,1,1.03579898,1.05122506,0.05122506,0.491210938,0.875,0.999023438,0.0234375,1.003450639,0.999298326
0.2,7,2,3,25,11,1,0.968463082,0.94877494,-0.05122506,0.591796875,0.822265625,0.999023438,-0.021484375,1.013086521,0.999254426
0.2,7,2,3,26,11,1,1.053854142,-0.05122506,-1.05122506,0.997070313,0.001953125,0.490234375,-0.858398438,0.997072225,0.988522949
0.2,7,2,3,27,11,1,1.002349365,0.05122506,-0.94877494,0.997070313,0.0625,0.583007813,-0.797851563,0.999027256,0.98816255
0.2,7,2,3,28,11,1,1.001279111,1.05122506,0.05122506,0.495117188,0.865234375,1,0.049804688,0.996880912,1.001239485
0.2,7,2,3,29,11,1,0.953467851,0.94877494,-0.05122506,0.599609375,0.810546875,0.997070313,-0.01953125,1.008224994,0.997261589
0.2,7,2,3,30,11,1,0.959545026,-0.05122506,-1.05122506,0.998046875,-0.080078125,0.514648438,-0.875976563,1.001254249,1.015971433
0.2,7,2,3,31,11,1,0.986270444,0.05122506,-0.94877494,0.999023438,0.05859375,0.598632813,-0.798828125,1.000740254,0.998242264
0.2,7,0,1,0,12,1.175663354,1.213972761,1.587831677,0.412168323,-0.044921875,0.998046875,0.916992188,0.389648438,0.999057325,0.996343604
0.2,7,0,1,1,12,1.029236884,1.028861249,1.514618442,0.485381558,0.041992188,0.998046875,0.888671875,0.485351563,0.998929882,1.012572882
0.2,7,0,1,2,12,0.970763116,0.9903945,0.485381558,-0.485381558,0.8671875,0.482421875,0.872070313,-0.45703125,0.9923432,0.984573102
0.2,7,0,1,3,12,0.824336646,0.826526896,0.412168323,-0.412168323,0.907226563,0.424804688,0.932617188,-0.381835938,1.001757984,1.007756668
0.2,7,0,1,4,12,1.175663354,1.194200962,1.587831677,0.412168323,-0.040039063,1,0.900390625,0.3984375,1.000801242,0.984609425
0.2,7,0,1,5,12,1.029236884,1.003169077,1.514618442,0.485381558,0.071289063,1,0.877929688,0.475585938,1.002537845,0.99847009
0.2,7,0,1,6,12,0.970763116,0.924630618,0.485381558,-0.485381558,0.91015625,0.458984375,0.900390625,-0.443359375,1.019338538,1.003628822
0.2,7,0,1,7,12,0.824336646,0.825841037,0.412168323,-0.412168323,0.924804688,0.383789063,0.916015625,-0.422851563,1.001278061,1.00890439
0.2,7,0,1,8,12,1.175663354,1.168857328,1.587831677,0.412168323,-0.030273438,1,0.908203125,0.418945313,1.000458136,1.00017403
0.2,7,0,1,9,12,1.029236884,0.981830612,1.514618442,0.485381558,0.081054688,0.997070313,0.880859375,0.490234375,1.000359471,1.008088776
0.2,7,0,1,10,12,0.970763116,1.008996719,0.485381558,-0.485381558,0.881835938,0.48046875,0.877929688,-0.491210938,1.004233459,1.006006323
0.2,7,0,1,11,12,0.824336646,0.783047264,0.412168323,-0.412168323,0.908203125,0.380859375,0.922851563,-0.375,0.9848283,0.996132525
0.2,7,0,1,12,12,1.175663354,1.127889137,1.587831677,0.412168323,0.02734375,1,0.922851563,0.407226563,1.00037377,1.00870634
0.2,7,0,1,13,12,1.029236884,1.020074743,1.514618442,0.485381558,0.053710938,0.99609375,0.87890625,0.4765625,0.997540788,0.999793985
0.2,7,0,1,14,12,0.970763116,0.982568381,0.485381558,-0.485381558,0.868164063,0.452148438,0.869140625,-0.477539063,0.97884986,0.991689963
0.2,7,0,1,15,12,0.824336646,0.808994725,0.412168323,-0.412168323,0.921875,0.395507813,0.905273438,-0.38671875,1.003135058,0.984414236
0.2,7,0,1,16,12,1.175663354,1.171346954,0.587831677,-0.587831677,0.836914063,0.567382813,0.859375,-0.557617188,1.011112459,1.024432681
0.2,7,0,1,17,12,1.029236884,1.022423465,0.514618442,-0.514618442,0.8515625,0.504882813,0.899414063,-0.4765625,0.989982498,1.017869084
0.2,7,0,1,18,12,0.970763116,0.987650478,-0.514618442,-1.485381558,0.8671875,-0.47265625,0.083984375,-0.99609375,0.987632569,0.999627998
0.2,7,0,1,19,12,0.824336646,0.803521453,-0.587831677,-1.412168323,0.833984375,-0.58203125,0.158203125,-0.993164063,1.017000646,1.00568538
0.2,7,0,1,20,12,1.175663354,1.203234609,0.587831677,-0.587831677,0.819335938,0.581054688,0.83203125,-0.552734375,1.004458027,0.998895035
0.2,7,0,1,21,12,1.029236884,1.047296687,0.514618442,-0.514618442,0.873046875,0.48828125,0.891601563,-0.53125,1.000314663,1.037872781
0.2,7,0,1,22,12,0.970763116,0.958981493,-0.514618442,-1.485381558,0.865234375,-0.509765625,0.079101563,-0.994140625,1.004236783,0.997282628
0.2,7,0,1,23,12,0.824336646,0.827308002,-0.587831677,-1.412168323,0.844726563,-0.556640625,0.161132813,-0.993164063,1.011638152,1.006150405
0.2,7,0,1,24,12,1.175663354,1.18559133,0.587831677,-0.587831677,0.845703125,0.573242188,0.830078125,-0.555664063,1.021675282,0.998895512
0.2,7,0,1,25,12,1.029236884,1.079419823,0.514618442,-0.514618442,0.872070313,0.53125,0.850585938,-0.500976563,1.021143081,0.987154473
0.2,7,0,1,26,12,0.970763116,0.992561979,-0.514618442,-1.485381558,0.892578125,-0.4921875,0.07421875,-0.997070313,1.019286145,0.999828801
0.2,7,0,1,27,12,0.824336646,0.853542116,-0.587831677,-1.412168323,0.827148438,-0.532226563,0.14453125,-0.986328125,0.983585101,0.9968613
0.2,7,0,1,28,12,1.175663354,1.184927579,0.587831677,-0.587831677,0.828125,0.565429688,0.838867188,-0.556640625,1.0027471,1.006750686
0.2,7,0,1,29,12,1.029236884,1.04155137,0.514618442,-0.514618442,0.86328125,0.501953125,0.890625,-0.50390625,0.998604755,1.023295851
0.2,7,0,1,30,12,0.970763116,0.974749428,-0.514618442,-1.485381558,0.868164063,-0.4765625,0.09375,-0.994140625,0.990363901,0.998551273
0.2,7,0,1,31,12,0.824336646,0.8339915,-0.587831677,-1.412168323,0.841796875,-0.5703125,0.140625,-0.98828125,1.016798076,0.998236054
0.2,7,2,3,0,12,1,0.979562053,1.05122506,0.05122506,0.504882813,0.868164063,0.998046875,0.064453125,1.004298508,1.000125877
0.2,7,2,3,1,12,1,0.979796808,0.94877494,-0.05122506,0.575195313,0.8203125,0.999023438,-0.020507813,1.001879357,0.999233906
0.2,7,2,3,2,12,1,1.013704941,-0.05122506,-1.05122506,0.997070313,-0.05859375,0.46875,-0.861328125,0.998790486,0.98061853
0.2,7,2,3,3,12,1,0.992329245,0.05122506,-0.94877494,1,0.038085938,0.565429688,-0.797851563,1.000725007,0.977894599
0.2,7,2,3,4,12,1,0.980558734,1.05122506,0.05122506,0.536132813,0.874023438,1,0.040039063,1.025356212,1.000801242
0.2,7,2,3,5,12,1,0.997796918,0.94877494,-0.05122506,0.5625,0.823242188,0.998046875,-0.026367188,0.997062661,0.998395109
0.2,7,2,3,6,12,1,1.016360799,-0.05122506,-1.05122506,1,-0.026367188,0.505859375,-0.8671875,1.000347554,1.003946148
0.2,7,2,3,7,12,1,0.99860011,0.05122506,-0.94877494,0.999023438,0.05859375,0.59765625,-0.818359375,1.000740254,1.013363242
0.2,7,2,3,8,12,1,1.063843562,1.05122506,0.05122506,0.452148438,0.865234375,0.999023438,0.025390625,0.976252392,0.999346042
0.2,7,2,3,9,12,1,0.932547954,0.94877494,-0.05122506,0.620117188,0.817382813,0.997070313,-0.010742188,1.025992197,0.997128178
0.2,7,2,3,10,12,1,0.977994128,-0.05122506,-1.05122506,0.997070313,-0.059570313,0.501953125,-0.850585938,0.998848252,0.987650432
0.2,7,2,3,11,12,1,0.978287645,0.05122506,-0.94877494,0.999023438,0.057617188,0.607421875,-0.798828125,1.000683551,1.003537596
0.2,7,2,3,12,12,1,0.998938837,1.05122506,0.05122506,0.5,0.869140625,0.999023438,0.049804688,1.002699071,1.000264133
0.2,7,2,3,13,12,1,1.032834784,0.94877494,-0.05122506,0.571289063,0.803710938,0.999023438,-0.080078125,0.986064128,1.002227686
0.2,7,2,3,14,12,1,0.946373237,-0.05122506,-1.05122506,0.998046875,-0.06640625,0.53515625,-0.857421875,1.000253645,1.010724732
0.2,7,2,3,15,12,1,0.964041764,0.05122506,-0.94877494,0.99609375,0.040039063,0.618164063,-0.818359375,0.996898132,1.025591963
0.2,7,2,3,16,12,1,0.965744745,1.05122506,0.05122506,0.518554688,0.858398438,0.997070313,0.061523438,1.002869304,0.998966637
0.2,7,2,3,17,12,1,0.990233735,0.94877494,-0.05122506,0.572265625,0.784179688,0.998046875,-0.049804688,0.970786139,0.999288783
0.2,7,2,3,18,12,1,1.066656748,-0.05122506,-1.05122506,0.997070313,-0.009765625,0.465820313,-0.864257813,0.997118135,0.981799435
0.2,7,2,3,19,12,1,1.037007214,0.05122506,-0.94877494,0.997070313,0.09375,0.603515625,-0.83203125,1.001468058,1.027865317
0.2,7,2,3,20,12,1,0.992269097,1.05122506,0.05122506,0.493164063,0.861328125,1,0.05859375,0.992520494,1.001715143
0.2,7,2,3,21,12,1,0.988298669,0.94877494,-0.05122506,0.547851563,0.828125,0.997070313,-0.001953125,0.992941262,0.997072225
0.2,7,2,3,22,12,1,1.009846828,-0.05122506,-1.05122506,0.997070313,-0.0390625,0.501953125,-0.873046875,0.9978352,1.007058978
0.2,7,2,3,23,12,1,0.955964385,0.05122506,-0.94877494,0.999023438,0.001953125,0.587890625,-0.829101563,0.999025347,1.01637827
0.2,7,2,3,24,12,1,0.966331145,1.05122506,0.05122506,0.4921875,0.864257813,0.999023438,0.086914063,0.994580365,1.00279703
0.2,7,2,3,25,12,1,1.036397385,0.94877494,-0.05122506,0.5546875,0.821289063,0.998046875,-0.059570313,0.991056985,0.999823078
0.2,7,2,3,26,12,1,1.005236066,-0.05122506,-1.05122506,0.998046875,-0.044921875,0.50390625,-0.87890625,0.999057325,1.013112879
0.2,7,2,3,27,12,1,1.01838023,0.05122506,-0.94877494,0.998046875,0.063476563,0.577148438,-0.815429688,1.000063417,0.999012459
0.2,7,2,3,28,12,1,1.002190392,1.05122506,0.05122506,0.510742188,0.888671875,0.997070313,0.046875,1.024985504,0.998171565
0.2,7,2,3,29,12,1,1.023970345,0.94877494,-0.05122506,0.578125,0.8046875,0.998046875,-0.076171875,0.990833229,1.000949409
0.2,7,2,3,30,12,1,0.99661522,-0.05122506,-1.05122506,0.997070313,-0.056640625,0.490234375,-0.861328125,0.99867781,0.991068051
0.2,7,2,3,31,12,1,1.001259822,0.05122506,-0.94877494,0.998046875,0.059570313,0.592773438,-0.814453125,0.999823078,1.007330254
0.2,7,0,1,0,13,1.175663354,1.13601331,1.587831677,0.412168323,0.008789063,1,0.9296875,0.421875,1.000038623,1.020929656
0.2,7,0,1,1,13,1.029236884,1.028626082,1.514618442,0.485381558,0.021484375,0.999023438,0.897460938,0.514648438,0.999254426,1.034552632
0.2,7,0,1,2,13,0.970763116,1.012607118,0.485381558,-0.485381558,0.875976563,0.471679688,0.875976563,-0.5,0.994895304,1.008630229
0.2,7,0,1,3,13,0.824336646,0.853889515,0.412168323,-0.412168323,0.923828125,0.428710938,0.919921875,-0.41015625,1.018455435,1.007216166
0.2,7,0,1,4,13,1.175663354,1.191576817,1.587831677,0.412168323,-0.033203125,1,0.921875,0.403320313,1.000551072,1.006240921
0.2,7,0,1,5,13,1.029236884,1.102981128,1.514618442,0.485381558,0.020507813,0.998046875,0.889648438,0.426757813,0.998257549,0.986709974
0.2,7,0,1,6,13,0.970763116,0.963339402,0.485381558,-0.485381558,0.884765625,0.494140625,0.89453125,-0.436523438,1.013402767,0.995358663
0.2,7,0,1,7,13,0.824336646,0.814696143,0.412168323,-0.412168323,0.91015625,0.3828125,0.924804688,-0.409179688,0.98738534,1.011282219
0.2,7,0,1,8,13,1.175663354,1.15776779,1.587831677,0.412168323,0.01171875,1,0.922851563,0.391601563,1.000068662,1.002500269
0.2,7,0,1,9,13,1.029236884,1.034726169,1.514618442,0.485381558,0.064453125,0.998046875,0.8828125,0.450195313,1.000125877,0.99097615
0.2,7,0,1,10,13,0.970763116,0.996664605,0.485381558,-0.485381558,0.877929688,0.482421875,0.880859375,-0.474609375,1.00174418,1.000583478
0.2,7,0,1,11,13,0.824336646,0.817969567,0.412168323,-0.412168323,0.919921875,0.421875,0.919921875,-0.375976563,1.012044847,0.993788021
0.2,7,0,1,12,13,1.175663354,1.16946088,1.587831677,0.412168323,-0.014648438,1,0.930664063,0.411132813,1.000107283,1.017430974
0.2,7,0,1,13,13,1.029236884,1.066487806,1.514618442,0.485381558,0.041992188,1,0.897460938,0.447265625,1.000881284,1.00273759
0.2,7,0,1,14,13,0.970763116,0.967834839,0.485381558,-0.485381558,0.899414063,0.4921875,0.8984375,-0.453125,1.025277617,1.006236656
0.2,7,0,1,15,13,0.824336646,0.811354663,0.412168323,-0.412168323,0.922851563,0.383789063,0.920898438,-0.408203125,0.999474387,1.007315106
0.2,7,0,1,16,13,1.175663354,1.206096122,0.587831677,-0.587831677,0.83984375,0.59375,0.833007813,-0.55859375,1.028531277,1.002960115
0.2,7,0,1,17,13,1.029236884,1.061651138,0.514618442,-0.514618442,0.84765625,0.547851563,0.875976563,-0.46484375,1.009288092,0.991672653
0.2,7,0,1,18,13,0.970763116,0.969722306,-0.514618442,-1.485381558,0.87890625,-0.508789063,0.076171875,-0.99609375,1.015550347,0.999001959
0.2,7,0,1,19,13,0.824336646,0.850398482,-0.587831677,-1.412168323,0.82421875,-0.565429688,0.118164063,-0.987304688,0.999523526,0.994350688
0.2,7,0,1,20,13,1.175663354,1.163041129,0.587831677,-0.587831677,0.841796875,0.547851563,0.828125,-0.549804688,1.004372099,0.994020226
0.2,7,0,1,21,13,1.029236884,1.065855249,0.514618442,-0.514618442,0.860351563,0.516601563,0.879882813,-0.509765625,1.003534746,1.016884829
0.2,7,0,1,22,13,0.970763116,0.951000153,-0.514618442,-1.485381558,0.869140625,-0.543945313,0.060546875,-0.998046875,1.025320403,0.999881737
0.2,7,0,1,23,13,0.824336646,0.819801746,-0.587831677,-1.412168323,0.836914063,-0.5625,0.159179688,-0.991210938,1.008380582,1.003911
0.2,7,0,1,24,13,1.175663354,1.13919156,0.587831677,-0.587831677,0.827148438,0.508789063,0.83984375,-0.559570313,0.971102903,1.009186038
0.2,7,0,1,25,13,1.029236884,1.051459698,0.514618442,-0.514618442,0.85546875,0.506835938,0.868164063,-0.493164063,0.9943387,0.998458628
0.2,7,0,1,26,13,0.970763116,1.01165836,-0.514618442,-1.485381558,0.890625,-0.483398438,0.061523438,-0.993164063,1.013354301,0.995067831
0.2,7,0,1,27,13,0.824336646,0.862447295,-0.587831677,-1.412168323,0.838867188,-0.540039063,0.135742188,-0.989257813,0.997667453,0.998527396
0.2,7,0,1,28,13,1.175663354,1.217232958,0.587831677,-0.587831677,0.82421875,0.564453125,0.822265625,-0.583007813,0.99897141,1.007977613
0.2,7,0,1,29,13,1.029236884,1.031183955,0.514618442,-0.514618442,0.87109375,0.506835938,0.8671875,-0.478515625,1.007812973,0.990450081
0.2,7,0,1,30,13,0.970763116,0.972697125,-0.514618442,-1.485381558,0.862304688,-0.489257813,0.08203125,-0.998046875,0.991434608,1.001412348
0.2,7,0,1,31,13,0.824336646,0.839666344,-0.587831677,-1.412168323,0.823242188,-0.522460938,0.165039063,-0.987304688,0.975034938,1.001003715
0.2,7,2,3,0,13,1,1.067641574,1.05122506,0.05122506,0.462890625,0.873046875,0.999023438,0.015625,0.988169306,0.99914562
0.2,7,2,3,1,13,1,0.985806824,0.94877494,-0.05122506,0.579101563,0.778320313,0.999023438,-0.0546875,0.970124285,1.000519141
0.2,7,2,3,2,13,1,1.030385643,-0.05122506,-1.05122506,1,-0.024414063,0.494140625,-0.87109375,1.000297979,1.001488531
0.2,7,2,3,3,13,1,1.018203784,0.05122506,-0.94877494,1,0.0703125,0.599609375,-0.834960938,1.002468876,1.027954848
0.2,7,2,3,4,13,1,0.992851362,1.05122506,0.05122506,0.477539063,0.850585938,0.999023438,0.06640625,0.975469114,1.001228055
0.2,7,2,3,5,13,1,0.999508741,0.94877494,-0.05122506,0.564453125,0.822265625,0.999023438,-0.030273438,0.997360561,0.999482021
0.2,7,2,3,6,13,1,0.984502504,-0.05122506,-1.05122506,1,-0.060546875,0.500976563,-0.86328125,1.001831285,0.998114238
0.2,7,2,3,7,13,1,0.976227354,0.05122506,-0.94877494,1,0.056640625,0.619140625,-0.8125,1.001602796,1.02151425
0.2,7,2,3,8,13,1,1.04977796,1.05122506,0.05122506,0.4765625,0.861328125,0.998046875,0.015625,0.984376938,0.998169177
0.2,7,2,3,9,13,1,1.019261842,0.94877494,-0.05122506,0.581054688,0.80078125,0.998046875,-0.076171875,0.989381201,1.000949409
0.2,7,2,3,10,13,1,1.059577249,-0.05122506,-1.05122506,1,-0.01171875,0.484375,-0.887695313,1.000068662,1.011247798
0.2,7,2,3,11,13,1,0.965414656,0.05122506,-0.94877494,0.997070313,0.009765625,0.581054688,-0.822265625,0.997118135,1.006849198
0.2,7,2,3,12,13,1,0.981462092,1.05122506,0.05122506,0.500976563,0.85546875,0.999023438,0.059570313,0.991364866,1.000797907
0.2,7,2,3,13,13,1,1.020828148,0.94877494,-0.05122506,0.568359375,0.810546875,0.998046875,-0.061523438,0.989958896,0.999941347
0.2,7,2,3,14,13,1,0.958010209,-0.05122506,-1.05122506,0.998046875,-0.084960938,0.50390625,-0.864257813,1.001656591,1.000431445
0.2,7,2,3,15,13,1,0.991930582,0.05122506,-0.94877494,0.999023438,0.029296875,0.575195313,-0.826171875,0.999452918,1.00668248
0.2,7,2,3,16,13,1,0.977147594,1.05122506,0.05122506,0.491210938,0.84375,0.998046875,0.06640625,0.976320771,1.000253645
0.2,7,2,3,17,13,1,1.04680407,0.94877494,-0.05122506,0.557617188,0.825195313,0.999023438,-0.0703125,0.995933849,1.001494721
0.2,7,2,3,18,13,1,0.977053304,-0.05122506,-1.05122506,0.999023438,-0.071289063,0.50390625,-0.875,1.001563757,1.009725957
0.2,7,2,3,19,13,1,1.022504365,0.05122506,-0.94877494,0.998046875,0.056640625,0.5625,-0.813476563,0.999652802,0.989014847
0.2,7,2,3,20,13,1,1.035884901,1.05122506,0.05122506,0.479492188,0.866210938,0.998046875,0.029296875,0.990067748,0.998476776
0.2,7,2,3,21,13,1,1.030544229,0.94877494,-0.05122506,0.58984375,0.8359375,0.998046875,-0.07421875,1.02308707,1.000802672
0.2,7,2,3,22,13,1,1.014143119,-0.05122506,-1.05122506,0.999023438,-0.034179688,0.51171875,-0.888671875,0.999607963,1.025472467
0.2,7,2,3,23,13,1,1.017411935,0.05122506,-0.94877494,0.997070313,0.068359375,0.583007813,-0.813476563,0.999410933,1.000820777
0.2,7,2,3,24,13,1,1.01038426,1.05122506,0.05122506,0.498046875,0.869140625,0.999023438,0.040039063,1.001726567,0.999825462
0.2,7,2,3,25,13,1,0.984711495,0.94877494,-0.05122506,0.57421875,0.798828125,0.998046875,-0.037109375,0.98379548,0.998736537
0.2,7,2,3,26,13,1,1.050409094,-0.05122506,-1.05122506,1,-0.032226563,0.467773438,-0.880859375,1.000519141,0.997359127
0.2,7,2,3,27,13,1,0.999586574,0.05122506,-0.94877494,0.998046875,0.0390625,0.577148438,-0.825195313,0.998811015,1.006999316
0.2,7,2,3,28,13,1,0.988100405,1.05122506,0.05122506,0.474609375,0.857421875,0.998046875,0.077148438,0.980013434,1.001024199
0.2,7,2,3,29,13,1,0.985890711,0.94877494,-0.05122506,0.61328125,0.787109375,1,-0.077148438,0.997825165,1.002971526
0.2,7,2,3,30,13,1,0.980487831,-0.05122506,-1.05122506,0.997070313,-0.078125,0.47265625,-0.840820313,1.000126354,0.964563491
0.2,7,2,3,31,13,1,1.029546753,0.05122506,-0.94877494,0.99609375,0.056640625,0.561523438,-0.82421875,0.997702821,0.997318965
0.2,7,0,1,0,14,1.175663354,1.206716681,1.587831677,0.412168323,0.008789063,1,0.923828125,0.342773438,1.000038623,0.985368984
0.2,7,0,1,1,14,1.029236884,1.038514691,1.514618442,0.485381558,0.03515625,0.998046875,0.873046875,0.473632813,0.998665873,0.99324664
0.2,7,0,1,2,14,0.970763116,0.981080177,0.485381558,-0.485381558,0.872070313,0.462890625,0.901367188,-0.484375,0.987306619,1.023270222
0.2,7,0,1,3,14,0.824336646,0.819489544,0.412168323,-0.412168323,0.909179688,0.408203125,0.92578125,-0.388671875,0.996613012,1.004060132
0.2,7,0,1,4,14,1.175663354,1.171582967,1.587831677,0.412168323,-0.008789063,1,0.908203125,0.392578125,1.000038623,0.989419274
0.2,7,0,1,5,14,1.029236884,1.013921425,1.514618442,0.485381558,0.0703125,0.998046875,0.876953125,0.463867188,1.000520571,0.9920784
0.2,7,0,1,6,14,0.970763116,0.946202251,0.485381558,-0.485381558,0.872070313,0.463867188,0.87109375,-0.428710938,0.987764849,0.970874549
0.2,7,0,1,7,14,0.824336646,0.815406833,0.412168323,-0.412168323,0.908203125,0.3984375,0.932617188,-0.396484375,0.991758719,1.013397591
0.2,7,0,1,8,14,1.175663354,1.147338994,1.587831677,0.412168323,-0.002929688,1,0.91796875,0.416992188,1.000004292,1.008240601
0.2,7,0,1,9,14,1.029236884,0.994715881,1.514618442,0.485381558,0.08203125,0.998046875,0.884765625,0.4765625,1.001412348,1.004948769
0.2,7,0,1,10,14,0.970763116,0.952609459,0.485381558,-0.485381558,0.90625,0.448242188,0.8828125,-0.474609375,1.011044075,1.002303332
0.2,7,0,1,11,14,0.824336646,0.843721629,0.412168323,-0.412168323,0.899414063,0.411132813,0.919921875,-0.405273438,0.988926613,1.005237691
0.2,7,0,1,12,14,1.175663354,1.136827481,1.587831677,0.412168323,0.008789063,0.999023438,0.91015625,0.412109375,0.999062098,0.999108871
0.2,7,0,1,13,14,1.029236884,0.964481776,1.514618442,0.485381558,0.084960938,0.997070313,0.874023438,0.501953125,1.000683551,1.007905704
0.2,7,0,1,14,14,0.970763116,0.929880781,0.485381558,-0.485381558,0.905273438,0.459960938,0.911132813,-0.451171875,1.015423094,1.016719756
0.2,7,0,1,15,14,0.824336646,0.862482502,0.412168323,-0.412168323,0.897460938,0.416015625,0.90234375,-0.412109375,0.989194184,0.991997167
0.2,7,0,1,16,14,1.175663354,1.160124318,0.587831677,-0.587831677,0.823242188,0.560546875,0.821289063,-0.517578125,0.995962097,0.970774351
0.2,7,0,1,17,14,1.029236884,1.039144776,0.514618442,-0.514618442,0.868164063,0.498046875,0.875,-0.499023438,1.000879378,1.007298065
0.2,7,0,1,18,14,0.970763116,0.908803613,-0.514618442,-1.485381558,0.8671875,-0.498046875,0.141601563,-1,1.000032424,1.009975744
0.2,7,0,1,19,14,0.824336646,0.784167006,-0.587831677,-1.412168323,0.809570313,-0.564453125,0.177734375,-0.989257813,0.98692017,1.005097273
0.2,7,0,1,20,14,1.175663354,1.187399253,0.587831677,-0.587831677,0.825195313,0.5859375,0.821289063,-0.526367188,1.01206228,0.975488667
0.2,7,0,1,21,14,1.029236884,1.031496227,0.514618442,-0.514618442,0.879882813,0.4765625,0.868164063,-0.514648438,1.000652577,1.009243208
0.2,7,0,1,22,14,0.970763116,0.939294665,-0.514618442,-1.485381558,0.87109375,-0.495117188,0.114257813,-0.9921875,1.001970733,0.998744653
0.2,7,0,1,23,14,0.824336646,0.81102289,-0.587831677,-1.412168323,0.844726563,-0.55859375,0.17578125,-0.991210938,1.012714147,1.006676795
0.2,7,0,1,24,14,1.175663354,1.171122756,0.587831677,-0.587831677,0.833007813,0.551757813,0.831054688,-0.551757813,0.999169004,0.997541266
0.2,7,0,1,25,14,1.029236884,1.054151194,0.514618442,-0.514618442,0.881835938,0.51171875,0.875,-0.510742188,1.019554167,1.013154767
0.2,7,0,1,26,14,0.970763116,0.96873358,-0.514618442,-1.485381558,0.879882813,-0.456054688,0.124023438,-0.99609375,0.991049768,1.003785122
0.2,7,0,1,27,14,0.824336646,0.785430908,-0.587831677,-1.412168323,0.81640625,-0.55078125,0.19140625,-0.985351563,0.984824426,1.003769921
0.2,7,0,1,28,14,1.175663354,1.145257155,0.587831677,-0.587831677,0.860351563,0.552734375,0.82421875,-0.533203125,1.022604567,0.981652749
0.2,7,0,1,29,14,1.029236884,1.03585666,0.514618442,-0.514618442,0.885742188,0.505859375,0.862304688,-0.490234375,1.020016142,0.99191689
0.2,7,0,1,30,14,0.970763116,0.933651468,-0.514618442,-1.485381558,0.860351563,-0.49609375,0.114257813,-0.997070313,0.993133334,1.003595564
0.2,7,0,1,31,14,0.824336646,0.82054676,-0.587831677,-1.412168323,0.825195313,-0.556640625,0.15625,-0.98828125,0.995387407,1.000556791
0.2,7,2,3,0,14,1,0.986831045,1.05122506,0.05122506,0.493164063,0.872070313,0.999023438,0.069335938,1.001856987,1.001426633
0.2,7,2,3,1,14,1,1.053635104,0.94877494,-0.05122506,0.549804688,0.822265625,0.999023438,-0.072265625,0.98914405,1.00163374
0.2,7,2,3,2,14,1,1.024686045,-0.05122506,-1.05122506,0.999023438,-0.012695313,0.509765625,-0.86328125,0.999104098,1.002554492
0.2,7,2,3,3,14,1,1.017052469,0.05122506,-0.94877494,0.998046875,0.078125,0.594726563,-0.8125,1.001099935,1.006904134
0.2,7,2,3,4,14,1,0.975338931,1.05122506,0.05122506,0.515625,0.866210938,1,0.05859375,1.00806276,1.001715143
0.2,7,2,3,5,14,1,0.985031855,0.94877494,-0.05122506,0.58984375,0.814453125,0.999023438,-0.041015625,1.00560904,0.999865046
0.2,7,2,3,6,14,1,0.969980597,-0.05122506,-1.05122506,1,-0.0546875,0.528320313,-0.869140625,1.001494245,1.017117387
0.2,7,2,3,7,14,1,0.938157635,0.05122506,-0.94877494,0.998046875,-0.00390625,0.590820313,-0.8125,0.998054519,1.004601857
0.2,7,2,3,8,14,1,1.032265238,1.05122506,0.05122506,0.505859375,0.891601563,1,0.022460938,1.025108313,1.000252215
0.2,7,2,3,9,14,1,1.015879079,0.94877494,-0.05122506,0.577148438,0.8046875,1,-0.067382813,0.990263748,1.002267651
0.2,7,2,3,10,14,1,0.989663929,-0.05122506,-1.05122506,0.995117188,-0.036132813,0.510742188,-0.842773438,0.995772965,0.985456569
0.2,7,2,3,11,14,1,0.997887113,0.05122506,-0.94877494,0.998046875,0.047851563,0.581054688,-0.8125,0.999193343,0.998889784
0.2,7,2,3,12,14,1,0.956269477,1.05122506,0.05122506,0.5234375,0.857421875,0.998046875,0.06640625,1.004569106,1.000253645
0.2,7,2,3,13,14,1,0.962637376,0.94877494,-0.05122506,0.591796875,0.786132813,0.999023438,-0.037109375,0.983985945,0.999712426
0.2,7,2,3,14,14,1,0.99977502,-0.05122506,-1.05122506,0.997070313,-0.045898438,0.49609375,-0.856445313,0.998126182,0.989751273
0.2,7,2,3,15,14,1,0.994212932,0.05122506,-0.94877494,0.998046875,0.036132813,0.584960938,-0.83203125,0.998700728,1.017081756
0.2,7,2,3,16,14,1,1.032380187,1.05122506,0.05122506,0.473632813,0.864257813,1,0.037109375,0.985530115,1.000688316
0.2,7,2,3,17,14,1,1.014539766,0.94877494,-0.05122506,0.573242188,0.796875,0.999023438,-0.067382813,0.981639634,1.0012933
0.2,7,2,3,18,14,1,1.02407028,-0.05122506,-1.05122506,0.997070313,-0.03515625,0.487304688,-0.868164063,0.997689917,0.99557757
0.2,7,2,3,19,14,1,0.98212198,0.05122506,-0.94877494,0.998046875,0.018554688,0.553710938,-0.796875,0.998219335,0.970363627
0.2,7,2,3,20,14,1,1.009535185,1.05122506,0.05122506,0.474609375,0.885742188,0.998046875,0.069335938,1.004884711,1.000452416
0.2,7,2,3,21,14,1,1.00602849,0.94877494,-0.05122506,0.590820313,0.823242188,0.997070313,-0.057617188,1.013309598,0.998733672
0.2,7,2,3,22,14,1,0.981086872,-0.05122506,-1.05122506,0.999023438,-0.063476563,0.504882813,-0.869140625,1.001038013,1.005142816
0.2,7,2,3,23,14,1,0.961648167,0.05122506,-0.94877494,0.999023438,0.032226563,0.610351563,-0.817382813,0.999543086,1.02011945
0.2,7,2,3,24,14,1,0.993789775,1.05122506,0.05122506,0.494140625,0.868164063,0.999023438,0.059570313,0.998941338,1.000797907
0.2,7,2,3,25,14,1,1.009425493,0.94877494,-0.05122506,0.58984375,0.834960938,1,-0.053710938,1.022289302,1.001441394
0.2,7,2,3,26,14,1,0.996655771,-0.05122506,-1.05122506,0.998046875,-0.063476563,0.486328125,-0.868164063,1.000063417,0.995099937
0.2,7,2,3,27,14,1,1.001069497,0.05122506,-0.94877494,0.998046875,0.030273438,0.55859375,-0.81640625,0.998505907,0.989214912
0.2,7,2,3,28,14,1,1.041212004,1.05122506,0.05122506,0.474609375,0.88671875,0.998046875,0.038085938,1.005745594,0.998773299
0.2,7,2,3,29,14,1,0.958405246,0.94877494,-0.05122506,0.578125,0.828125,0.999023438,0.002929688,1.009960163,0.999027733
0.2,7,2,3,30,14,1,1.003363624,-0.05122506,-1.05122506,0.998046875,-0.046875,0.489257813,-0.853515625,0.999147051,0.983799842
0.2,7,2,3,31,14,1,0.974045982,0.05122506,-0.94877494,0.999023438,0.065429688,0.618164063,-0.79296875,1.001163759,1.005448281
0.2,7,0,1,0,15,1.175663354,1.16752709,1.587831677,0.412168323,-0.018554688,1,0.905273438,0.40625,1.000172123,0.992249494
0.2,7,0,1,1,15,1.029236884,1.058518017,1.514618442,0.485381558,0.028320313,0.997070313,0.87890625,0.461914063,0.99747243,0.992895159
0.2,7,0,1,2,15,0.970763116,1.005767259,0.485381558,-0.485381558,0.880859375,0.500976563,0.89453125,-0.475585938,1.013356184,1.013098288
0.2,7,0,1,3,15,0.824336646,0.809793638,0.412168323,-0.412168323,0.911132813,0.391601563,0.920898438,-0.393554688,0.99172314,1.001468534
0.2,7,0,1,4,15,1.175663354,1.16640725,1.587831677,0.412168323,0.008789063,1,0.942382813,0.393554688,1.000038623,1.021259349
0.2,7,0,1,5,15,1.029236884,0.995442578,1.514618442,0.485381558,0.084960938,0.995117188,0.900390625,0.48046875,0.998737492,1.020565283
0.2,7,0,1,6,15,0.970763116,0.993443679,0.485381558,-0.485381558,0.874023438,0.481445313,0.87890625,-0.46875,0.99785097,0.99609375
0.2,7,0,1,7,15,0.824336646,0.812036645,0.412168323,-0.412168323,0.901367188,0.391601563,0.916015625,-0.389648438,0.982758663,0.995444891
0.2,7,0,1,8,15,1.175663354,1.211108801,1.587831677,0.412168323,-0.01953125,1,0.9140625,0.364257813,1.000190717,0.983968499
0.2,7,0,1,9,15,1.029236884,1.063664982,1.514618442,0.485381558,0.03515625,0.999023438,0.889648438,0.454101563,0.999641831,0.998840614
0.2,7,0,1,10,15,0.970763116,0.994756875,0.485381558,-0.485381558,0.87109375,0.495117188,0.897460938,-0.46484375,1.001970733,1.010700671
0.2,7,0,1,11,15,0.824336646,0.814880044,0.412168323,-0.412168323,0.913085938,0.401367188,0.908203125,-0.384765625,0.997407413,0.986345529
0.2,7,0,1,12,15,1.175663354,1.169523513,1.587831677,0.412168323,-0.030273438,0.998046875,0.916015625,0.421875,0.998505907,1.008495484
0.2,7,0,1,13,15,1.029236884,1.050291065,1.514618442,0.485381558,0.077148438,0.998046875,0.89453125,0.424804688,1.001024199,0.990275305
0.2,7,0,1,14,15,0.970763116,0.959508311,0.485381558,-0.485381558,0.890625,0.471679688,0.8828125,-0.451171875,1.007816758,0.991420179
0.2,7,0,1,15,15,0.824336646,0.84413,0.412168323,-0.412168323,0.923828125,0.40625,0.916015625,-0.419921875,1.009206355,1.007680012
0.2,7,0,1,16,15,1.175663354,1.197882664,0.587831677,-0.587831677,0.836914063,0.545898438,0.815429688,-0.58203125,0.999214818,1.00184128
0.2,7,0,1,17,15,1.029236884,1.066118344,0.514618442,-0.514618442,0.888671875,0.536132813,0.86328125,-0.498046875,1.037870943,0.996646982
0.2,7,0,1,18,15,0.970763116,0.99280097,-0.514618442,-1.485381558,0.880859375,-0.512695313,0.05078125,-0.997070313,1.019200531,0.998362631
0.2,7,0,1,19,15,0.824336646,0.835389378,-0.587831677,-1.412168323,0.852539063,-0.559570313,0.154296875,-0.990234375,1.019775361,1.002183438
0.2,7,0,1,20,15,1.175663354,1.169000321,0.587831677,-0.587831677,0.844726563,0.548828125,0.837890625,-0.564453125,1.007360549,1.010281164
0.2,7,0,1,21,15,1.029236884,0.991769385,0.514618442,-0.514618442,0.865234375,0.455078125,0.877929688,-0.48828125,0.977612717,1.004579074
0.2,7,0,1,22,15,0.970763116,0.967377777,-0.514618442,-1.485381558,0.87109375,-0.493164063,0.087890625,-0.993164063,1.00100705,0.997045444
0.2,7,0,1,23,15,0.824336646,0.854206137,-0.587831677,-1.412168323,0.815429688,-0.541015625,0.129882813,-0.987304688,0.978582384,0.995811273
0.2,7,0,1,24,15,1.175663354,1.182319132,0.587831677,-0.587831677,0.8046875,0.55859375,0.836914063,-0.54296875,0.979565695,0.997617267
0.2,7,0,1,25,15,1.029236884,1.022973636,0.514618442,-0.514618442,0.874023438,0.500976563,0.88671875,-0.487304688,1.007419717,1.011798399
0.2,7,0,1,26,15,0.970763116,1.03416763,-0.514618442,-1.485381558,0.888671875,-0.481445313,0.040039063,-0.997070313,1.010706332,0.997873907
0.2,7,0,1,27,15,0.824336646,0.816857457,-0.587831677,-1.412168323,0.823242188,-0.55859375,0.157226563,-0.98828125,0.99486415,1.000709759
0.2,7,0,1,28,15,1.175663354,1.176967765,0.587831677,-0.587831677,0.829101563,0.544921875,0.805664063,-0.545898438,0.992143765,0.973190467
0.2,7,0,1,29,15,1.029236884,1.002031776,0.514618442,-0.514618442,0.875976563,0.493164063,0.887695313,-0.47265625,1.005259037,1.005687277
0.2,7,0,1,30,15,0.970763116,0.960145334,-0.514618442,-1.485381558,0.854492188,-0.500976563,0.080078125,-0.994140625,0.990522294,0.997360561
0.2,7,0,1,31,15,0.824336646,0.824489027,-0.587831677,-1.412168323,0.823242188,-0.552734375,0.154296875,-0.987304688,0.991586097,0.999288783
0.2,7,2,3,0,15,1,0.953023306,1.05122506,0.05122506,0.515625,0.870117188,1,0.083007813,1.011421307,1.003439234
0.2,7,2,3,1,15,1,0.965248635,0.94877494,-0.05122506,0.587890625,0.8046875,0.999023438,-0.025390625,0.996562773,0.999346042
0.2,7,2,3,2,15,1,1.000971905,-0.05122506,-1.05122506,0.999023438,-0.047851563,0.493164063,-0.857421875,1.000168786,0.989132481
0.2,7,2,3,3,15,1,0.980646021,0.05122506,-0.94877494,0.997070313,0.041015625,0.583984375,-0.798828125,0.997913568,0.989527222
0.2,7,2,3,4,15,1,1.013000355,1.05122506,0.05122506,0.4921875,0.854492188,0.998046875,0.03515625,0.986106198,0.998665873
0.2,7,2,3,5,15,1,0.989609264,0.94877494,-0.05122506,0.600585938,0.8203125,0.999023438,-0.05078125,1.016669103,1.000313233
0.2,7,2,3,6,15,1,0.983148172,-0.05122506,-1.05122506,0.998046875,-0.0546875,0.509765625,-0.864257813,0.99954404,1.003395515
0.2,7,2,3,7,15,1,1.024982126,0.05122506,-0.94877494,0.998046875,0.080078125,0.590820313,-0.817382813,1.001254249,1.008555057
0.2,7,2,3,8,15,1,0.998384287,1.05122506,0.05122506,0.50390625,0.880859375,0.998046875,0.052734375,1.014807739,0.999439082
0.2,7,2,3,9,15,1,0.976346496,0.94877494,-0.05122506,0.592773438,0.803710938,0.999023438,-0.041015625,0.998664918,0.999865046
0.2,7,2,3,10,15,1,1.014111133,-0.05122506,-1.05122506,0.997070313,-0.047851563,0.481445313,-0.86328125,0.998217902,0.988455414
0.2,7,2,3,11,15,1,0.982696158,0.05122506,-0.94877494,0.998046875,0.067382813,0.594726563,-0.7734375,1.000318953,0.975656318
0.2,7,2,3,12,15,1,1.035368201,1.05122506,0.05122506,0.491210938,0.860351563,0.997070313,0.016601563,0.990703284,0.997208514
0.2,7,2,3,13,15,1,1.03160381,0.94877494,-0.05122506,0.56640625,0.81640625,0.999023438,-0.067382813,0.993647425,1.0012933
0.2,7,2,3,14,15,1,1.026100095,-0.05122506,-1.05122506,1,-0.051757813,0.458007813,-0.852539063,1.00133854,0.967777872
0.2,7,2,3,15,15,1,0.998826983,0.05122506,-0.94877494,0.99609375,0.033203125,0.552734375,-0.798828125,0.996646982,0.9714122
0.2,7,2,3,16,15,1,0.958024155,1.05122506,0.05122506,0.532226563,0.854492188,0.998046875,0.055664063,1.006688637,0.999597945
0.2,7,2,3,17,15,1,1.01920988,0.94877494,-0.05122506,0.5703125,0.82421875,0.999023438,-0.053710938,1.002293817,1.000466238
0.2,7,2,3,18,15,1,0.970334512,-0.05122506,-1.05122506,1,-0.064453125,0.514648438,-0.866210938,1.00207495,1.007563597
0.2,7,2,3,19,15,1,1.000424985,0.05122506,-0.94877494,1,0.094726563,0.616210938,-0.786132813,1.004476541,0.998859709
0.2,7,2,3,20,15,1,1.003199965,1.05122506,0.05122506,0.506835938,0.858398438,0.998046875,0.034179688,0.996860344,0.998631972
0.2,7,2,3,21,15,1,1.037092748,0.94877494,-0.05122506,0.577148438,0.83984375,0.998046875,-0.068359375,1.019037705,1.00038521
0.2,7,2,3,22,15,1,1.007471679,-0.05122506,-1.05122506,0.999023438,-0.047851563,0.486328125,-0.858398438,1.000168786,0.986591568
0.2,7,2,3,23,15,1,0.977739001,0.05122506,-0.94877494,0.998046875,0.05078125,0.596679688,-0.794921875,0.999337931,0.993945389
0.2,7,2,3,24,15,1,0.998565493,1.05122506,0.05122506,0.500976563,0.874023438,0.999023438,0.051757813,1.007419717,1.000363284
0.2,7,2,3,25,15,1,1.063551868,0.94877494,-0.05122506,0.541992188,0.8125,0.998046875,-0.081054688,0.976684074,1.001332825
0.2,7,2,3,26,15,1,1.04848688,-0.05122506,-1.05122506,0.999023438,-0.026367188,0.4765625,-0.880859375,0.999371331,1.001511385
0.2,7,2,3,27,15,1,0.993693267,0.05122506,-0.94877494,0.999023438,0.076171875,0.624023438,-0.815429688,1.001923142,1.026806129
0.2,7,2,3,28,15,1,0.964911976,1.05122506,0.05122506,0.529296875,0.85546875,0.998046875,0.051757813,1.005973143,0.999388031
0.2,7,2,3,29,15,1,0.96694064,0.94877494,-0.05122506,0.571289063,0.814453125,0.997070313,-0.0078125,0.994839226,0.997100919
0.2,7,2,3,30,15,1,1.006612364,-0.05122506,-1.05122506,1,-0.040039063,0.495117188,-0.856445313,1.000801242,0.989262151
0.2,7,2,3,31,15,1,0.985064536,0.05122506,-0.94877494,1,0.052734375,0.618164063,-0.833007813,1.001389492,1.037318092
0.2,7,0,1,0,16,1.175663354,1.192942083,1.587831677,0.412168323,-0.047851563,1,0.921875,0.41796875,1.001144231,1.01220126
0.2,7,0,1,1,16,1.029236884,1.030314131,1.514618442,0.485381558,0.0625,1,0.887695313,0.459960938,1.001951221,0.999783492
0.2,7,0,1,2,16,0.970763116,0.970769751,0.485381558,-0.485381558,0.88671875,0.46875,0.872070313,-0.458984375,1.00299387,0.985481246
0.2,7,0,1,3,16,0.824336646,0.846437478,0.412168323,-0.412168323,0.912109375,0.392578125,0.918945313,-0.432617188,0.993006091,1.015686033
0.2,7,0,1,4,16,1.175663354,1.167089207,1.587831677,0.412168323,0.005859375,1,0.90625,0.380859375,1.000017166,0.983027429
0.2,7,0,1,5,16,1.029236884,1.056655574,1.514618442,0.485381558,0.03515625,0.998046875,0.887695313,0.4609375,0.998665873,1.000233146
0.2,7,0,1,6,16,0.970763116,0.987019502,0.485381558,-0.485381558,0.903320313,0.466796875,0.895507813,-0.500976563,1.016802296,1.026114886
0.2,7,0,1,7,16,0.824336646,0.84089093,0.412168323,-0.412168323,0.920898438,0.395507813,0.919921875,-0.427734375,1.002237677,1.014501332
0.2,7,0,1,8,16,1.175663354,1.205004604,1.587831677,0.412168323,-0.026367188,1,0.920898438,0.380859375,1.000347554,0.996547939
0.2,7,0,1,9,16,1.029236884,1.054837152,1.514618442,0.485381558,0.028320313,1,0.900390625,0.477539063,1.00040094,1.019189302
0.2,7,0,1,10,16,0.970763116,1.012404494,0.485381558,-0.485381558,0.865234375,0.485351563,0.887695313,-0.486328125,0.992066864,1.012184772
0.2,7,0,1,11,16,0.824336646,0.763675442,0.412168323,-0.412168323,0.924804688,0.342773438,0.919921875,-0.3984375,0.986284614,1.002501221
0.2,7,0,1,12,16,1.175663354,1.205480268,1.587831677,0.412168323,-0.065429688,0.999023438,0.916015625,0.420898438,1.001163759,1.008087357
0.2,7,0,1,13,16,1.029236884,1.051207004,1.514618442,0.485381558,0.038085938,0.997070313,0.893554688,0.466796875,0.997797448,1.008136549
0.2,7,0,1,14,16,0.970763116,0.999097038,0.485381558,-0.485381558,0.885742188,0.473632813,0.868164063,-0.483398438,1.004423847,0.993671419
0.2,7,0,1,15,16,0.824336646,0.855970215,0.412168323,-0.412168323,0.915039063,0.416992188,0.923828125,-0.421875,1.005573951,1.01559683
0.2,7,0,1,16,16,1.175663354,1.170888926,0.587831677,-0.587831677,0.823242188,0.552734375,0.836914063,-0.547851563,0.991586097,1.000283201
0.2,7,0,1,17,16,1.029236884,1.013343515,0.514618442,-0.514618442,0.880859375,0.481445313,0.861328125,-0.485351563,1.003844025,0.988661862
0.2,7,0,1,18,16,0.970763116,0.936844561,-0.514618442,-1.485381558,0.860351563,-0.490234375,0.116210938,-0.997070313,0.990219447,1.0038198
0.2,7,0,1,19,16,0.824336646,0.84514919,-0.587831677,-1.412168323,0.859375,-0.55078125,0.155273438,-0.989257813,1.020727866,1.001369492
0.2,7,0,1,20,16,1.175663354,1.212868894,0.587831677,-0.587831677,0.827148438,0.528320313,0.813476563,-0.611328125,0.981476892,1.017578594
0.2,7,0,1,21,16,1.029236884,1.03630035,0.514618442,-0.514618442,0.877929688,0.485351563,0.869140625,-0.510742188,1.00315835,1.00809871
0.2,7,0,1,22,16,0.970763116,0.956335086,-0.514618442,-1.485381558,0.86328125,-0.502929688,0.086914063,-0.997070313,0.999095985,1.000851269
0.2,7,0,1,23,16,0.824336646,0.825875168,-0.587831677,-1.412168323,0.834960938,-0.553710938,0.158203125,-0.984375,1.001876025,0.997006705
0.2,7,0,1,24,16,1.175663354,1.212250061,0.587831677,-0.587831677,0.826171875,0.572265625,0.83203125,-0.577148438,1.005011399,1.012608671
0.2,7,0,1,25,16,1.029236884,0.988377428,0.514618442,-0.514618442,0.879882813,0.46875,0.881835938,-0.48046875,0.996955529,1.004233459
0.2,7,0,1,26,16,0.970763116,0.994324682,-0.514618442,-1.485381558,0.873046875,-0.473632813,0.079101563,-0.994140625,0.99324664,0.997282628
0.2,7,0,1,27,16,0.824336646,0.812804172,-0.587831677,-1.412168323,0.841796875,-0.552734375,0.176757813,-0.98828125,1.007043826,1.003963721
0.2,7,0,1,28,16,1.175663354,1.138777027,0.587831677,-0.587831677,0.836914063,0.521484375,0.840820313,-0.552734375,0.98608879,1.006227652
0.2,7,0,1,29,16,1.029236884,1.035360781,0.514618442,-0.514618442,0.875,0.504882813,0.874023438,-0.491210938,1.010213668,1.002599199
0.2,7,0,1,30,16,0.970763116,0.976673421,-0.514618442,-1.485381558,0.860351563,-0.486328125,0.079101563,-0.991210938,0.988291382,0.994362197
0.2,7,0,1,31,16,0.824336646,0.837842217,-0.587831677,-1.412168323,0.846679688,-0.55859375,0.149414063,-0.990234375,1.014343862,1.001443298
0.2,7,2,3,0,16,1,1.017671029,1.05122506,0.05122506,0.495117188,0.873046875,0.99609375,0.037109375,1.003669206,0.996784763
0.2,7,2,3,1,16,1,1.038931621,0.94877494,-0.05122506,0.58984375,0.825195313,0.999023438,-0.088867188,1.014328819,1.002968198
0.2,7,2,3,2,16,1,0.978939618,-0.05122506,-1.05122506,0.998046875,-0.0703125,0.5078125,-0.883789063,1.000520571,1.019292226
0.2,7,2,3,3,16,1,1.031076372,0.05122506,-0.94877494,1,0.0625,0.575195313,-0.836914063,1.001951221,1.015517009
0.2,7,2,3,4,16,1,0.991288374,1.05122506,0.05122506,0.498046875,0.874023438,0.998046875,0.061523438,1.005966033,0.999941347
0.2,7,2,3,5,16,1,1.00519285,0.94877494,-0.05122506,0.577148438,0.81640625,1,-0.049804688,0.999809724,1.001239485
0.2,7,2,3,6,16,1,0.996431594,-0.05122506,-1.05122506,0.998046875,-0.077148438,0.471679688,-0.869140625,1.001024199,0.988881769
0.2,7,2,3,7,16,1,1.00565421,0.05122506,-0.94877494,0.999023438,0.051757813,0.569335938,-0.802734375,1.000363284,0.984137128
0.2,7,2,3,8,16,1,1.044392535,1.05122506,0.05122506,0.490234375,0.880859375,1,0.018554688,1.008088776,1.000172123
0.2,7,2,3,9,16,1,0.998406358,0.94877494,-0.05122506,0.577148438,0.84765625,1,-0.025390625,1.025485952,1.00032229
0.2,7,2,3,10,16,1,0.991552878,-0.05122506,-1.05122506,0.998046875,-0.059570313,0.5,-0.874023438,0.999823078,1.006934441
0.2,7,2,3,11,16,1,1.006513251,0.05122506,-0.94877494,0.999023438,0.041992188,0.565429688,-0.815429688,0.999905582,0.992288419
0.2,7,2,3,12,16,1,1.023049053,1.05122506,0.05122506,0.498046875,0.85546875,0.999023438,0.020507813,0.989887606,0.999233906
0.2,7,2,3,13,16,1,0.987096458,0.94877494,-0.05122506,0.590820313,0.802734375,0.999023438,-0.05078125,0.996720181,1.000313233
0.2,7,2,3,14,16,1,0.945284624,-0.05122506,-1.05122506,0.998046875,-0.094726563,0.506835938,-0.86328125,1.002532137,1.001068022
0.2,7,2,3,15,16,1,0.994797857,0.05122506,-0.94877494,0.998046875,0.040039063,0.568359375,-0.802734375,0.998849684,0.983572497
0.2,7,2,3,16,16,1,0.974276773,1.05122506,0.05122506,0.502929688,0.850585938,0.998046875,0.0625,0.988147108,1.000001907
0.2,7,2,3,17,16,1,0.979492619,0.94877494,-0.05122506,0.599609375,0.796875,0.998046875,-0.053710938,0.997266849,0.999491085
0.2,7,2,3,18,16,1,0.985641096,-0.05122506,-1.05122506,0.999023438,-0.064453125,0.495117188,-0.86328125,1.001100412,0.995186187
0.2,7,2,3,19,16,1,1.019090147,0.05122506,-0.94877494,0.998046875,0.056640625,0.569335938,-0.817382813,0.999652802,0.996121515
0.2,7,2,3,20,16,1,1.02128929,1.05122506,0.05122506,0.509765625,0.874023438,0.999023438,0.021484375,1.011819135,0.999254426
0.2,7,2,3,21,16,1,0.984271231,0.94877494,-0.05122506,0.612304688,0.8203125,0.999023438,-0.0546875,1.023635496,1.000519141
0.2,7,2,3,22,16,1,0.984992925,-0.05122506,-1.05122506,1,-0.069335938,0.489257813,-0.861328125,1.002400854,0.990585355
0.2,7,2,3,23,16,1,1.025178427,0.05122506,-0.94877494,0.999023438,0.029296875,0.541015625,-0.834960938,0.999452918,0.994915913
0.2,7,2,3,24,16,1,1.017505636,1.05122506,0.05122506,0.520507813,0.869140625,0.998046875,0.013671875,1.013081344,0.998140514
0.2,7,2,3,25,16,1,1.059442922,0.94877494,-0.05122506,0.55078125,0.8359375,0.999023438,-0.071289063,1.001075167,1.001563757
0.2,7,2,3,26,16,1,0.990824862,-0.05122506,-1.05122506,0.998046875,-0.059570313,0.498046875,-0.869140625,0.999823078,1.001726567
0.2,7,2,3,27,16,1,1.006936573,0.05122506,-0.94877494,0.994140625,0.067382813,0.587890625,-0.803710938,0.99642161,0.995774401
0.2,7,2,3,28,16,1,1.025092346,1.05122506,0.05122506,0.4921875,0.876953125,0.997070313,0.034179688,1.005631801,0.997655982
0.2,7,2,3,29,16,1,0.953952802,0.94877494,-0.05122506,0.609375,0.799804688,0.998046875,-0.034179688,1.005497603,0.998631972
0.2,7,2,3,30,16,1,0.980811965,-0.05122506,-1.05122506,0.99609375,-0.056640625,0.517578125,-0.876953125,0.997702821,1.018299513
0.2,7,2,3,31,16,1,0.951660194,0.05122506,-0.94877494,0.999023438,0.030273438,0.59765625,-0.787109375,0.999482021,0.98829862
0.2,7,0,1,0,17,1.175663354,1.175277311,1.587831677,0.412168323,-0.014648438,1,0.9140625,0.397460938,1.000107283,0.996737403
0.2,7,0,1,1,17,1.029236884,1.009483457,1.514618442,0.485381558,0.078125,0.99609375,0.897460938,0.470703125,0.999152778,1.013408884
0.2,7,0,1,2,17,0.970763116,0.973053426,0.485381558,-0.485381558,0.89453125,0.44921875,0.884765625,-0.4921875,1.00099133,1.012451849
0.2,7,0,1,3,17,0.824336646,0.814268456,0.412168323,-0.412168323,0.916015625,0.399414063,0.916015625,-0.390625,0.99930787,0.995827553
0.2,7,0,1,4,17,1.175663354,1.192921014,1.587831677,0.412168323,-0.026367188,1,0.899414063,0.384765625,1.000347554,0.978258781
0.2,7,0,1,5,17,1.029236884,1.032368829,1.514618442,0.485381558,0.0390625,0.999023438,0.891601563,0.486328125,0.999786831,1.015612323
0.2,7,0,1,6,17,0.970763116,0.963120731,0.485381558,-0.485381558,0.888671875,0.465820313,0.8828125,-0.459960938,1.003357496,0.995450639
0.2,7,0,1,7,17,0.824336646,0.859823718,0.412168323,-0.412168323,0.911132813,0.438476563,0.91796875,-0.400390625,1.011150186,1.001488531
0.2,7,0,1,8,17,1.175663354,1.203348657,1.587831677,0.412168323,-0.043945313,0.999023438,0.919921875,0.401367188,0.99998951,1.003669206
0.2,7,0,1,9,17,1.029236884,1.018476098,1.514618442,0.485381558,0.079101563,0.998046875,0.892578125,0.45703125,1.001176619,1.002782764
0.2,7,0,1,10,17,0.970763116,0.997302407,0.485381558,-0.485381558,0.885742188,0.481445313,0.87890625,-0.479492188,1.008131346,1.001193765
0.2,7,0,1,11,17,0.824336646,0.872993574,0.412168323,-0.412168323,0.903320313,0.411132813,0.909179688,-0.434570313,0.992480618,1.007699886
0.2,7,0,1,12,17,1.175663354,1.119875177,1.587831677,0.412168323,0.029296875,0.999023438,0.91015625,0.408203125,0.999452918,0.99750398
0.2,7,0,1,13,17,1.029236884,1.01889641,1.514618442,0.485381558,0.046875,1,0.895507813,0.495117188,1.00109803,1.02326696
0.2,7,0,1,14,17,0.970763116,0.958113131,0.485381558,-0.485381558,0.888671875,0.456054688,0.875,-0.459960938,0.998861141,0.988528737
0.2,7,0,1,15,17,0.824336646,0.855813224,0.412168323,-0.412168323,0.916992188,0.44140625,0.923828125,-0.3984375,1.017700422,1.006086898
0.2,7,0,1,16,17,1.175663354,1.209430622,0.587831677,-0.587831677,0.8046875,0.557617188,0.823242188,-0.567382813,0.979009142,0.999825462
0.2,7,0,1,17,17,1.029236884,0.998782495,0.514618442,-0.514618442,0.858398438,0.47265625,0.881835938,-0.4765625,0.979924389,1.002370409
0.2,7,0,1,18,17,0.970763116,0.934100686,-0.514618442,-1.485381558,0.875,-0.500976563,0.116210938,-0.991210938,1.008267086,0.998000052
0.2,7,0,1,19,17,0.824336646,0.802350555,-0.587831677,-1.412168323,0.842773438,-0.56640625,0.17578125,-0.984375,1.015422625,0.999946593
0.2,7,0,1,20,17,1.175663354,1.171024275,0.587831677,-0.587831677,0.823242188,0.529296875,0.827148438,-0.565429688,0.978714913,1.001940751
0.2,7,0,1,21,17,1.029236884,1.040237885,0.514618442,-0.514618442,0.856445313,0.490234375,0.869140625,-0.498046875,0.986827399,1.001726567
0.2,7,0,1,22,17,0.970763116,1.005415224,-0.514618442,-1.485381558,0.881835938,-0.502929688,0.046875,-0.995117188,1.015171361,0.996220599
0.2,7,0,1,23,17,0.824336646,0.826451693,-0.587831677,-1.412168323,0.83984375,-0.552734375,0.162109375,-0.990234375,1.005411763,1.003415949
0.2,7,0,1,24,17,1.175663354,1.165517575,0.587831677,-0.587831677,0.826171875,0.547851563,0.818359375,-0.536132813,0.991312918,0.978340666
0.2,7,0,1,25,17,1.029236884,1.003937572,0.514618442,-0.514618442,0.869140625,0.49609375,0.857421875,-0.452148438,1.000756931,0.969335072
0.2,7,0,1,26,17,0.970763116,0.927179864,-0.514618442,-1.485381558,0.87109375,-0.518554688,0.106445313,-0.994140625,1.013757015,0.999823078
0.2,7,0,1,27,17,0.824336646,0.810710007,-0.587831677,-1.412168323,0.819335938,-0.568359375,0.153320313,-0.990234375,0.997167868,1.00203355
0.2,7,0,1,28,17,1.175663354,1.185639383,0.587831677,-0.587831677,0.833007813,0.541015625,0.841796875,-0.587890625,0.993277364,1.026760618
0.2,7,0,1,29,17,1.029236884,1.045540877,0.514618442,-0.514618442,0.862304688,0.479492188,0.852539063,-0.508789063,0.986651981,0.992818797
0.2,7,0,1,30,17,0.970763116,0.977946882,-0.514618442,-1.485381558,0.866210938,-0.484375,0.083007813,-0.998046875,0.9924417,1.001492817
0.2,7,0,1,31,17,0.824336646,0.833312089,-0.587831677,-1.412168323,0.8203125,-0.537109375,0.157226563,-0.98828125,0.980509601,1.000709759
0.2,7,2,3,0,17,1,1.02536315,1.05122506,0.05122506,0.489257813,0.858398438,0.998046875,0.02734375,0.98803901,0.998421377
0.2,7,2,3,1,17,1,0.979763739,0.94877494,-0.05122506,0.5859375,0.825195313,0.998046875,-0.026367188,1.01206228,0.998395109
0.2,7,2,3,2,17,1,0.985225113,-0.05122506,-1.05122506,0.999023438,-0.049804688,0.513671875,-0.865234375,1.000264133,1.006225282
0.2,7,2,3,3,17,1,0.992264112,0.05122506,-0.94877494,0.999023438,0.047851563,0.595703125,-0.823242188,1.000168786,1.016164314
0.2,7,2,3,4,17,1,1.030987879,1.05122506,0.05122506,0.485351563,0.884765625,1,0.038085938,1.009146347,1.000725007
0.2,7,2,3,5,17,1,1.03271843,0.94877494,-0.05122506,0.581054688,0.817382813,1,-0.080078125,1.0028655,1.003201129
0.2,7,2,3,6,17,1,0.993107052,-0.05122506,-1.05122506,0.998046875,-0.060546875,0.497070313,-0.874023438,0.999881737,1.005482901
0.2,7,2,3,7,17,1,1.000233105,0.05122506,-0.94877494,0.997070313,0.052734375,0.567382813,-0.7890625,0.998463881,0.971875962
0.2,7,2,3,8,17,1,0.975930222,1.05122506,0.05122506,0.502929688,0.85546875,1,0.063476563,0.99235329,1.002012612
0.2,7,2,3,9,17,1,0.994304683,0.94877494,-0.05122506,0.564453125,0.811523438,1,-0.03125,0.988522949,1.000488162
0.2,7,2,3,10,17,1,0.99583706,-0.05122506,-1.05122506,0.999023438,-0.041992188,0.512695313,-0.869140625,0.999905582,1.009089644
0.2,7,2,3,11,17,1,0.970908926,0.05122506,-0.94877494,0.998046875,0.043945313,0.602539063,-0.802734375,0.999013891,1.003711014
0.2,7,2,3,12,17,1,0.946590911,1.05122506,0.05122506,0.50390625,0.872070313,1,0.100585938,1.007188234,1.005046034
0.2,7,2,3,13,17,1,0.997330583,0.94877494,-0.05122506,0.600585938,0.83203125,0.999023438,-0.051757813,1.026147879,1.000363284
0.2,7,2,3,14,17,1,0.971499261,-0.05122506,-1.05122506,1,-0.080078125,0.494140625,-0.864257813,1.003201129,0.995548353
0.2,7,2,3,15,17,1,0.977075188,0.05122506,-0.94877494,0.999023438,0.051757813,0.592773438,-0.787109375,1.000363284,0.985353498
0.2,7,2,3,16,17,1,0.979584119,1.05122506,0.05122506,0.525390625,0.860351563,0.999023438,0.04296875,1.008087357,0.99994707
0.2,7,2,3,17,17,1,1.028355211,0.94877494,-0.05122506,0.571289063,0.828125,1,-0.061523438,1.006062726,1.001890779
0.2,7,2,3,18,17,1,0.972862474,-0.05122506,-1.05122506,0.999023438,-0.0859375,0.490234375,-0.872070313,1.002712861,1.000418099
0.2,7,2,3,19,17,1,1.057077766,0.05122506,-0.94877494,1,0.100585938,0.583007813,-0.827148438,1.005046034,1.011964746
0.2,7,2,3,20,17,1,1.016239725,1.05122506,0.05122506,0.477539063,0.864257813,1,0.049804688,0.987413349,1.001239485
0.2,7,2,3,21,17,1,1.069999138,0.94877494,-0.05122506,0.590820313,0.817382813,0.994140625,-0.125,1.008555057,1.001968354
0.2,7,2,3,22,17,1,1.019278906,-0.05122506,-1.05122506,0.999023438,-0.05859375,0.465820313,-0.8671875,1.000740254,0.98437936
0.2,7,2,3,23,17,1,0.993529376,0.05122506,-0.94877494,0.997070313,0.047851563,0.587890625,-0.814453125,0.998217902,1.004464673
0.2,7,2,3,24,17,1,0.988630328,1.05122506,0.05122506,0.48046875,0.87109375,0.998046875,0.078125,0.994813822,1.001099935
0.2,7,2,3,25,17,1,0.971312951,0.94877494,-0.05122506,0.584960938,0.788085938,1,-0.0390625,0.981457459,1.000762649
0.2,7,2,3,26,17,1,0.989657177,-0.05122506,-1.05122506,1,-0.033203125,0.521484375,-0.854492188,1.000551072,1.001050874
0.2,7,2,3,27,17,1,0.993337395,0.05122506,-0.94877494,0.999023438,0.048828125,0.572265625,-0.791015625,1.000215984,0.976316375
0.2,7,2,3,28,17,1,0.964611928,1.05122506,0.05122506,0.522460938,0.862304688,1,0.061523438,1.008233507,1.001890779
0.2,7,2,3,29,17,1,0.987231236,0.94877494,-0.05122506,0.596679688,0.8125,0.998046875,-0.049804688,1.008058976,0.999288783
0.2,7,2,3,30,17,1,1.049291067,-0.05122506,-1.05122506,0.998046875,-0.037109375,0.461914063,-0.877929688,0.998736537,0.992030815
0.2,7,2,3,31,17,1,1.03141728,0.05122506,-0.94877494,0.998046875,0.103515625,0.60546875,-0.80859375,1.003400742,1.010156552
0.2,7,0,1,0,18,1.175663354,1.189078379,1.587831677,0.412168323,-0.04296875,1,0.8984375,0.40625,1.000922731,0.986016736
0.2,7,0,1,1,18,1.029236884,1.049197654,1.514618442,0.485381558,0.006835938,0.998046875,0.86328125,0.48828125,0.998070285,0.991802952
0.2,7,0,1,2,18,0.970763116,1.014068195,0.485381558,-0.485381558,0.880859375,0.478515625,0.892578125,-0.506835938,1.002442239,1.026439661
0.2,7,0,1,3,18,0.824336646,0.788187327,0.412168323,-0.412168323,0.921875,0.392578125,0.923828125,-0.375,1.001983583,0.997037314
0.2,7,0,1,4,18,1.175663354,1.145963123,1.587831677,0.412168323,-0.005859375,1,0.903320313,0.415039063,1.000017166,0.99410513
0.2,7,0,1,5,18,1.029236884,1.059630292,1.514618442,0.485381558,0.0390625,0.998046875,0.879882813,0.44921875,0.998811015,0.987922694
0.2,7,0,1,6,18,0.970763116,0.939876204,0.485381558,-0.485381558,0.901367188,0.450195313,0.89453125,-0.461914063,1.007540881,1.006752581
0.2,7,0,1,7,18,0.824336646,0.824986617,0.412168323,-0.412168323,0.916992188,0.408203125,0.921875,-0.396484375,1.003745218,1.003520491
0.2,7,0,1,8,18,1.175663354,1.225072014,1.587831677,0.412168323,-0.048828125,0.999023438,0.905273438,0.376953125,1.000215984,0.980619016
0.2,7,0,1,9,18,1.029236884,1.029922632,1.514618442,0.485381558,0.026367188,0.999023438,0.905273438,0.51171875,0.999371331,1.039892339
0.2,7,0,1,10,18,0.970763116,1.000610809,0.485381558,-0.485381558,0.885742188,0.4921875,0.891601563,-0.479492188,1.013305363,1.012356708
0.2,7,0,1,11,18,0.824336646,0.818700303,0.412168323,-0.412168323,0.930664063,0.423828125,0.911132813,-0.375976563,1.022626949,0.98565784
0.2,7,0,1,12,18,1.175663354,1.191131081,1.587831677,0.412168323,-0.038085938,1,0.921875,0.409179688,1.000725007,1.008603754
0.2,7,0,1,13,18,1.029236884,1.03218744,1.514618442,0.485381558,0.083007813,1,0.8984375,0.440429688,1.003439234,1.000583955
0.2,7,0,1,14,18,0.970763116,0.973279969,0.485381558,-0.485381558,0.883789063,0.448242188,0.883789063,-0.487304688,0.990961233,1.009231869
0.2,7,0,1,15,18,0.824336646,0.807609283,0.412168323,-0.412168323,0.909179688,0.39453125,0.916992188,-0.385742188,0.991091626,0.99482245
0.2,7,0,1,16,18,1.175663354,1.17630861,0.587831677,-0.587831677,0.810546875,0.5546875,0.844726563,-0.548828125,0.982173335,1.007360549
0.2,7,0,1,17,18,1.029236884,1.030146434,0.514618442,-0.514618442,0.880859375,0.498046875,0.87890625,-0.498046875,1.011911028,1.010211308
0.2,7,0,1,18,18,0.970763116,0.99330351,-0.514618442,-1.485381558,0.896484375,-0.4765625,0.088867188,-0.997070313,1.015281267,1.00102277
0.2,7,0,1,19,18,0.824336646,0.86135142,-0.587831677,-1.412168323,0.848632813,-0.541015625,0.141601563,-0.991210938,1.006417188,1.001274251
0.2,7,0,1,20,18,1.175663354,1.168533681,0.587831677,-0.587831677,0.819335938,0.537109375,0.8359375,-0.557617188,0.979692737,1.004852443
0.2,7,0,1,21,18,1.029236884,0.990649394,0.514618442,-0.514618442,0.854492188,0.467773438,0.870117188,-0.463867188,0.974150341,0.986040916
0.2,7,0,1,22,18,0.970763116,0.971117625,-0.514618442,-1.485381558,0.870117188,-0.5,0.078125,-0.998046875,1.003545674,1.001099935
0.2,7,0,1,23,18,0.824336646,0.829971318,-0.587831677,-1.412168323,0.822265625,-0.565429688,0.137695313,-0.98828125,0.997913568,0.997827554
0.2,7,0,1,24,18,1.175663354,1.114590857,0.587831677,-0.587831677,0.842773438,0.525390625,0.841796875,-0.524414063,0.993127573,0.991782278
0.2,7,0,1,25,18,1.029236884,1.020238473,0.514618442,-0.514618442,0.883789063,0.47265625,0.858398438,-0.501953125,1.002241008,0.994386654
0.2,7,0,1,26,18,0.970763116,1.009833295,-0.514618442,-1.485381558,0.872070313,-0.466796875,0.069335938,-0.99609375,0.98914405,0.998503996
0.2,7,0,1,27,18,0.824336646,0.789666442,-0.587831677,-1.412168323,0.802734375,-0.575195313,0.159179688,-0.990234375,0.987538417,1.002946803
0.2,7,0,1,28,18,1.175663354,1.208819522,0.587831677,-0.587831677,0.817382813,0.569335938,0.845703125,-0.579101563,0.996121515,1.024974339
0.2,7,0,1,29,18,1.029236884,1.008229632,0.514618442,-0.514618442,0.87109375,0.493164063,0.875976563,-0.470703125,1.00100705,0.994432687
0.2,7,0,1,30,18,0.970763116,1.015973852,-0.514618442,-1.485381558,0.86328125,-0.452148438,0.072265625,-0.997070313,0.974521794,0.999685715
0.2,7,0,1,31,18,0.824336646,0.766374537,-0.587831677,-1.412168323,0.821289063,-0.552734375,0.211914063,-0.984375,0.989965158,1.006926865
0.2,7,2,3,0,18,1,1.030152795,1.05122506,0.05122506,0.44140625,0.8828125,1,0.077148438,0.987014381,1.002971526
0.2,7,2,3,1,18,1,0.9783581,0.94877494,-0.05122506,0.581054688,0.791015625,0.997070313,-0.041015625,0.981493896,0.997913568
0.2,7,2,3,2,18,1,1.020227881,-0.05122506,-1.05122506,0.998046875,-0.03125,0.495117188,-0.866210938,0.998535992,0.997728629
0.2,7,2,3,3,18,1,0.994468446,0.05122506,-0.94877494,0.998046875,0.036132813,0.565429688,-0.8046875,0.998700728,0.983479895
0.2,7,2,3,4,18,1,0.988316069,1.05122506,0.05122506,0.494140625,0.865234375,0.997070313,0.063476563,0.996396247,0.999088826
0.2,7,2,3,5,18,1,0.972757667,0.94877494,-0.05122506,0.618164063,0.793945313,0.998046875,-0.063476563,1.006218648,1.000063417
0.2,7,2,3,6,18,1,0.989927666,-0.05122506,-1.05122506,0.997070313,-0.05078125,0.502929688,-0.858398438,0.998362631,0.994879967
0.2,7,2,3,7,18,1,1.008553004,0.05122506,-0.94877494,0.999023438,0.037109375,0.564453125,-0.826171875,0.999712426,1.000583478
0.2,7,2,3,8,18,1,0.975769059,1.05122506,0.05122506,0.51171875,0.868164063,1,0.0625,1.007752409,1.001951221
0.2,7,2,3,9,18,1,1.061430322,0.94877494,-0.05122506,0.549804688,0.815429688,0.999023438,-0.083984375,0.983468744,1.002547357
0.2,7,2,3,10,18,1,1.01629335,-0.05122506,-1.05122506,1,-0.034179688,0.505859375,-0.8828125,1.000583955,1.017473153
0.2,7,2,3,11,18,1,0.996006187,0.05122506,-0.94877494,0.997070313,0.056640625,0.587890625,-0.803710938,0.99867781,0.995774401
0.2,7,2,3,12,18,1,0.97145597,1.05122506,0.05122506,0.491210938,0.857421875,0.998046875,0.079101563,0.988160137,1.001176619
0.2,7,2,3,13,18,1,0.996510659,0.94877494,-0.05122506,0.586914063,0.796875,0.999023438,-0.060546875,0.989685749,1.00085651
0.2,7,2,3,14,18,1,0.981358721,-0.05122506,-1.05122506,0.999023438,-0.087890625,0.48046875,-0.875976563,1.002882142,0.999092167
0.2,7,2,3,15,18,1,0.96636627,0.05122506,-0.94877494,0.998046875,0.014648438,0.576171875,-0.80859375,0.998154368,0.992873548
0.2,7,2,3,16,18,1,0.990758802,1.05122506,0.05122506,0.501953125,0.856445313,0.997070313,0.049804688,0.99270112,0.998313435
0.2,7,2,3,17,18,1,0.961837846,0.94877494,-0.05122506,0.57421875,0.794921875,0.999023438,-0.016601563,0.98062631,0.999161369
0.2,7,2,3,18,18,1,1.031981908,-0.05122506,-1.05122506,0.999023438,-0.01953125,0.499023438,-0.873046875,0.999214341,1.005601928
0.2,7,2,3,19,18,1,1.028301491,0.05122506,-0.94877494,0.998046875,0.05078125,0.568359375,-0.842773438,0.999337931,1.016513377
0.2,7,2,3,20,18,1,0.94343825,1.05122506,0.05122506,0.526367188,0.869140625,1,0.083007813,1.016104248,1.003439234
0.2,7,2,3,21,18,1,1.058463883,0.94877494,-0.05122506,0.55078125,0.818359375,0.998046875,-0.080078125,0.986444145,1.001254249
0.2,7,2,3,22,18,1,1.000316717,-0.05122506,-1.05122506,0.998046875,-0.044921875,0.506835938,-0.874023438,0.999057325,1.010346296
0.2,7,2,3,23,18,1,1.027509931,0.05122506,-0.94877494,0.998046875,0.080078125,0.577148438,-0.802734375,1.001254249,0.988677296
0.2,7,2,3,24,18,1,1.001727233,1.05122506,0.05122506,0.487304688,0.864257813,0.999023438,0.055664063,0.992173082,1.000572994
0.2,7,2,3,25,18,1,1.051101295,0.94877494,-0.05122506,0.560546875,0.825195313,1,-0.077148438,0.997577116,1.002971526
0.2,7,2,3,26,18,1,0.990863356,-0.05122506,-1.05122506,0.997070313,-0.0625,0.495117188,-0.870117188,0.999027256,1.001121845
0.2,7,2,3,27,18,1,0.969457474,0.05122506,-0.94877494,0.999023438,0.018554688,0.58203125,-0.815429688,0.999195729,1.00184128
0.2,7,2,3,28,18,1,0.999254942,1.05122506,0.05122506,0.5,0.874023438,0.99609375,0.051757813,1.006934441,0.997437532
0.2,7,2,3,29,18,1,1.00131343,0.94877494,-0.05122506,0.58203125,0.81640625,0.998046875,-0.049804688,1.002636295,0.999288783
0.2,7,2,3,30,18,1,0.934186917,-0.05122506,-1.05122506,0.99609375,-0.090820313,0.528320313,-0.870117188,1.000225519,1.017951999
0.2,7,2,3,31,18,1,1.023917548,0.05122506,-0.94877494,0.998046875,0.067382813,0.58203125,-0.825195313,1.000318953,1.009805763
0.2,7,0,1,0,19,1.175663354,1.186504271,1.587831677,0.412168323,-0.029296875,1,0.918945313,0.403320313,1.000429061,1.003557553
0.2,7,0,1,1,19,1.029236884,1.038457565,1.514618442,0.485381558,0.063476563,0.999023438,0.892578125,0.452148438,1.001038013,1.000566799
0.2,7,0,1,2,19,0.970763116,0.98618115,0.485381558,-0.485381558,0.876953125,0.490234375,0.879882813,-0.454101563,1.004677324,0.99015251
0.2,7,0,1,3,19,0.824336646,0.832690549,0.412168323,-0.412168323,0.928710938,0.385742188,0.915039063,-0.4296875,1.005634646,1.010904463
0.2,7,0,1,4,19,1.175663354,1.179025695,1.587831677,0.412168323,-0.036132813,1,0.93359375,0.42578125,1.000652577,1.026102803
0.2,7,0,1,5,19,1.029236884,1.044457778,1.514618442,0.485381558,0.040039063,0.998046875,0.888671875,0.469726563,0.998849684,1.005176972
0.2,7,0,1,6,19,0.970763116,0.988685357,0.485381558,-0.485381558,0.869140625,0.46484375,0.8828125,-0.479492188,0.985639456,1.00462464
0.2,7,0,1,7,19,0.824336646,0.812214339,0.412168323,-0.412168323,0.916015625,0.376953125,0.905273438,-0.40625,0.990544438,0.992249494
0.2,7,0,1,8,19,1.175663354,1.210633928,1.587831677,0.412168323,-0.025390625,0.999023438,0.928710938,0.376953125,0.999346042,1.002296196
0.2,7,0,1,9,19,1.029236884,1.058129102,1.514618442,0.485381558,0.05078125,0.999023438,0.884765625,0.440429688,1.000313233,0.988326121
0.2,7,0,1,10,19,0.970763116,0.933785712,0.485381558,-0.485381558,0.88671875,0.442382813,0.897460938,-0.45703125,0.990945354,1.00713142
0.2,7,0,1,11,19,0.824336646,0.815581541,0.412168323,-0.412168323,0.903320313,0.384765625,0.922851563,-0.404296875,0.981851401,1.007527156
0.2,7,0,1,12,19,1.175663354,1.143844788,1.587831677,0.412168323,-0.0078125,1,0.918945313,0.426757813,1.000030517,1.013204184
0.2,7,0,1,13,19,1.029236884,1.034656416,1.514618442,0.485381558,0.041992188,0.99609375,0.874023438,0.470703125,0.996978487,0.992712648
0.2,7,0,1,14,19,0.970763116,0.986396951,0.485381558,-0.485381558,0.884765625,0.458984375,0.880859375,-0.490234375,0.996733098,1.008088776
0.2,7,0,1,15,19,0.824336646,0.824049171,0.412168323,-0.412168323,0.903320313,0.40625,0.91796875,-0.389648438,0.990467894,0.997242463
0.2,7,0,1,16,19,1.175663354,1.156263994,0.587831677,-0.587831677,0.8359375,0.545898438,0.819335938,-0.534179688,0.998397019,0.978089626
0.2,7,0,1,17,19,1.029236884,1.04795676,0.514618442,-0.514618442,0.862304688,0.505859375,0.854492188,-0.486328125,0.999731505,0.983194764
0.2,7,0,1,18,19,0.970763116,0.961018009,-0.514618442,-1.485381558,0.87890625,-0.48828125,0.102539063,-0.995117188,1.005432631,1.000386164
0.2,7,0,1,19,19,0.824336646,0.801140968,-0.587831677,-1.412168323,0.819335938,-0.5625,0.16796875,-0.990234375,0.99383984,1.00437922
0.2,7,0,1,20,19,1.175663354,1.217034976,0.587831677,-0.587831677,0.80078125,0.543945313,0.844726563,-0.603515625,0.96805326,1.038168616
0.2,7,0,1,21,19,1.029236884,1.006473256,0.514618442,-0.514618442,0.850585938,0.470703125,0.891601563,-0.48828125,0.972140869,1.016549028
0.2,7,0,1,22,19,0.970763116,0.94167765,-0.514618442,-1.485381558,0.872070313,-0.490234375,0.1171875,-0.997070313,1.000418099,1.003933324
0.2,7,0,1,23,19,0.824336646,0.833512925,-0.587831677,-1.412168323,0.852539063,-0.56640625,0.150390625,-0.989257813,1.023542326,1.000623985
0.2,7,0,1,24,19,1.175663354,1.173851658,0.587831677,-0.587831677,0.842773438,0.5625,0.83984375,-0.556640625,1.013248892,1.007564544
0.2,7,0,1,25,19,1.029236884,1.020923051,0.514618442,-0.514618442,0.874023438,0.50390625,0.873046875,-0.474609375,1.008879814,0.993712687
0.2,7,0,1,26,19,0.970763116,0.925819549,-0.514618442,-1.485381558,0.870117188,-0.526367188,0.100585938,-0.993164063,1.016939691,0.998244652
0.2,7,0,1,27,19,0.824336646,0.820147541,-0.587831677,-1.412168323,0.830078125,-0.538085938,0.17578125,-0.991210938,0.989225035,1.006676795
0.2,7,0,1,28,19,1.175663354,1.169940529,0.587831677,-0.587831677,0.827148438,0.541992188,0.838867188,-0.561523438,0.988903468,1.009458632
0.2,7,0,1,29,19,1.029236884,1.023318874,0.514618442,-0.514618442,0.856445313,0.477539063,0.872070313,-0.493164063,0.980582546,1.001856987
0.2,7,0,1,30,19,0.970763116,0.966808265,-0.514618442,-1.485381558,0.872070313,-0.482421875,0.098632813,-0.99609375,0.996613012,1.00096513
0.2,7,0,1,31,19,0.824336646,0.832871096,-0.587831677,-1.412168323,0.821289063,-0.533203125,0.161132813,-0.985351563,0.979194208,0.998439525
0.2,7,2,3,0,19,1,0.985608635,1.05122506,0.05122506,0.504882813,0.86328125,0.993164063,0.055664063,1.000080582,0.994722747
0.2,7,2,3,1,19,1,0.996279123,0.94877494,-0.05122506,0.583984375,0.798828125,0.997070313,-0.056640625,0.989527222,0.99867781
0.2,7,2,3,2,19,1,0.994856476,-0.05122506,-1.05122506,0.998046875,-0.059570313,0.487304688,-0.858398438,0.999823078,0.987073318
0.2,7,2,3,3,19,1,1.004246229,0.05122506,-0.94877494,0.999023438,0.059570313,0.579101563,-0.80078125,1.000797907,0.988235412
0.2,7,2,3,4,19,1,1.04568283,1.05122506,0.05122506,0.479492188,0.866210938,0.999023438,0.01953125,0.990067748,0.999214341
0.2,7,2,3,5,19,1,0.966330308,0.94877494,-0.05122506,0.599609375,0.80078125,0.995117188,-0.038085938,1.00039093,0.995845749
0.2,7,2,3,6,19,1,0.987993485,-0.05122506,-1.05122506,0.998046875,-0.041992188,0.516601563,-0.860351563,0.998929882,1.003534746
0.2,7,2,3,7,19,1,0.981953211,0.05122506,-0.94877494,0.998046875,0.040039063,0.591796875,-0.813476563,0.998849684,1.005966033
0.2,7,2,3,8,19,1,0.98272107,1.05122506,0.05122506,0.509765625,0.865234375,0.999023438,0.055664063,1.004236783,1.000572994
0.2,7,2,3,9,19,1,0.940675709,0.94877494,-0.05122506,0.595703125,0.784179688,1,-0.01953125,0.984784238,1.000190717
0.2,7,2,3,10,19,1,1.039534895,-0.05122506,-1.05122506,1,-0.033203125,0.466796875,-0.858398438,1.000551072,0.977111662
0.2,7,2,3,11,19,1,1.018061059,0.05122506,-0.94877494,0.999023438,0.061523438,0.577148438,-0.818359375,1.000916061,1.001405205
0.2,7,2,3,12,19,1,1.034921449,1.05122506,0.05122506,0.45703125,0.865234375,0.997070313,0.049804688,0.978523422,0.998313435
0.2,7,2,3,13,19,1,1.015406195,0.94877494,-0.05122506,0.567382813,0.818359375,0.998046875,-0.05078125,0.995808879,0.999337931
0.2,7,2,3,14,19,1,1.000693972,-0.05122506,-1.05122506,0.998046875,-0.068359375,0.474609375,-0.865234375,1.00038521,0.986855908
0.2,7,2,3,15,19,1,0.991596734,0.05122506,-0.94877494,0.999023438,0.05859375,0.58984375,-0.795898438,1.000740254,0.990641192
0.2,7,2,3,16,19,1,1.021956867,1.05122506,0.05122506,0.48046875,0.881835938,0.99609375,0.049804688,1.004233459,0.99733809
0.2,7,2,3,17,19,1,0.977239838,0.94877494,-0.05122506,0.572265625,0.806640625,0.998046875,-0.0234375,0.989018222,0.998322033
0.2,7,2,3,18,19,1,0.9963317,-0.05122506,-1.05122506,0.997070313,-0.056640625,0.50390625,-0.884765625,0.99867781,1.018200236
0.2,7,2,3,19,19,1,0.986489629,0.05122506,-0.94877494,1,0.030273438,0.587890625,-0.833007813,1.000458136,1.019567262
0.2,7,2,3,20,19,1,0.96126548,1.05122506,0.05122506,0.518554688,0.853515625,0.997070313,0.063476563,0.998693089,0.999088826
0.2,7,2,3,21,19,1,0.980395972,0.94877494,-0.05122506,0.62109375,0.815429688,0.999023438,-0.060546875,1.025028303,1.00085651
0.2,7,2,3,22,19,1,1.024130765,-0.05122506,-1.05122506,0.998046875,-0.020507813,0.505859375,-0.87109375,0.998257549,1.007322207
0.2,7,2,3,23,19,1,0.966219696,0.05122506,-0.94877494,0.997070313,0.0234375,0.587890625,-0.809570313,0.99734574,1.000509609
0.2,7,2,3,24,19,1,0.992036682,1.05122506,0.05122506,0.48828125,0.874023438,0.999023438,0.069335938,1.001167093,1.001426633
0.2,7,2,3,25,19,1,1.034517157,0.94877494,-0.05122506,0.581054688,0.825195313,0.997070313,-0.077148438,1.009243208,1.000050543
0.2,7,2,3,26,19,1,1.012472612,-0.05122506,-1.05122506,0.999023438,-0.046875,0.4921875,-0.876953125,1.00012254,1.005631801
0.2,7,2,3,27,19,1,1.004138275,0.05122506,-0.94877494,0.999023438,0.05078125,0.5859375,-0.825195313,1.000313233,1.01206228
0.2,7,2,3,28,19,1,1.000360742,1.05122506,0.05122506,0.4921875,0.856445313,0.999023438,0.048828125,0.987799124,1.000215984
0.2,7,2,3,29,19,1,0.988712986,0.94877494,-0.05122506,0.568359375,0.826171875,1,-0.020507813,1.002792275,1.000210263
0.2,7,2,3,30,19,1,1.007275136,-0.05122506,-1.05122506,0.998046875,-0.038085938,0.497070313,-0.857421875,0.998773299,0.991085853
0.2,7,2,3,31,19,1,1.007865517,0.05122506,-0.94877494,0.998046875,0.044921875,0.551757813,-0.79296875,0.999057325,0.96604147
0.1,2,0,1,0,0,1,0.941514058,0.5,-0.5,0.876953125,0.446289063,0.875,-0.4453125,0.983982068,0.981798463
0.1,2,0,1,0,1,1,1.042716879,0.5,-0.5,0.87890625,0.4921875,0.845703125,-0.498046875,1.007335461,0.981460374
0.1,2,0,1,0,2,1,1.031362157,0.5,-0.5,0.887695313,0.51171875,0.869140625,-0.484375,1.024626296,0.994999782
0.1,2,0,1,0,3,1,0.985669456,0.5,-0.5,0.891601563,0.489257813,0.8828125,-0.463867188,1.017018463,0.997261589
0.1,2,0,1,0,4,1,0.987603571,0.5,-0.5,0.889648438,0.46875,0.8828125,-0.485351563,1.005584857,1.00743439
0.1,2,0,1,0,5,1,1.026336375,0.5,-0.5,0.857421875,0.483398438,0.872070313,-0.491210938,0.984299914,1.000897005
0.1,2,0,1,0,6,1,0.969830744,0.5,-0.5,0.872070313,0.4609375,0.872070313,-0.458007813,0.986392421,0.985026795
0.1,2,0,1,0,7,1,1.043837254,0.5,-0.5,0.87890625,0.5,0.870117188,-0.505859375,1.011175651,1.006477832
0.1,2,0,1,0,8,1,0.975956003,0.5,-0.5,0.872070313,0.452148438,0.880859375,-0.478515625,0.982316059,1.002442239
0.1,2,0,1,0,9,1,1.016023745,0.5,-0.5,0.877929688,0.509765625,0.87890625,-0.46875,1.015195316,0.99609375
0.1,2,0,1,0,10,1,0.97798804,0.5,-0.5,0.877929688,0.442382813,0.880859375,-0.494140625,0.983088546,1.009994156
0.1,2,0,1,0,11,1,0.984476747,0.5,-0.5,0.87109375,0.453125,0.873046875,-0.482421875,0.981899479,0.997467649
0.1,2,0,1,0,12,1,0.949501132,0.5,-0.5,0.8984375,0.458984375,0.887695313,-0.458984375,1.008888794,0.999334591
0.1,2,0,1,0,13,1,1.025117,0.5,-0.5,0.861328125,0.487304688,0.891601563,-0.499023438,0.989622149,1.021752288
0.1,2,0,1,0,14,1,0.961732006,0.5,-0.5,0.86328125,0.4921875,0.883789063,-0.419921875,0.993731881,0.978477127
0.1,2,0,1,0,15,1,1.014880801,0.5,-0.5,0.877929688,0.486328125,0.866210938,-0.483398438,1.003631198,0.991965442
0.1,2,0,1,0,16,1,0.998231047,0.5,-0.5,0.907226563,0.470703125,0.874023438,-0.5,1.022067252,1.006934441
0.1,2,0,1,0,17,1,0.992862757,0.5,-0.5,0.8828125,0.474609375,0.875,-0.477539063,1.002303332,0.996829251
0.1,2,0,1,0,18,1,1.032980855,0.5,-0.5,0.89453125,0.508789063,0.859375,-0.487304688,1.029102749,0.987922694
0.1,2,0,1,0,19,1,0.99418755,0.5,-0.5,0.885742188,0.482421875,0.881835938,-0.4765625,1.008598081,1.002370409
0.1,3,0,1,0,0,1.036606618,0.98366262,0.518303309,-0.518303309,0.87109375,0.463867188,0.864257813,-0.465820313,0.986902776,0.981799435
0.1,3,0,1,1,0,0.963393382,0.985380899,0.481696691,-0.481696691,0.875976563,0.47265625,0.901367188,-0.481445313,0.995358663,1.021886684
0.1,3,0,1,0,1,1.036606618,1.075887546,0.518303309,-0.518303309,0.870117188,0.5078125,0.8359375,-0.509765625,1.007460895,0.979108011
0.1,3,0,1,1,1,0.963393382,0.961683281,0.481696691,-0.481696691,0.885742188,0.450195313,0.88671875,-0.474609375,0.993586958,1.005745594
0.1,3,0,1,0,2,1.036606618,1.064873014,0.518303309,-0.518303309,0.87890625,0.528320313,0.864257813,-0.499023438,1.025474792,0.997980941
0.1,3,0,1,1,2,0.963393382,0.976271554,0.481696691,-0.481696691,0.876953125,0.469726563,0.870117188,-0.458007813,0.994831557,0.983298061
0.1,3,0,1,0,3,1.036606618,1.020733132,0.518303309,-0.518303309,0.884765625,0.50390625,0.875,-0.481445313,1.018200236,0.998706458
0.1,3,0,1,1,3,0.963393382,0.980306591,0.481696691,-0.481696691,0.887695313,0.495117188,0.888671875,-0.453125,1.016436913,0.997526925
0.1,3,0,1,0,4,1.036606618,1.02165533,0.518303309,-0.518303309,0.880859375,0.483398438,0.872070313,-0.499023438,1.004782209,1.004754209
0.1,3,0,1,1,4,0.963393382,0.987021391,0.481696691,-0.481696691,0.88671875,0.5,0.899414063,-0.4609375,1.017973547,1.010647829
0.1,3,0,1,0,5,1.036606618,1.061778931,0.518303309,-0.518303309,0.848632813,0.500976563,0.861328125,-0.502929688,0.985472053,0.997408848
0.1,3,0,1,1,5,0.963393382,0.969323622,0.481696691,-0.481696691,0.885742188,0.465820313,0.879882813,-0.463867188,1.000763602,0.994669056
0.1,3,0,1,0,6,1.036606618,1.015929977,0.518303309,-0.518303309,0.862304688,0.478515625,0.860351563,-0.48046875,0.986177762,0.985421245
0.1,3,0,1,1,6,0.963393382,0.96577568,0.481696691,-0.481696691,0.881835938,0.471679688,0.885742188,-0.455078125,1.000058172,0.995808879
0.1,3,0,1,0,7,1.036606618,1.078738427,0.518303309,-0.518303309,0.873046875,0.517578125,0.856445313,-0.517578125,1.014937417,1.000692605
0.1,3,0,1,1,7,0.963393382,0.98458899,0.481696691,-0.481696691,0.869140625,0.465820313,0.864257813,-0.463867188,0.986100395,0.98087427
0.1,3,0,1,0,8,1.036606618,1.010681243,0.518303309,-0.518303309,0.8671875,0.467773438,0.87109375,-0.494140625,0.985305105,1.001488531
0.1,3,0,1,1,8,0.963393382,1.018578602,0.481696691,-0.481696691,0.8828125,0.491210938,0.888671875,-0.498046875,1.010270308,1.018718995
0.1,3,0,1,0,9,1.036606618,1.054431082,0.518303309,-0.518303309,0.870117188,0.52734375,0.872070313,-0.487304688,1.017445503,0.99898573
0.1,3,0,1,1,9,0.963393382,0.965297301,0.481696691,-0.481696691,0.887695313,0.466796875,0.905273438,-0.47265625,1.002946803,1.02123647
0.1,3,0,1,0,10,1.036606618,1.023999307,0.518303309,-0.518303309,0.870117188,0.461914063,0.873046875,-0.518554688,0.985123607,1.015435773
0.1,3,0,1,1,10,0.963393382,1.016306928,0.481696691,-0.481696691,0.87109375,0.508789063,0.8671875,-0.459960938,1.008796625,0.981620204
0.1,3,0,1,0,11,1.036606618,1.026574196,0.518303309,-0.518303309,0.861328125,0.467773438,0.865234375,-0.505859375,0.980152094,1.002259563
0.1,3,0,1,1,11,0.963393382,0.936503948,0.481696691,-0.481696691,0.903320313,0.419921875,0.883789063,-0.484375,0.996153587,1.007820543
0.1,3,0,1,0,12,1.036606618,0.991359094,0.518303309,-0.518303309,0.888671875,0.473632813,0.875976563,-0.48046875,1.007008313,0.999092167
0.1,3,0,1,1,12,0.963393382,0.973602404,0.481696691,-0.481696691,0.875976563,0.4609375,0.889648438,-0.473632813,0.989847623,1.007870222
0.1,3,0,1,0,13,1.036606618,1.065853738,0.518303309,-0.518303309,0.853515625,0.506835938,0.88671875,-0.51953125,0.992658849,1.027707576
0.1,3,0,1,1,13,0.963393382,0.994132888,0.481696691,-0.481696691,0.87109375,0.45703125,0.90234375,-0.505859375,0.983708232,1.034465055
0.1,3,0,1,0,14,1.036606618,0.991044953,0.518303309,-0.518303309,0.858398438,0.500976563,0.87890625,-0.438476563,0.993894056,0.982210717
0.1,3,0,1,1,14,0.963393382,0.939962666,0.481696691,-0.481696691,0.877929688,0.431640625,0.87890625,-0.4609375,0.978301674,0.99244122
0.1,3,0,1,0,15,1.036606618,1.046192863,0.518303309,-0.518303309,0.875,0.502929688,0.857421875,-0.49609375,1.009238956,0.990596427
0.1,3,0,1,1,15,0.963393382,0.94267862,0.481696691,-0.481696691,0.875,0.4375,0.881835938,-0.458007813,0.97827974,0.993682936
0.1,3,0,1,0,16,1.036606618,1.0336474,0.518303309,-0.518303309,0.896484375,0.486328125,0.865234375,-0.514648438,1.019901603,1.006724162
0.1,3,0,1,1,16,0.963393382,0.944760691,0.481696691,-0.481696691,0.890625,0.4453125,0.88671875,-0.462890625,0.995749021,1.0002689
0.1,3,0,1,0,17,1.036606618,1.027625841,0.518303309,-0.518303309,0.873046875,0.489257813,0.864257813,-0.491210938,1.000791713,0.994097456
0.1,3,0,1,1,17,0.963393382,0.950642818,0.481696691,-0.481696691,0.895507813,0.458007813,0.899414063,-0.465820313,1.005835672,1.01288411
0.1,3,0,1,0,18,1.036606618,1.063298464,0.518303309,-0.518303309,0.884765625,0.5234375,0.853515625,-0.499023438,1.028006336,0.988692729
0.1,3,0,1,1,18,0.963393382,0.981781334,0.481696691,-0.481696691,0.862304688,0.442382813,0.865234375,-0.481445313,0.969160424,0.99016166
0.1,3,0,1,0,19,1.036606618,1.035989946,0.518303309,-0.518303309,0.877929688,0.50390625,0.875,-0.495117188,1.012265798,1.005368604
0.1,3,0,1,1,19,0.963393382,0.926849909,0.481696691,-0.481696691,0.890625,0.443359375,0.893554688,-0.448242188,0.994877091,0.999680468
0.1,4,0,1,0,0,1.087831677,1.042655299,1.043915839,-0.043915839,0.506835938,0.84765625,0.999023438,-0.010742188,0.987625327,0.99908119
0.1,4,0,1,1,0,1.014618442,1.033596661,1.007309221,-0.007309221,0.524414063,0.857421875,1,-0.01171875,1.005078296,1.000068662
0.1,4,0,1,2,0,0.985381558,0.964885634,-0.007309221,-0.992690779,1,-0.022460938,0.557617188,-0.844726563,1.000252215,1.012175821
0.1,4,0,1,3,0,0.912168323,0.977011534,-0.043915839,-0.956084161,0.999023438,-0.030273438,0.53125,-0.840820313,0.999482021,0.994588036
0.1,4,2,3,0,0,1,0.985257997,1.02561253,0.02561253,0.530273438,0.831054688,0.999023438,0.017578125,0.985820375,0.999178072
0.1,4,2,3,1,0,1,1.027783856,0.97438747,-0.02561253,0.55078125,0.836914063,1,-0.0390625,1.001890779,1.000762649
0.1,4,2,3,2,0,1,0.992566491,-0.02561253,-1.02561253,0.999023438,-0.0703125,0.479492188,-0.861328125,1.001494721,0.985798609
0.1,4,2,3,3,0,1,1.01575779,0.02561253,-0.97438747,0.999023438,0.038085938,0.559570313,-0.830078125,0.999749152,1.001073738
0.1,4,0,1,0,1,1.087831677,1.120136432,1.043915839,-0.043915839,0.497070313,0.874023438,0.998046875,-0.06640625,1.005482901,1.000253645
0.1,4,0,1,1,1,1.014618442,1.02985723,1.007309221,-0.007309221,0.532226563,0.838867188,0.999023438,-0.024414063,0.993460252,0.999321708
0.1,4,0,1,2,1,0.985381558,0.979034071,-0.007309221,-0.992690779,1,-0.016601563,0.55078125,-0.849609375,1.000137796,1.012519667
0.1,4,0,1,3,1,0.912168323,0.902516906,-0.043915839,-0.956084161,0.995117188,-0.030273438,0.598632813,-0.807617188,0.99557757,1.005289394
0.1,4,2,3,0,1,1,1.000976957,1.02561253,0.02561253,0.518554688,0.856445313,1,0.025390625,1.001198051,1.00032229
0.1,4,2,3,1,1,1,0.984575649,0.97438747,-0.02561253,0.584960938,0.813476563,0.997070313,-0.037109375,1.001959788,0.99776065
0.1,4,2,3,2,1,1,1.013565248,-0.02561253,-1.02561253,1,-0.015625,0.508789063,-0.845703125,1.000122063,0.986954956
0.1,4,2,3,3,1,1,1.030815955,0.02561253,-0.97438747,1,0.03125,0.541015625,-0.841796875,1.000488162,1.000659725
0.1,4,0,1,0,2,1.087831677,1.087795266,1.043915839,-0.043915839,0.5234375,0.883789063,1,-0.051757813,1.027165967,1.00133854
0.1,4,0,1,1,2,1.014618442,1.023706696,1.007309221,-0.007309221,0.526367188,0.841796875,1,-0.01171875,0.992816395,1.000068662
0.1,4,0,1,2,2,0.985381558,0.970746901,-0.007309221,-0.992690779,1,-0.018554688,0.548828125,-0.834960938,1.000172123,0.999185707
0.1,4,0,1,3,2,0.912168323,0.903121538,-0.043915839,-0.956084161,0.998046875,-0.045898438,0.584960938,-0.81640625,0.999101712,1.004339815
0.1,4,2,3,0,2,1,1.022989453,1.02561253,0.02561253,0.51953125,0.8515625,0.999023438,0,0.997532662,0.999023438
0.1,4,2,3,1,2,1,0.984421503,0.97438747,-0.02561253,0.568359375,0.801757813,0.999023438,-0.030273438,0.982775645,0.999482021
0.1,4,2,3,2,2,1,1.004311599,-0.02561253,-1.02561253,0.998046875,-0.032226563,0.5078125,-0.858398438,0.998567031,0.997357214
0.1,4,2,3,3,2,1,1.014657185,0.02561253,-0.97438747,1,0.010742188,0.530273438,-0.833007813,1.000057696,0.987467435
0.1,4,0,1,0,3,1.087831677,1.046062367,1.043915839,-0.043915839,0.53125,0.866210938,0.999023438,-0.025390625,1.016143666,0.999346042
0.1,4,0,1,1,3,1.014618442,1.033439232,1.007309221,-0.007309221,0.532226563,0.862304688,1,-0.015625,1.013328421,1.000122063
0.1,4,0,1,2,3,0.985381558,0.942323311,-0.007309221,-0.992690779,0.999023438,-0.026367188,0.56640625,-0.82421875,0.999371331,1.000076291
0.1,4,0,1,3,3,0.912168323,0.917835818,-0.043915839,-0.956084161,0.998046875,-0.043945313,0.569335938,-0.81640625,0.999013891,0.995320338
0.1,4,2,3,0,3,1,1.023123039,1.02561253,0.02561253,0.50390625,0.842773438,1,0.008789063,0.981931044,1.000038623
0.1,4,2,3,1,3,1,0.992005058,0.97438747,-0.02561253,0.546875,0.836914063,0.998046875,0,0.999748675,0.998046875
0.1,4,2,3,2,3,1,0.955768396,-0.02561253,-1.02561253,1,-0.051757813,0.5390625,-0.853515625,1.00133854,1.009493586
0.1,4,2,3,3,3,1,0.994307886,0.02561253,-0.97438747,1,0.015625,0.551757813,-0.8203125,1.000122063,0.988609772
0.1,4,0,1,0,4,1.087831677,1.076033913,1.043915839,-0.043915839,0.517578125,0.856445313,0.999023438,-0.048828125,1.000692605,1.000215984
0.1,4,0,1,1,4,1.014618442,1.006677377,1.007309221,-0.007309221,0.5234375,0.862304688,1,0.018554688,1.008739902,1.000172123
0.1,4,0,1,2,4,0.985381558,1.041220803,-0.007309221,-0.992690779,1,0.015625,0.508789063,-0.838867188,1.000122063,0.981103699
0.1,4,0,1,3,4,0.912168323,0.885147887,-0.043915839,-0.956084161,0.999023438,-0.087890625,0.5546875,-0.814453125,1.002882142,0.98539947
0.1,4,2,3,0,4,1,0.98315471,1.02561253,0.02561253,0.513671875,0.85546875,0.999023438,0.046875,0.997840457,1.00012254
0.1,4,2,3,1,4,1,0.992517408,0.97438747,-0.02561253,0.56640625,0.830078125,1,-0.020507813,1.004910809,1.000210263
0.1,4,2,3,2,4,1,0.984889652,-0.02561253,-1.02561253,0.999023438,-0.04296875,0.518554688,-0.859375,0.99994707,1.003705313
0.1,4,2,3,3,4,1,0.975791541,0.02561253,-0.97438747,1,0.017578125,0.5703125,-0.811523438,1.000154483,0.991880354
0.1,4,0,1,0,5,1.087831677,1.11572865,1.043915839,-0.043915839,0.485351563,0.866210938,0.999023438,-0.055664063,0.992918691,1.000572994
0.1,4,0,1,1,5,1.014618442,1.010369164,1.007309221,-0.007309221,0.534179688,0.845703125,0.999023438,-0.002929688,1.000280818,0.999027733
0.1,4,0,1,2,5,0.985381558,0.999749964,-0.007309221,-0.992690779,1,0.004882813,0.549804688,-0.846679688,1.000011921,1.009530429
0.1,4,0,1,3,5,0.912168323,0.973919609,-0.043915839,-0.956084161,1,-0.010742188,0.561523438,-0.845703125,1.000057696,1.015146466
0.1,4,2,3,0,5,1,0.96633525,1.02561253,0.02561253,0.51953125,0.834960938,0.999023438,0.047851563,0.983398438,1.000168786
0.1,4,2,3,1,5,1,1.024172428,0.97438747,-0.02561253,0.587890625,0.8203125,0.998046875,-0.075195313,1.009221475,1.000875567
0.1,4,2,3,2,5,1,1.007771828,-0.02561253,-1.02561253,1,-0.015625,0.524414063,-0.860351563,1.000122063,1.007578741
0.1,4,2,3,3,5,1,0.990757919,0.02561253,-0.97438747,0.999023438,0.020507813,0.560546875,-0.818359375,0.999233906,0.991929869
0.1,4,0,1,0,6,1.087831677,1.07232839,1.043915839,-0.043915839,0.493164063,0.85546875,0.997070313,-0.024414063,0.987439909,0.997369167
0.1,4,0,1,1,6,1.014618442,1.032325184,1.007309221,-0.007309221,0.528320313,0.842773438,1,-0.021484375,0.994680562,1.000230763
0.1,4,0,1,2,6,0.985381558,0.993055102,-0.007309221,-0.992690779,0.999023438,0.001953125,0.553710938,-0.845703125,0.999025347,1.010845971
0.1,4,0,1,3,6,0.912168323,0.926419798,-0.043915839,-0.956084161,0.999023438,-0.04296875,0.572265625,-0.833984375,0.99994707,1.011443465
0.1,4,2,3,0,6,1,1.023000437,1.02561253,0.02561253,0.498046875,0.87890625,0.999023438,0.032226563,1.010211308,0.999543086
0.1,4,2,3,1,6,1,1.017163689,0.97438747,-0.02561253,0.546875,0.815429688,0.999023438,-0.037109375,0.981833917,0.999712426
0.1,4,2,3,2,6,1,1.030223564,-0.02561253,-1.02561253,1,-0.00390625,0.501953125,-0.84375,1.000007629,0.981769322
0.1,4,2,3,3,6,1,0.971596033,0.02561253,-0.97438747,0.999023438,0.029296875,0.60546875,-0.833007813,0.999452918,1.029803099
0.1,4,0,1,0,7,1.087831677,1.111206644,1.043915839,-0.043915839,0.516601563,0.875976563,0.998046875,-0.073242188,1.016962198,1.000730724
0.1,4,0,1,1,7,1.014618442,1.006434093,1.007309221,-0.007309221,0.499023438,0.84375,1,0.030273438,0.980274683,1.000458136
0.1,4,0,1,2,7,0.985381558,1.017532576,-0.007309221,-0.992690779,1,0.020507813,0.537109375,-0.831054688,1.000210263,0.989514211
0.1,4,0,1,3,7,0.912168323,0.949509377,-0.043915839,-0.956084161,1,0,0.573242188,-0.80078125,1,0.98481329
0.1,4,2,3,0,7,1,1.044209315,1.02561253,0.02561253,0.512695313,0.872070313,0.998046875,-0.004882813,1.011614113,0.998058819
0.1,4,2,3,1,7,1,1.002532275,0.97438747,-0.02561253,0.563476563,0.834960938,1,-0.025390625,1.007306112,1.00032229
0.1,4,2,3,2,7,1,1.02948105,-0.02561253,-1.02561253,1,0.000976563,0.5078125,-0.842773438,1.000000477,0.983941361
0.1,4,2,3,3,7,1,0.987364714,0.02561253,-0.97438747,0.999023438,0.002929688,0.548828125,-0.826171875,0.999027733,0.991852952
0.1,4,0,1,0,8,1.087831677,1.079553196,1.043915839,-0.043915839,0.500976563,0.850585938,0.999023438,-0.041015625,0.987154473,0.999865046
0.1,4,0,1,1,8,1.014618442,0.991960179,1.007309221,-0.007309221,0.532226563,0.86328125,1,0.026367188,1.014159569,1.000347554
0.1,4,0,1,2,8,0.985381558,0.972157175,-0.007309221,-0.992690779,1,-0.01171875,0.5546875,-0.833984375,1.000068662,1.001602796
0.1,4,0,1,3,8,0.912168323,0.871487357,-0.043915839,-0.956084161,0.998046875,-0.083007813,0.5859375,-0.827148438,1.001492817,1.013655411
0.1,4,2,3,0,8,1,0.965756725,1.02561253,0.02561253,0.571289063,0.852539063,0.999023438,0.014648438,1.026252428,0.999130825
0.1,4,2,3,1,8,1,0.964781505,0.97438747,-0.02561253,0.577148438,0.817382813,1,-0.008789063,1.000607306,1.000038623
0.1,4,2,3,2,8,1,1.020377104,-0.02561253,-1.02561253,0.998046875,-0.0078125,0.517578125,-0.858398438,0.998077452,1.002364701
0.1,4,2,3,3,8,1,0.904964415,0.02561253,-0.97438747,1,-0.043945313,0.595703125,-0.831054688,1.00096513,1.022503842
0.1,4,0,1,0,9,1.087831677,1.082486008,1.043915839,-0.043915839,0.514648438,0.887695313,1,-0.037109375,1.02609258,1.000688316
0.1,4,0,1,1,9,1.014618442,1.020655085,1.007309221,-0.007309221,0.537109375,0.84765625,1,-0.014648438,1.003497683,1.000107283
0.1,4,0,1,2,9,0.985381558,1.015599554,-0.007309221,-0.992690779,0.999023438,-0.0078125,0.513671875,-0.842773438,0.999053984,0.986978147
0.1,4,0,1,3,9,0.912168323,0.903783913,-0.043915839,-0.956084161,0.999023438,-0.043945313,0.590820313,-0.822265625,0.99998951,1.01251637
0.1,4,2,3,0,9,1,1.04682605,1.02561253,0.02561253,0.521484375,0.857421875,1,-0.022460938,1.003552801,1.000252215
0.1,4,2,3,1,9,1,1.023989099,0.97438747,-0.02561253,0.5625,0.821289063,0.999023438,-0.053710938,0.995450639,1.000466238
0.1,4,2,3,2,9,1,0.983349639,-0.02561253,-1.02561253,0.999023438,-0.057617188,0.50390625,-0.860351563,1.000683551,0.997058835
0.1,4,2,3,3,9,1,1.025847784,0.02561253,-0.97438747,1,0.049804688,0.565429688,-0.8359375,1.001239485,1.009208717
0.1,4,0,1,0,10,1.087831677,1.102796267,1.043915839,-0.043915839,0.500976563,0.842773438,0.999023438,-0.068359375,0.980430815,1.001359492
0.1,4,0,1,1,10,1.014618442,1.06365147,1.007309221,-0.007309221,0.501953125,0.873046875,1,-0.014648438,1.007058978,1.000107283
0.1,4,0,1,2,10,0.985381558,0.991514843,-0.007309221,-0.992690779,1,0.002929688,0.540039063,-0.8203125,1.000004292,0.982117501
0.1,4,0,1,3,10,0.912168323,0.949754672,-0.043915839,-0.956084161,1,-0.049804688,0.534179688,-0.831054688,1.001239485,0.987927038
0.1,4,2,3,0,10,1,1.039677517,1.02561253,0.02561253,0.498046875,0.857421875,0.999023438,0.004882813,0.991575999,0.99903537
0.1,4,2,3,1,10,1,0.971178122,0.97438747,-0.02561253,0.571289063,0.833984375,0.999023438,-0.000976563,1.010891256,0.999023915
0.1,4,2,3,2,10,1,0.996021404,-0.02561253,-1.02561253,0.998046875,-0.020507813,0.536132813,-0.866210938,0.998257549,1.018704953
0.1,4,2,3,3,10,1,1.033590642,0.02561253,-0.97438747,1,0.047851563,0.551757813,-0.833007813,1.001144231,0.999169004
0.1,4,0,1,0,11,1.087831677,1.091145561,1.043915839,-0.043915839,0.48828125,0.849609375,1,-0.041992188,0.979925849,1.000881284
0.1,4,0,1,1,11,1.014618442,0.984794198,1.007309221,-0.007309221,0.567382813,0.821289063,1,-0.018554688,0.998217902,1.000172123
0.1,4,0,1,2,11,0.985381558,0.986862524,-0.007309221,-0.992690779,1,0.020507813,0.571289063,-0.827148438,1.000210263,1.005259037
0.1,4,0,1,3,11,0.912168323,0.967778843,-0.043915839,-0.956084161,1,0.017578125,0.575195313,-0.8046875,1.000154483,0.989126696
0.1,4,2,3,0,11,1,0.987960141,1.02561253,0.02561253,0.501953125,0.854492188,1,0.051757813,0.991016568,1.00133854
0.1,4,2,3,1,11,1,1.003848605,0.97438747,-0.02561253,0.541015625,0.838867188,1,-0.005859375,0.998196406,1.000017166
0.1,4,2,3,2,11,1,0.99316891,-0.02561253,-1.02561253,0.999023438,-0.01953125,0.52734375,-0.844726563,0.999214341,0.995818455
0.1,4,2,3,3,11,1,0.951829759,0.02561253,-0.97438747,1,0.018554688,0.583007813,-0.787109375,1.000172123,0.979509713
0.1,4,0,1,0,12,1.087831677,1.026300407,1.043915839,-0.043915839,0.5390625,0.846679688,1,-0.022460938,1.003720515,1.000252215
0.1,4,0,1,1,12,1.014618442,1.031456528,1.007309221,-0.007309221,0.51953125,0.83984375,1,-0.014648438,0.987547591,1.000107283
0.1,4,0,1,2,12,0.985381558,1.035704579,-0.007309221,-0.992690779,1,0.026367188,0.521484375,-0.829101563,1.000347554,0.979466872
0.1,4,0,1,3,12,0.912168323,0.855875951,-0.043915839,-0.956084161,0.999023438,-0.068359375,0.607421875,-0.8046875,1.001359492,1.008207968
0.1,4,2,3,0,12,1,0.982879603,1.02561253,0.02561253,0.540039063,0.84375,0.999023438,0.018554688,1.001776548,0.999195729
0.1,4,2,3,1,12,1,1.020726178,0.97438747,-0.02561253,0.569335938,0.844726563,0.999023438,-0.04296875,1.01867874,0.99994707
0.1,4,2,3,2,12,1,0.973028409,-0.02561253,-1.02561253,1,-0.009765625,0.560546875,-0.840820313,1.000047683,1.01054025
0.1,4,2,3,3,12,1,0.992758334,0.02561253,-0.97438747,1,0.0078125,0.556640625,-0.838867188,1.000030517,1.006750686
0.1,4,0,1,0,13,1.087831677,1.149436328,1.043915839,-0.043915839,0.469726563,0.87109375,0.999023438,-0.073242188,0.989670331,1.00170467
0.1,4,0,1,1,13,1.014618442,1.060746476,1.007309221,-0.007309221,0.500976563,0.838867188,1,-0.028320313,0.977075061,1.00040094
0.1,4,0,1,2,13,0.985381558,0.996219723,-0.007309221,-0.992690779,1,-0.020507813,0.529296875,-0.85546875,1.000210263,1.005973143
0.1,4,0,1,3,13,0.912168323,0.882920244,-0.043915839,-0.956084161,1,-0.072265625,0.581054688,-0.821289063,1.00260776,1.006051825
0.1,4,2,3,0,13,1,1.014737696,1.02561253,0.02561253,0.5234375,0.834960938,1,-0.00390625,0.985467698,1.000007629
0.1,4,2,3,1,13,1,0.966597814,0.97438747,-0.02561253,0.53515625,0.80859375,0.999023438,0.01953125,0.969647392,0.999214341
0.1,4,2,3,2,13,1,0.964986333,-0.02561253,-1.02561253,0.999023438,-0.0390625,0.533203125,-0.837890625,0.999786831,0.993159741
0.1,4,2,3,3,13,1,0.982361266,0.02561253,-0.97438747,0.999023438,0.012695313,0.571289063,-0.833007813,0.999104098,1.010085743
0.1,4,0,1,0,14,1.087831677,1.037594392,1.043915839,-0.043915839,0.485351563,0.868164063,1,0.0234375,0.994623033,1.00027462
0.1,4,0,1,1,14,1.014618442,1.04341845,1.007309221,-0.007309221,0.51953125,0.822265625,1,-0.036132813,0.972642523,1.000652577
0.1,4,0,1,2,14,0.985381558,0.958877252,-0.007309221,-0.992690779,0.998046875,-0.00390625,0.587890625,-0.844726563,0.998054519,1.029163909
0.1,4,0,1,3,14,0.912168323,0.892274534,-0.043915839,-0.956084161,0.999023438,-0.038085938,0.60546875,-0.8125,0.999749152,1.013286069
0.1,4,2,3,0,14,1,1.000677669,1.02561253,0.02561253,0.536132813,0.854492188,0.999023438,0.009765625,1.008759283,0.999071167
0.1,4,2,3,1,14,1,0.976142341,0.97438747,-0.02561253,0.571289063,0.8203125,1,-0.013671875,0.999641831,1.000093456
0.1,4,2,3,2,14,1,1.016914042,-0.02561253,-1.02561253,0.998046875,-0.017578125,0.495117188,-0.833007813,0.998201661,0.969042334
0.1,4,2,3,3,14,1,0.942894646,0.02561253,-0.97438747,0.999023438,-0.009765625,0.588867188,-0.828125,0.999071167,1.01614742
0.1,4,0,1,0,15,1.087831677,1.089427001,1.043915839,-0.043915839,0.5078125,0.864257813,0.998046875,-0.049804688,1.00240466,0.999288783
0.1,4,0,1,1,15,1.014618442,1.049023952,1.007309221,-0.007309221,0.514648438,0.830078125,0.999023438,-0.033203125,0.97667431,0.999575048
0.1,4,0,1,2,15,0.985381558,0.947173264,-0.007309221,-0.992690779,0.999023438,-0.036132813,0.564453125,-0.84765625,0.999676652,1.018395036
0.1,4,0,1,3,15,0.912168323,0.920640092,-0.043915839,-0.956084161,0.999023438,-0.026367188,0.583984375,-0.811523438,0.999371331,0.999804001
0.1,4,2,3,0,15,1,1.053453342,1.02561253,0.02561253,0.478515625,0.846679688,1,0.002929688,0.972544959,1.000004292
0.1,4,2,3,1,15,1,0.996526249,0.97438747,-0.02561253,0.583007813,0.81640625,1,-0.045898438,1.003203506,1.001052779
0.1,4,2,3,2,15,1,0.992052359,-0.02561253,-1.02561253,0.999023438,-0.036132813,0.517578125,-0.858398438,0.999676652,1.002364701
0.1,4,2,3,3,15,1,0.987968857,0.02561253,-0.97438747,0.999023438,0.03125,0.57421875,-0.814453125,0.999512077,0.996524493
0.1,4,0,1,0,16,1.087831677,1.058076509,1.043915839,-0.043915839,0.560546875,0.853515625,0.998046875,-0.068359375,1.021127671,1.00038521
0.1,4,0,1,1,16,1.014618442,1.01412427,1.007309221,-0.007309221,0.541992188,0.8359375,1,-0.018554688,0.996266548,1.000172123
0.1,4,0,1,2,16,0.985381558,0.987086988,-0.007309221,-0.992690779,1,-0.016601563,0.529296875,-0.831054688,1.000137796,0.985295425
0.1,4,0,1,3,16,0.912168323,0.9270464,-0.043915839,-0.956084161,0.999023438,-0.036132813,0.583984375,-0.83984375,0.999676652,1.022924863
0.1,4,2,3,0,16,1,1.051052329,1.02561253,0.02561253,0.48828125,0.875,0.999023438,0.010742188,1.00201975,0.99908119
0.1,4,2,3,1,16,1,1.033233262,0.97438747,-0.02561253,0.544921875,0.8203125,1,-0.048828125,0.984810869,1.001191383
0.1,4,2,3,2,16,1,0.999524437,-0.02561253,-1.02561253,1,-0.009765625,0.549804688,-0.874023438,1.000047683,1.032570658
0.1,4,2,3,3,16,1,0.991227835,0.02561253,-0.97438747,1,0.009765625,0.565429688,-0.845703125,1.000047683,1.017312394
0.1,4,0,1,0,17,1.087831677,1.07802521,1.043915839,-0.043915839,0.513671875,0.857421875,0.997070313,-0.046875,0.999515416,0.998171565
0.1,4,0,1,1,17,1.014618442,0.994369499,1.007309221,-0.007309221,0.548828125,0.838867188,1,-0.002929688,1.002452228,1.000004292
0.1,4,0,1,2,17,0.985381558,0.9688214,-0.007309221,-0.992690779,1,-0.02734375,0.55078125,-0.850585938,1.00037377,1.013339244
0.1,4,0,1,3,17,0.912168323,0.908082947,-0.043915839,-0.956084161,1,-0.047851563,0.575195313,-0.814453125,1.001144231,0.997087529
0.1,4,2,3,0,17,1,1.011870463,1.02561253,0.02561253,0.528320313,0.865234375,1,0.010742188,1.013781474,1.000057696
0.1,4,2,3,1,17,1,1.044715568,0.97438747,-0.02561253,0.545898438,0.840820313,1,-0.049804688,1.002488854,1.001239485
0.1,4,2,3,2,17,1,0.986262512,-0.02561253,-1.02561253,1,-0.051757813,0.50390625,-0.854492188,1.00133854,0.992007262
0.1,4,2,3,3,17,1,1.009936949,0.02561253,-0.97438747,1,0.05078125,0.580078125,-0.827148438,1.001288538,1.010279748
0.1,4,0,1,0,18,1.087831677,1.078915098,1.043915839,-0.043915839,0.522460938,0.875976563,0.999023438,-0.045898438,1.01995116,1.000077245
0.1,4,0,1,1,18,1.014618442,1.057840079,1.007309221,-0.007309221,0.48828125,0.83984375,1,-0.013671875,0.971471103,1.000093456
0.1,4,0,1,2,18,0.985381558,0.968893171,-0.007309221,-0.992690779,0.999023438,-0.017578125,0.56640625,-0.856445313,0.999178072,1.026798234
0.1,4,0,1,3,18,0.912168323,0.90034689,-0.043915839,-0.956084161,1,-0.033203125,0.595703125,-0.8046875,1.000551072,1.001191383
0.1,4,2,3,0,18,1,0.997929734,1.02561253,0.02561253,0.500976563,0.84765625,0.999023438,0.0390625,0.984631217,0.999786831
0.1,4,2,3,1,18,1,1.013434614,0.97438747,-0.02561253,0.54296875,0.8203125,1,-0.02734375,0.983731498,1.00037377
0.1,4,2,3,2,18,1,0.978472887,-0.02561253,-1.02561253,1,-0.024414063,0.543945313,-0.852539063,1.000297979,1.011285991
0.1,4,2,3,3,18,1,0.995269461,0.02561253,-0.97438747,0.999023438,0.02734375,0.567382813,-0.82421875,0.999397573,1.000629704
0.1,4,0,1,0,19,1.087831677,1.08391422,1.043915839,-0.043915839,0.517578125,0.866210938,1,-0.051757813,1.009063181,1.00133854
0.1,4,0,1,1,19,1.014618442,0.989107935,1.007309221,-0.007309221,0.544921875,0.833984375,1,0.002929688,0.996227779,1.000004292
0.1,4,0,1,2,19,0.985381558,0.950754561,-0.007309221,-0.992690779,1,-0.043945313,0.534179688,-0.822265625,1.00096513,0.980545102
0.1,4,0,1,3,19,0.912168323,0.940049185,-0.043915839,-0.956084161,1,-0.025390625,0.577148438,-0.833984375,1.00032229,1.014214108
0.1,4,2,3,0,19,1,0.968403677,1.02561253,0.02561253,0.5234375,0.850585938,1,0.05078125,0.998740834,1.001288538
0.1,4,2,3,1,19,1,1.016338089,0.97438747,-0.02561253,0.547851563,0.815429688,0.999023438,-0.037109375,0.982378191,0.999712426
0.1,4,2,3,2,19,1,1.012972018,-0.02561253,-1.02561253,0.999023438,-0.025390625,0.509765625,-0.865234375,0.999346042,1.004236783
0.1,4,2,3,3,19,1,0.9826846,0.02561253,-0.97438747,1,-0.00390625,0.55078125,-0.833007813,1.000007629,0.998630062
0.1,5,0,1,0,0,1.087831677,1.042655299,1.043915839,-0.043915839,0.506835938,0.84765625,0.999023438,-0.010742188,0.987625327,0.99908119
0.1,5,0,1,1,0,1.014618442,1.033596661,1.007309221,-0.007309221,0.524414063,0.857421875,1,-0.01171875,1.005078296,1.000068662
0.1,5,0,1,2,0,0.985381558,0.964885634,-0.007309221,-0.992690779,1,-0.022460938,0.557617188,-0.844726563,1.000252215,1.012175821
0.1,5,0,1,3,0,0.912168323,0.977011534,-0.043915839,-0.956084161,0.999023438,-0.030273438,0.53125,-0.840820313,0.999482021,0.994588036
0.1,5,0,1,4,0,1.087831677,1.076533369,1.043915839,-0.043915839,0.508789063,0.838867188,0.99609375,-0.05078125,0.981103699,0.997387334
0.1,5,0,1,5,0,1.014618442,1.061467159,1.007309221,-0.007309221,0.518554688,0.854492188,1,-0.036132813,0.99952782,1.000652577
0.1,5,0,1,6,0,0.985381558,1.019426542,-0.007309221,-0.992690779,0.999023438,-0.013671875,0.501953125,-0.841796875,0.999116985,0.980091281
0.1,5,0,1,7,0,0.912168323,0.877625167,-0.043915839,-0.956084161,0.999023438,-0.087890625,0.56640625,-0.818359375,1.002882142,0.995252785
0.1,5,2,3,0,0,1,1.022564141,1.02561253,0.02561253,0.51171875,0.868164063,1,0.015625,1.007752409,1.000122063
0.1,5,2,3,1,0,1,1.035244623,0.97438747,-0.02561253,0.557617188,0.827148438,0.999023438,-0.057617188,0.997552738,1.000683551
0.1,5,2,3,2,0,1,1.00010584,-0.02561253,-1.02561253,1,-0.0078125,0.529296875,-0.838867188,1.000030517,0.991893815
0.1,5,2,3,3,0,1,0.996945204,0.02561253,-0.97438747,1,0.02734375,0.569335938,-0.830078125,1.00037377,1.006565002
0.1,5,2,3,4,0,1,0.968448609,1.02561253,0.02561253,0.518554688,0.830078125,0.999023438,0.043945313,0.978738299,0.99998951
0.1,5,2,3,5,0,1,1.000769979,0.97438747,-0.02561253,0.58203125,0.837890625,1,-0.037109375,1.020206389,1.000688316
0.1,5,2,3,6,0,1,1.006739827,-0.02561253,-1.02561253,0.999023438,-0.020507813,0.500976563,-0.829101563,0.999233906,0.96870373
0.1,5,2,3,7,0,1,1.043399156,0.02561253,-0.97438747,0.999023438,0.084960938,0.578125,-0.823242188,1.002629637,1.005960345
0.1,5,0,1,0,1,1.087831677,1.120136432,1.043915839,-0.043915839,0.497070313,0.874023438,0.998046875,-0.06640625,1.005482901,1.000253645
0.1,5,0,1,1,1,1.014618442,1.02985723,1.007309221,-0.007309221,0.532226563,0.838867188,0.999023438,-0.024414063,0.993460252,0.999321708
0.1,5,0,1,2,1,0.985381558,0.979034071,-0.007309221,-0.992690779,1,-0.016601563,0.55078125,-0.849609375,1.000137796,1.012519667
0.1,5,0,1,3,1,0.912168323,0.902516906,-0.043915839,-0.956084161,0.995117188,-0.030273438,0.598632813,-0.807617188,0.99557757,1.005289394
0.1,5,0,1,4,1,1.087831677,1.076498774,1.043915839,-0.043915839,0.502929688,0.861328125,0.999023438,-0.034179688,0.997408848,0.999607963
0.1,5,0,1,5,1,1.014618442,1.017212282,1.007309221,-0.007309221,0.556640625,0.830078125,0.999023438,-0.037109375,0.999439082,0.999712426
0.1,5,0,1,6,1,0.985381558,0.982439766,-0.007309221,-0.992690779,1,-0.010742188,0.541015625,-0.830078125,1.000057696,0.990821679
0.1,5,0,1,7,1,0.912168323,0.936446664,-0.043915839,-0.956084161,0.999023438,-0.046875,0.556640625,-0.8359375,1.00012254,1.004310853
0.1,5,2,3,0,1,1,1.010098916,1.02561253,0.02561253,0.5390625,0.860351563,1,0.000976563,1.015279858,1.000000477
0.1,5,2,3,1,1,1,1.017752435,0.97438747,-0.02561253,0.552734375,0.818359375,1,-0.041015625,0.987536002,1.000840787
0.1,5,2,3,2,1,1,1.000243592,-0.02561253,-1.02561253,1,-0.029296875,0.510742188,-0.849609375,1.000429061,0.99130907
0.1,5,2,3,3,1,1,1.023966576,0.02561253,-0.97438747,1,0.030273438,0.528320313,-0.811523438,1.000458136,0.968345311
0.1,5,2,3,4,1,1,1.012980829,1.02561253,0.02561253,0.528320313,0.848632813,1,0.000976563,0.99964994,1.000000477
0.1,5,2,3,5,1,1,1.005481468,0.97438747,-0.02561253,0.548828125,0.827148438,1,-0.020507813,0.992666534,1.000210263
0.1,5,2,3,6,1,1,0.982941661,-0.02561253,-1.02561253,0.999023438,-0.032226563,0.529296875,-0.852539063,0.999543086,1.003482952
0.1,5,2,3,7,1,1,1.046041163,0.02561253,-0.97438747,1,0.05078125,0.530273438,-0.817382813,1.001288538,0.974322627
0.1,5,0,1,0,2,1.087831677,1.087795266,1.043915839,-0.043915839,0.5234375,0.883789063,1,-0.051757813,1.027165967,1.00133854
0.1,5,0,1,1,2,1.014618442,1.023706696,1.007309221,-0.007309221,0.526367188,0.841796875,1,-0.01171875,0.992816395,1.000068662
0.1,5,0,1,2,2,0.985381558,0.970746901,-0.007309221,-0.992690779,1,-0.018554688,0.548828125,-0.834960938,1.000172123,0.999185707
0.1,5,0,1,3,2,0.912168323,0.903121538,-0.043915839,-0.956084161,0.998046875,-0.045898438,0.584960938,-0.81640625,0.999101712,1.004339815
0.1,5,0,1,4,2,1.087831677,1.067786899,1.043915839,-0.043915839,0.506835938,0.862304688,0.998046875,-0.028320313,1.000225995,0.998448599
0.1,5,0,1,5,2,1.014618442,1.00233615,1.007309221,-0.007309221,0.5390625,0.82421875,1,-0.010742188,0.984847667,1.000057696
0.1,5,0,1,6,2,0.985381558,0.973813256,-0.007309221,-0.992690779,0.998046875,-0.026367188,0.537109375,-0.836914063,0.998395109,0.99444036
0.1,5,0,1,7,2,0.912168323,0.933060302,-0.043915839,-0.956084161,1,-0.047851563,0.549804688,-0.821289063,1.001144231,0.988332393
0.1,5,2,3,0,2,1,0.991259832,1.02561253,0.02561253,0.546875,0.85546875,1,0.010742188,1.015331989,1.000057696
0.1,5,2,3,1,2,1,0.964129372,0.97438747,-0.02561253,0.567382813,0.80078125,1,-0.009765625,0.981414217,1.000047683
0.1,5,2,3,2,2,1,1.010499561,-0.02561253,-1.02561253,0.999023438,-0.013671875,0.534179688,-0.877929688,0.999116985,1.027671385
0.1,5,2,3,3,2,1,1.004056973,0.02561253,-0.97438747,1,0.037109375,0.573242188,-0.831054688,1.000688316,1.009583329
0.1,5,2,3,4,2,1,1.03468542,1.02561253,0.02561253,0.490234375,0.84375,1,0.009765625,0.975829803,1.000047683
0.1,5,2,3,5,2,1,1.044603593,0.97438747,-0.02561253,0.517578125,0.83203125,0.999023438,-0.030273438,0.979879134,0.999482021
0.1,5,2,3,6,2,1,0.988816922,-0.02561253,-1.02561253,1,-0.024414063,0.532226563,-0.853515625,1.000297979,1.005859849
0.1,5,2,3,7,2,1,0.956139791,0.02561253,-0.97438747,1,0.010742188,0.59375,-0.822265625,1.000057696,1.014228683
0.1,5,0,1,0,3,1.087831677,1.046062367,1.043915839,-0.043915839,0.53125,0.866210938,0.999023438,-0.025390625,1.016143666,0.999346042
0.1,5,0,1,1,3,1.014618442,1.033439232,1.007309221,-0.007309221,0.532226563,0.862304688,1,-0.015625,1.013328421,1.000122063
0.1,5,0,1,2,3,0.985381558,0.942323311,-0.007309221,-0.992690779,0.999023438,-0.026367188,0.56640625,-0.82421875,0.999371331,1.000076291
0.1,5,0,1,3,3,0.912168323,0.917835818,-0.043915839,-0.956084161,0.998046875,-0.043945313,0.569335938,-0.81640625,0.999013891,0.995320338
0.1,5,0,1,4,3,1.087831677,1.0895927,1.043915839,-0.043915839,0.491210938,0.8515625,0.999023438,-0.041992188,0.9830803,0.999905582
0.1,5,0,1,5,3,1.014618442,1.0383113,1.007309221,-0.007309221,0.516601563,0.857421875,0.999023438,-0.009765625,1.001024199,0.999071167
0.1,5,0,1,6,3,0.985381558,0.947006035,-0.007309221,-0.992690779,1,-0.03125,0.565429688,-0.83984375,1.000488162,1.012446668
0.1,5,0,1,7,3,0.912168323,0.904787563,-0.043915839,-0.956084161,1,-0.0546875,0.565429688,-0.806640625,1.001494245,0.98507859
0.1,5,2,3,0,3,1,0.984640395,1.02561253,0.02561253,0.510742188,0.849609375,1,0.044921875,0.99130907,1.001008479
0.1,5,2,3,1,3,1,0.991168769,0.97438747,-0.02561253,0.577148438,0.817382813,0.999023438,-0.03515625,1.000607306,0.999641831
0.1,5,2,3,2,3,1,1.08918792,-0.02561253,-1.02561253,1,0.047851563,0.5,-0.854492188,1.001144231,0.990028736
0.1,5,2,3,3,3,1,0.999771544,0.02561253,-0.97438747,1,0.040039063,0.580078125,-0.828125,1.000801242,1.011079446
0.1,5,2,3,4,3,1,1.022572232,1.02561253,0.02561253,0.501953125,0.853515625,1,0.016601563,0.990174662,1.000137796
0.1,5,2,3,5,3,1,1.013606765,0.97438747,-0.02561253,0.573242188,0.8203125,0.999023438,-0.052734375,1.000759313,1.000414286
0.1,5,2,3,6,3,1,1.019671736,-0.02561253,-1.02561253,0.998046875,-0.0234375,0.495117188,-0.849609375,0.998322033,0.983349948
0.1,5,2,3,7,3,1,0.980189774,0.02561253,-0.97438747,1,0.0078125,0.556640625,-0.81640625,1.000030517,0.988113329
0.1,5,0,1,0,4,1.087831677,1.076033913,1.043915839,-0.043915839,0.517578125,0.856445313,0.999023438,-0.048828125,1.000692605,1.000215984
0.1,5,0,1,1,4,1.014618442,1.006677377,1.007309221,-0.007309221,0.5234375,0.862304688,1,0.018554688,1.008739902,1.000172123
0.1,5,0,1,2,4,0.985381558,1.041220803,-0.007309221,-0.992690779,1,0.015625,0.508789063,-0.838867188,1.000122063,0.981103699
0.1,5,0,1,3,4,0.912168323,0.885147887,-0.043915839,-0.956084161,0.999023438,-0.087890625,0.5546875,-0.814453125,1.002882142,0.98539947
0.1,5,0,1,4,4,1.087831677,1.092790644,1.043915839,-0.043915839,0.500976563,0.86328125,1,-0.047851563,0.998114238,1.001144231
0.1,5,0,1,5,4,1.014618442,1.028222869,1.007309221,-0.007309221,0.544921875,0.846679688,1,-0.029296875,1.006879508,1.000429061
0.1,5,0,1,6,4,0.985381558,1.008097575,-0.007309221,-0.992690779,1,0.010742188,0.544921875,-0.84375,1.000057696,1.0044172
0.1,5,0,1,7,4,0.912168323,0.913136441,-0.043915839,-0.956084161,0.999023438,-0.024414063,0.584960938,-0.796875,0.999321708,0.988528737
0.1,5,2,3,0,4,1,1.022581633,1.02561253,0.02561253,0.505859375,0.852539063,1,0.012695313,0.991320614,1.000080582
0.1,5,2,3,1,4,1,1.012964661,0.97438747,-0.02561253,0.533203125,0.829101563,0.999023438,-0.013671875,0.985756042,0.999116985
0.1,5,2,3,2,4,1,1.02999785,-0.02561253,-1.02561253,1,-0.018554688,0.487304688,-0.846679688,1.000172123,0.976899356
0.1,5,2,3,3,4,1,1.006871123,0.02561253,-0.97438747,1,0.040039063,0.569335938,-0.825195313,1.000801242,1.002542126
0.1,5,2,3,4,4,1,1.008193554,1.02561253,0.02561253,0.514648438,0.8359375,0.999023438,0.010742188,0.981659064,0.99908119
0.1,5,2,3,5,4,1,1.04799485,0.97438747,-0.02561253,0.53515625,0.840820313,0.998046875,-0.043945313,0.996679994,0.999013891
0.1,5,2,3,6,4,1,1.025876599,-0.02561253,-1.02561253,0.998046875,0.008789063,0.536132813,-0.8671875,0.998085574,1.019535459
0.1,5,2,3,7,4,1,1.01681528,0.02561253,-0.97438747,1,0.030273438,0.556640625,-0.841796875,1.000458136,1.009193125
0.1,5,0,1,0,5,1.087831677,1.11572865,1.043915839,-0.043915839,0.485351563,0.866210938,0.999023438,-0.055664063,0.992918691,1.000572994
0.1,5,0,1,1,5,1.014618442,1.010369164,1.007309221,-0.007309221,0.534179688,0.845703125,0.999023438,-0.002929688,1.000280818,0.999027733
0.1,5,0,1,2,5,0.985381558,0.999749964,-0.007309221,-0.992690779,1,0.004882813,0.549804688,-0.846679688,1.000011921,1.009530429
0.1,5,0,1,3,5,0.912168323,0.973919609,-0.043915839,-0.956084161,1,-0.010742188,0.561523438,-0.845703125,1.000057696,1.015146466
0.1,5,0,1,4,5,1.087831677,1.095094942,1.043915839,-0.043915839,0.505859375,0.841796875,0.999023438,-0.065429688,0.982097595,1.001163759
0.1,5,0,1,5,5,1.014618442,1.005900062,1.007309221,-0.007309221,0.560546875,0.84375,0.999023438,-0.021484375,1.012979201,0.999254426
0.1,5,0,1,6,5,0.985381558,0.985723402,-0.007309221,-0.992690779,1,0.002929688,0.560546875,-0.840820313,1.000004292,1.01054025
0.1,5,0,1,7,5,0.912168323,0.929522712,-0.043915839,-0.956084161,1,-0.0234375,0.573242188,-0.806640625,1.00027462,0.989583601
0.1,5,2,3,0,5,1,0.952954777,1.02561253,0.02561253,0.541015625,0.870117188,0.998046875,0.061523438,1.024598373,0.999941347
0.1,5,2,3,1,5,1,1.022255352,0.97438747,-0.02561253,0.522460938,0.831054688,1,-0.012695313,0.98164012,1.000080582
0.1,5,2,3,2,5,1,0.975916849,-0.02561253,-1.02561253,1,-0.044921875,0.521484375,-0.850585938,1.001008479,0.997718593
0.1,5,2,3,3,5,1,1.057242536,0.02561253,-0.97438747,1,0.083007813,0.563476563,-0.830078125,1.003439234,1.003262443
0.1,5,2,3,4,5,1,1.001661508,1.02561253,0.02561253,0.505859375,0.861328125,0.999023438,0.038085938,0.998889306,0.999749152
0.1,5,2,3,5,5,1,1.06192014,0.97438747,-0.02561253,0.551757813,0.819335938,1,-0.083984375,0.987799606,1.003520491
0.1,5,2,3,6,5,1,0.993241384,-0.02561253,-1.02561253,1,-0.051757813,0.490234375,-0.844726563,1.00133854,0.97667431
0.1,5,2,3,7,5,1,1.003482837,0.02561253,-0.97438747,0.998046875,0.048828125,0.583007813,-0.823242188,0.999240587,1.008774409
0.1,5,0,1,0,6,1.087831677,1.07232839,1.043915839,-0.043915839,0.493164063,0.85546875,0.997070313,-0.024414063,0.987439909,0.997369167
0.1,5,0,1,1,6,1.014618442,1.032325184,1.007309221,-0.007309221,0.528320313,0.842773438,1,-0.021484375,0.994680562,1.000230763
0.1,5,0,1,2,6,0.985381558,0.993055102,-0.007309221,-0.992690779,0.999023438,0.001953125,0.553710938,-0.845703125,0.999025347,1.010845971
0.1,5,0,1,3,6,0.912168323,0.926419798,-0.043915839,-0.956084161,0.999023438,-0.04296875,0.572265625,-0.833984375,0.99994707,1.011443465
0.1,5,0,1,4,6,1.087831677,1.104504283,1.043915839,-0.043915839,0.479492188,0.8828125,0.999023438,-0.03125,1.00462464,0.999512077
0.1,5,0,1,5,6,1.014618442,1.061091772,1.007309221,-0.007309221,0.520507813,0.833007813,1,-0.048828125,0.982257807,1.001191383
0.1,5,0,1,6,6,0.985381558,1.028789068,-0.007309221,-0.992690779,1,0.028320313,0.529296875,-0.825195313,1.00040094,0.980358346
0.1,5,0,1,7,6,0.912168323,0.875077727,-0.043915839,-0.956084161,0.998046875,-0.052734375,0.615234375,-0.821289063,0.999439082,1.026172042
0.1,5,2,3,0,6,1,1.04292546,1.02561253,0.02561253,0.50390625,0.874023438,1,0.004882813,1.008879814,1.000011921
0.1,5,2,3,1,6,1,0.987453222,0.97438747,-0.02561253,0.525390625,0.811523438,1,0.008789063,0.966750019,1.000038623
0.1,5,2,3,2,6,1,1.037586532,-0.02561253,-1.02561253,0.998046875,0.026367188,0.537109375,-0.857421875,0.998395109,1.011760225
0.1,5,2,3,3,6,1,1.012435654,0.02561253,-0.97438747,1,0.052734375,0.573242188,-0.818359375,1.001389492,0.999158982
0.1,5,2,3,4,6,1,1.025084267,1.02561253,0.02561253,0.53515625,0.860351563,1,-0.010742188,1.013211243,1.000057696
0.1,5,2,3,5,6,1,0.989457666,0.97438747,-0.02561253,0.55078125,0.815429688,0.998046875,-0.012695313,0.984015021,0.998127615
0.1,5,2,3,6,6,1,0.982756938,-0.02561253,-1.02561253,0.99609375,-0.036132813,0.533203125,-0.866210938,0.996748885,1.017166142
0.1,5,2,3,7,6,1,0.979250755,0.02561253,-0.97438747,1,0.010742188,0.55859375,-0.8125,1.000057696,0.985993523
0.1,5,0,1,0,7,1.087831677,1.111206644,1.043915839,-0.043915839,0.516601563,0.875976563,0.998046875,-0.073242188,1.016962198,1.000730724
0.1,5,0,1,1,7,1.014618442,1.006434093,1.007309221,-0.007309221,0.499023438,0.84375,1,0.030273438,0.980274683,1.000458136
0.1,5,0,1,2,7,0.985381558,1.017532576,-0.007309221,-0.992690779,1,0.020507813,0.537109375,-0.831054688,1.000210263,0.989514211
0.1,5,0,1,3,7,0.912168323,0.949509377,-0.043915839,-0.956084161,1,0,0.573242188,-0.80078125,1,0.98481329
0.1,5,0,1,4,7,1.087831677,1.075089808,1.043915839,-0.043915839,0.497070313,0.881835938,1,-0.017578125,1.012281342,1.000154483
0.1,5,0,1,5,7,1.014618442,1.019647345,1.007309221,-0.007309221,0.53515625,0.857421875,1,-0.006835938,1.010724732,1.000023365
0.1,5,0,1,6,7,0.985381558,1.002796531,-0.007309221,-0.992690779,1,0.008789063,0.540039063,-0.830078125,1.000038623,0.990288787
0.1,5,0,1,7,7,0.912168323,0.939154857,-0.043915839,-0.956084161,1,-0.021484375,0.567382813,-0.811523438,1.000230763,0.99019874
0.1,5,2,3,0,7,1,0.997655619,1.02561253,0.02561253,0.553710938,0.8671875,1,0.004882813,1.028887731,1.000011921
0.1,5,2,3,1,7,1,1.01499611,0.97438747,-0.02561253,0.546875,0.837890625,1,-0.022460938,1.000566322,1.000252215
0.1,5,2,3,2,7,1,0.997601921,-0.02561253,-1.02561253,0.997070313,-0.034179688,0.518554688,-0.8671875,0.997655982,1.010402456
0.1,5,2,3,3,7,1,0.95614588,0.02561253,-0.97438747,0.999023438,-0.008789063,0.5703125,-0.823242188,0.999062098,1.001490912
0.1,5,2,3,4,7,1,0.991741648,1.02561253,0.02561253,0.552734375,0.841796875,0.999023438,-0.001953125,1.007043826,0.999025347
0.1,5,2,3,5,7,1,0.95018344,0.97438747,-0.02561253,0.579101563,0.813476563,0.999023438,0.001953125,0.998550318,0.999025347
0.1,5,2,3,6,7,1,1.038936532,-0.02561253,-1.02561253,1,-0.000976563,0.506835938,-0.86328125,1.000000477,1.001068022
0.1,5,2,3,7,7,1,0.982874373,0.02561253,-0.97438747,0.998046875,0.02734375,0.583984375,-0.826171875,0.998421377,1.011730061
0.1,5,0,1,0,8,1.087831677,1.079553196,1.043915839,-0.043915839,0.500976563,0.850585938,0.999023438,-0.041015625,0.987154473,0.999865046
0.1,5,0,1,1,8,1.014618442,0.991960179,1.007309221,-0.007309221,0.532226563,0.86328125,1,0.026367188,1.014159569,1.000347554
0.1,5,0,1,2,8,0.985381558,0.972157175,-0.007309221,-0.992690779,1,-0.01171875,0.5546875,-0.833984375,1.000068662,1.001602796
0.1,5,0,1,3,8,0.912168323,0.871487357,-0.043915839,-0.956084161,0.998046875,-0.083007813,0.5859375,-0.827148438,1.001492817,1.013655411
0.1,5,0,1,4,8,1.087831677,1.029410415,1.043915839,-0.043915839,0.556640625,0.865234375,0.999023438,-0.030273438,1.028824236,0.999482021
0.1,5,0,1,5,8,1.014618442,1.025181188,1.007309221,-0.007309221,0.545898438,0.830078125,1,-0.036132813,0.993496249,1.000652577
0.1,5,0,1,6,8,0.985381558,0.975414841,-0.007309221,-0.992690779,0.998046875,-0.014648438,0.549804688,-0.837890625,0.998154368,1.002170591
0.1,5,0,1,7,8,0.912168323,0.939204479,-0.043915839,-0.956084161,0.995117188,0.009765625,0.61328125,-0.821289063,0.995165104,1.025002252
0.1,5,2,3,0,8,1,0.9230938,1.02561253,0.02561253,0.5390625,0.852539063,0.999023438,0.083984375,1.008668048,1.002547357
0.1,5,2,3,1,8,1,0.969314956,0.97438747,-0.02561253,0.561523438,0.83203125,1,0.0078125,1.003785122,1.000030517
0.1,5,2,3,2,8,1,0.973579051,-0.02561253,-1.02561253,1,-0.030273438,0.5390625,-0.846679688,1.000458136,1.003720515
0.1,5,2,3,3,8,1,0.970415122,0.02561253,-0.97438747,1,0.010742188,0.578125,-0.825195313,1.000057696,1.007559338
0.1,5,2,3,4,8,1,1.017553577,1.02561253,0.02561253,0.524414063,0.862304688,0.998046875,0.006835938,1.009246988,0.998070285
0.1,5,2,3,5,8,1,0.937456281,0.97438747,-0.02561253,0.596679688,0.819335938,1,0.00390625,1.013576849,1.000007629
0.1,5,2,3,6,8,1,1.014573938,-0.02561253,-1.02561253,1,-0.026367188,0.497070313,-0.848632813,1.000347554,0.983492016
0.1,5,2,3,7,8,1,0.968278472,0.02561253,-0.97438747,0.999023438,0.009765625,0.557617188,-0.793945313,0.999071167,0.970198994
0.1,5,0,1,0,9,1.087831677,1.082486008,1.043915839,-0.043915839,0.514648438,0.887695313,1,-0.037109375,1.02609258,1.000688316
0.1,5,0,1,1,9,1.014618442,1.020655085,1.007309221,-0.007309221,0.537109375,0.84765625,1,-0.014648438,1.003497683,1.000107283
0.1,5,0,1,2,9,0.985381558,1.015599554,-0.007309221,-0.992690779,0.999023438,-0.0078125,0.513671875,-0.842773438,0.999053984,0.986978147
0.1,5,0,1,3,9,0.912168323,0.903783913,-0.043915839,-0.956084161,0.999023438,-0.043945313,0.590820313,-0.822265625,0.99998951,1.01251637
0.1,5,0,1,4,9,1.087831677,1.07333663,1.043915839,-0.043915839,0.504882813,0.866210938,1,-0.030273438,1.002610614,1.000458136
0.1,5,0,1,5,9,1.014618442,1.047437628,1.007309221,-0.007309221,0.526367188,0.836914063,1,-0.038085938,0.988679708,1.000725007
0.1,5,0,1,6,9,0.985381558,1.006547101,-0.007309221,-0.992690779,1,-0.000976563,0.532226563,-0.842773438,1.000000477,0.996760844
0.1,5,0,1,7,9,0.912168323,0.87953183,-0.043915839,-0.956084161,0.999023438,-0.080078125,0.581054688,-0.829101563,1.002227686,1.012439604
0.1,5,2,3,0,9,1,0.977370779,1.02561253,0.02561253,0.552734375,0.864257813,0.999023438,0.024414063,1.025893199,0.999321708
0.1,5,2,3,1,9,1,0.961539004,0.97438747,-0.02561253,0.56640625,0.806640625,1,-0.002929688,0.985639456,1.000004292
0.1,5,2,3,2,9,1,0.99755677,-0.02561253,-1.02561253,1,-0.03515625,0.517578125,-0.8671875,1.00061779,1.009901617
0.1,5,2,3,3,9,1,0.980140135,0.02561253,-0.97438747,1,-0.002929688,0.543945313,-0.81640625,1.000004292,0.98101767
0.1,5,2,3,4,9,1,0.936030761,1.02561253,0.02561253,0.56640625,0.866210938,0.999023438,0.055664063,1.034957694,1.000572994
0.1,5,2,3,5,9,1,0.992123087,0.97438747,-0.02561253,0.569335938,0.797851563,0.997070313,-0.041015625,0.980158419,0.997913568
0.1,5,2,3,6,9,1,1.009726479,-0.02561253,-1.02561253,0.998046875,-0.029296875,0.498046875,-0.846679688,0.998476776,0.982301982
0.1,5,2,3,7,9,1,0.999550596,0.02561253,-0.97438747,0.999023438,0.028320313,0.567382813,-0.830078125,0.999424769,1.00546156
0.1,5,0,1,0,10,1.087831677,1.102796267,1.043915839,-0.043915839,0.500976563,0.842773438,0.999023438,-0.068359375,0.980430815,1.001359492
0.1,5,0,1,1,10,1.014618442,1.06365147,1.007309221,-0.007309221,0.501953125,0.873046875,1,-0.014648438,1.007058978,1.000107283
0.1,5,0,1,2,10,0.985381558,0.991514843,-0.007309221,-0.992690779,1,0.002929688,0.540039063,-0.8203125,1.000004292,0.982117501
0.1,5,0,1,3,10,0.912168323,0.949754672,-0.043915839,-0.956084161,1,-0.049804688,0.534179688,-0.831054688,1.001239485,0.987927038
0.1,5,0,1,4,10,1.087831677,1.093739008,1.043915839,-0.043915839,0.485351563,0.8671875,1,-0.033203125,0.993770748,1.000551072
0.1,5,0,1,5,10,1.014618442,0.993707706,1.007309221,-0.007309221,0.541992188,0.850585938,1,0.009765625,1.008589098,1.000047683
0.1,5,0,1,6,10,0.985381558,0.99181506,-0.007309221,-0.992690779,1,-0.005859375,0.552734375,-0.856445313,1.000017166,1.019320294
0.1,5,0,1,7,10,0.912168323,0.907807402,-0.043915839,-0.956084161,1,-0.056640625,0.5703125,-0.822265625,1.001602796,1.000688316
0.1,5,2,3,0,10,1,0.969096319,1.02561253,0.02561253,0.53515625,0.8671875,1,0.048828125,1.019022263,1.001191383
0.1,5,2,3,1,10,1,1.049682659,0.97438747,-0.02561253,0.551757813,0.825195313,1,-0.068359375,0.992665093,1.002333779
0.1,5,2,3,2,10,1,0.978664831,-0.02561253,-1.02561253,0.998046875,-0.046875,0.508789063,-0.838867188,0.999147051,0.981103699
0.1,5,2,3,3,10,1,1.030387038,0.02561253,-0.97438747,1,0.0625,0.580078125,-0.842773438,1.001951221,1.023111772
0.1,5,2,3,4,10,1,0.983390817,1.02561253,0.02561253,0.55078125,0.848632813,1,0.01171875,1.011700369,1.000068662
0.1,5,2,3,5,10,1,0.973231487,0.97438747,-0.02561253,0.552734375,0.833007813,0.999023438,0.01171875,0.99970861,0.999092167
0.1,5,2,3,6,10,1,1.016961616,-0.02561253,-1.02561253,1,-0.022460938,0.506835938,-0.862304688,1.000252215,1.000225995
0.1,5,2,3,7,10,1,1.01710861,0.02561253,-0.97438747,1,0.04296875,0.564453125,-0.831054688,1.000922731,1.004618945
0.1,5,0,1,0,11,1.087831677,1.091145561,1.043915839,-0.043915839,0.48828125,0.849609375,1,-0.041992188,0.979925849,1.000881284
0.1,5,0,1,1,11,1.014618442,0.984794198,1.007309221,-0.007309221,0.567382813,0.821289063,1,-0.018554688,0.998217902,1.000172123
0.1,5,0,1,2,11,0.985381558,0.986862524,-0.007309221,-0.992690779,1,0.020507813,0.571289063,-0.827148438,1.000210263,1.005259037
0.1,5,0,1,3,11,0.912168323,0.967778843,-0.043915839,-0.956084161,1,0.017578125,0.575195313,-0.8046875,1.000154483,0.989126696
0.1,5,0,1,4,11,1.087831677,1.102323923,1.043915839,-0.043915839,0.483398438,0.859375,1,-0.043945313,0.986001744,1.00096513
0.1,5,0,1,5,11,1.014618442,1.005939265,1.007309221,-0.007309221,0.515625,0.857421875,1,0.0234375,1.000520571,1.00027462
0.1,5,0,1,6,11,0.985381558,0.974792512,-0.007309221,-0.992690779,1,-0.00390625,0.553710938,-0.823242188,1.000007629,0.992130789
0.1,5,0,1,7,11,0.912168323,0.892893067,-0.043915839,-0.956084161,0.998046875,-0.0234375,0.598632813,-0.780273438,0.998322033,0.983457107
0.1,5,2,3,0,11,1,1.011266509,1.02561253,0.02561253,0.506835938,0.841796875,1,0.017578125,0.98260096,1.000154483
0.1,5,2,3,1,11,1,1.009614822,0.97438747,-0.02561253,0.530273438,0.8046875,1,-0.021484375,0.963696991,1.000230763
0.1,5,2,3,2,11,1,0.983086939,-0.02561253,-1.02561253,1,-0.034179688,0.516601563,-0.8359375,1.000583955,0.982684425
0.1,5,2,3,3,11,1,1.000199224,0.02561253,-0.97438747,0.999023438,0.006835938,0.545898438,-0.837890625,0.999046825,1.000032901
0.1,5,2,3,4,11,1,0.974715316,1.02561253,0.02561253,0.508789063,0.853515625,1,0.05859375,0.993657502,1.001715143
0.1,5,2,3,5,11,1,1.001877761,0.97438747,-0.02561253,0.545898438,0.823242188,0.999023438,-0.016601563,0.987791883,0.999161369
0.1,5,2,3,6,11,1,0.990127751,-0.02561253,-1.02561253,1,-0.026367188,0.533203125,-0.861328125,1.000347554,1.01301121
0.1,5,2,3,7,11,1,1.02251765,0.02561253,-0.97438747,0.999023438,0.03125,0.543945313,-0.831054688,0.999512077,0.993241359
0.1,5,0,1,0,12,1.087831677,1.026300407,1.043915839,-0.043915839,0.5390625,0.846679688,1,-0.022460938,1.003720515,1.000252215
0.1,5,0,1,1,12,1.014618442,1.031456528,1.007309221,-0.007309221,0.51953125,0.83984375,1,-0.014648438,0.987547591,1.000107283
0.1,5,0,1,2,12,0.985381558,1.035704579,-0.007309221,-0.992690779,1,0.026367188,0.521484375,-0.829101563,1.000347554,0.979466872
0.1,5,0,1,3,12,0.912168323,0.855875951,-0.043915839,-0.956084161,0.999023438,-0.068359375,0.607421875,-0.8046875,1.001359492,1.008207968
0.1,5,0,1,4,12,1.087831677,1.058527209,1.043915839,-0.043915839,0.521484375,0.853515625,0.998046875,-0.036132813,1.000217414,0.998700728
0.1,5,0,1,5,12,1.014618442,1.008628224,1.007309221,-0.007309221,0.546875,0.866210938,0.998046875,-0.000976563,1.024399167,0.998047353
0.1,5,0,1,6,12,0.985381558,0.98286224,-0.007309221,-0.992690779,1,0.02734375,0.579101563,-0.819335938,1.00037377,1.003329456
0.1,5,0,1,7,12,0.912168323,0.938500761,-0.043915839,-0.956084161,0.999023438,-0.02734375,0.573242188,-0.829101563,0.999397573,1.007976193
0.1,5,2,3,0,12,1,0.973496439,1.02561253,0.02561253,0.534179688,0.857421875,0.997070313,0.040039063,1.010208003,0.997873907
0.1,5,2,3,1,12,1,0.993268569,0.97438747,-0.02561253,0.583984375,0.829101563,1,-0.036132813,1.014123834,1.000652577
0.1,5,2,3,2,12,1,1.014181038,-0.02561253,-1.02561253,1,-0.025390625,0.5078125,-0.864257813,1.00032229,1.00240466
0.1,5,2,3,3,12,1,0.979040758,0.02561253,-0.97438747,0.999023438,0.025390625,0.575195313,-0.810546875,0.999346042,0.993899333
0.1,5,2,3,4,12,1,0.983983823,1.02561253,0.02561253,0.51953125,0.857421875,0.998046875,0.041992188,1.002539272,0.998929882
0.1,5,2,3,5,12,1,0.990172887,0.97438747,-0.02561253,0.5625,0.806640625,1,-0.028320313,0.983399892,1.00040094
0.1,5,2,3,6,12,1,1.017970463,-0.02561253,-1.02561253,1,-0.033203125,0.4921875,-0.860351563,1.000551072,0.991187846
0.1,5,2,3,7,12,1,1.026411418,0.02561253,-0.97438747,1,0.041992188,0.544921875,-0.8203125,1.000881284,0.984810869
0.1,5,0,1,0,13,1.087831677,1.149436328,1.043915839,-0.043915839,0.469726563,0.87109375,0.999023438,-0.073242188,0.989670331,1.00170467
0.1,5,0,1,1,13,1.014618442,1.060746476,1.007309221,-0.007309221,0.500976563,0.838867188,1,-0.028320313,0.977075061,1.00040094
0.1,5,0,1,2,13,0.985381558,0.996219723,-0.007309221,-0.992690779,1,-0.020507813,0.529296875,-0.85546875,1.000210263,1.005973143
0.1,5,0,1,3,13,0.912168323,0.882920244,-0.043915839,-0.956084161,1,-0.072265625,0.581054688,-0.821289063,1.00260776,1.006051825
0.1,5,0,1,4,13,1.087831677,1.075509307,1.043915839,-0.043915839,0.505859375,0.83984375,1,-0.046875,0.980424006,1.00109803
0.1,5,0,1,5,13,1.014618442,1.003020334,1.007309221,-0.007309221,0.508789063,0.834960938,1,0.020507813,0.97776586,1.000210263
0.1,5,0,1,6,13,0.985381558,0.980371146,-0.007309221,-0.992690779,1,0.010742188,0.55859375,-0.814453125,1.000057696,0.9876036
0.1,5,0,1,7,13,0.912168323,0.928423384,-0.043915839,-0.956084161,1,-0.025390625,0.583984375,-0.823242188,1.00032229,1.009339115
0.1,5,2,3,0,13,1,1.055009144,1.02561253,0.02561253,0.469726563,0.84765625,1,0.009765625,0.969104825,1.000047683
0.1,5,2,3,1,13,1,0.989589767,0.97438747,-0.02561253,0.569335938,0.815429688,1,-0.028320313,0.994519474,1.00040094
0.1,5,2,3,2,13,1,1.006315127,-0.02561253,-1.02561253,0.998046875,-0.01953125,0.521484375,-0.860351563,0.998237965,1.006057038
0.1,5,2,3,3,13,1,1.014329566,0.02561253,-0.97438747,1,0.05859375,0.573242188,-0.811523438,1.001715143,0.993567761
0.1,5,2,3,4,13,1,0.990017312,1.02561253,0.02561253,0.528320313,0.889648438,1,0.044921875,1.034696426,1.001008479
0.1,5,2,3,5,13,1,0.979495374,0.97438747,-0.02561253,0.547851563,0.8125,1,-0.001953125,0.979947746,1.000001907
0.1,5,2,3,6,13,1,0.960264214,-0.02561253,-1.02561253,0.999023438,-0.04296875,0.541015625,-0.848632813,0.99994707,1.006417188
0.1,5,2,3,7,13,1,0.958222204,0.02561253,-0.97438747,0.999023438,-0.008789063,0.575195313,-0.833984375,0.999062098,1.013103936
0.1,5,0,1,0,14,1.087831677,1.037594392,1.043915839,-0.043915839,0.485351563,0.868164063,1,0.0234375,0.994623033,1.00027462
0.1,5,0,1,1,14,1.014618442,1.04341845,1.007309221,-0.007309221,0.51953125,0.822265625,1,-0.036132813,0.972642523,1.000652577
0.1,5,0,1,2,14,0.985381558,0.958877252,-0.007309221,-0.992690779,0.998046875,-0.00390625,0.587890625,-0.844726563,0.998054519,1.029163909
0.1,5,0,1,3,14,0.912168323,0.892274534,-0.043915839,-0.956084161,0.999023438,-0.038085938,0.60546875,-0.8125,0.999749152,1.013286069
0.1,5,0,1,4,14,1.087831677,1.056737906,1.043915839,-0.043915839,0.515625,0.859375,1,-0.026367188,1.002194857,1.000347554
0.1,5,0,1,5,14,1.014618442,0.958747567,1.007309221,-0.007309221,0.545898438,0.838867188,1,0.03515625,1.000851269,1.00061779
0.1,5,0,1,6,14,0.985381558,1.01264637,-0.007309221,-0.992690779,1,0.013671875,0.525390625,-0.81640625,1.000093456,0.970852447
0.1,5,0,1,7,14,0.912168323,0.902217732,-0.043915839,-0.956084161,1,-0.034179688,0.598632813,-0.813476563,1.000583955,1.010002654
0.1,5,2,3,0,14,1,0.972681486,1.02561253,0.02561253,0.500976563,0.849609375,1,0.065429688,0.986313138,1.002138236
0.1,5,2,3,1,14,1,0.974216004,0.97438747,-0.02561253,0.584960938,0.833007813,0.999023438,-0.015625,1.017880796,0.99914562
0.1,5,2,3,2,14,1,1.035356314,-0.02561253,-1.02561253,1,0.0078125,0.51953125,-0.860351563,1.000030517,1.005046034
0.1,5,2,3,3,14,1,0.994475822,0.02561253,-0.97438747,0.99609375,0.028320313,0.5703125,-0.825195313,0.996496261,1.00309703
0.1,5,2,3,4,14,1,0.992191122,1.02561253,0.02561253,0.504882813,0.854492188,0.999023438,0.044921875,0.992503679,1.000032901
0.1,5,2,3,5,14,1,1.016366966,0.97438747,-0.02561253,0.569335938,0.807617188,0.998046875,-0.059570313,0.988123945,0.999823078
0.1,5,2,3,6,14,1,0.970009128,-0.02561253,-1.02561253,1,-0.01171875,0.564453125,-0.844726563,1.000068662,1.015957822
0.1,5,2,3,7,14,1,1.04157462,0.02561253,-0.97438747,0.999023438,0.037109375,0.530273438,-0.833984375,0.999712426,0.988291382
0.1,5,0,1,0,15,1.087831677,1.089427001,1.043915839,-0.043915839,0.5078125,0.864257813,0.998046875,-0.049804688,1.00240466,0.999288783
0.1,5,0,1,1,15,1.014618442,1.049023952,1.007309221,-0.007309221,0.514648438,0.830078125,0.999023438,-0.033203125,0.97667431,0.999575048
0.1,5,0,1,2,15,0.985381558,0.947173264,-0.007309221,-0.992690779,0.999023438,-0.036132813,0.564453125,-0.84765625,0.999676652,1.018395036
0.1,5,0,1,3,15,0.912168323,0.920640092,-0.043915839,-0.956084161,0.999023438,-0.026367188,0.583984375,-0.811523438,0.999371331,0.999804001
0.1,5,0,1,4,15,1.087831677,1.10662572,1.043915839,-0.043915839,0.463867188,0.856445313,1,-0.032226563,0.973997608,1.000519141
0.1,5,0,1,5,15,1.014618442,0.998345454,1.007309221,-0.007309221,0.557617188,0.83984375,1,-0.013671875,1.008104386,1.000093456
0.1,5,0,1,6,15,0.985381558,0.975635998,-0.007309221,-0.992690779,1,-0.021484375,0.543945313,-0.841796875,1.000230763,1.002246717
0.1,5,0,1,7,15,0.912168323,0.910498881,-0.043915839,-0.956084161,0.998046875,-0.02734375,0.588867188,-0.802734375,0.998421377,0.99556368
0.1,5,2,3,0,15,1,1.072893329,1.02561253,0.02561253,0.486328125,0.864257813,1,-0.014648438,0.991693809,1.000107283
0.1,5,2,3,1,15,1,1.000530282,0.97438747,-0.02561253,0.540039063,0.82421875,1,-0.009765625,0.985382533,1.000047683
0.1,5,2,3,2,15,1,0.981617778,-0.02561253,-1.02561253,1,-0.034179688,0.532226563,-0.858398438,1.000583955,1.010006431
0.1,5,2,3,3,15,1,1.002492271,0.02561253,-0.97438747,1,0.022460938,0.546875,-0.815429688,1.000252215,0.981833917
0.1,5,2,3,4,15,1,0.961877536,1.02561253,0.02561253,0.524414063,0.83984375,1,0.05078125,0.990125059,1.001288538
0.1,5,2,3,5,15,1,0.94014501,0.97438747,-0.02561253,0.58203125,0.815429688,1,0.010742188,1.00184128,1.000057696
0.1,5,2,3,6,15,1,0.998966376,-0.02561253,-1.02561253,1,-0.03515625,0.504882813,-0.848632813,1.00061779,0.987463571
0.1,5,2,3,7,15,1,1.027822708,0.02561253,-0.97438747,1,0.048828125,0.5625,-0.836914063,1.001191383,1.008380582
0.1,5,0,1,0,16,1.087831677,1.058076509,1.043915839,-0.043915839,0.560546875,0.853515625,0.998046875,-0.068359375,1.021127671,1.00038521
0.1,5,0,1,1,16,1.014618442,1.01412427,1.007309221,-0.007309221,0.541992188,0.8359375,1,-0.018554688,0.996266548,1.000172123
0.1,5,0,1,2,16,0.985381558,0.987086988,-0.007309221,-0.992690779,1,-0.016601563,0.529296875,-0.831054688,1.000137796,0.985295425
0.1,5,0,1,3,16,0.912168323,0.9270464,-0.043915839,-0.956084161,0.999023438,-0.036132813,0.583984375,-0.83984375,0.999676652,1.022924863
0.1,5,0,1,4,16,1.087831677,1.107103736,1.043915839,-0.043915839,0.471679688,0.881835938,0.995117188,-0.02734375,1.000058172,0.995492791
0.1,5,0,1,5,16,1.014618442,1.042375675,1.007309221,-0.007309221,0.513671875,0.83984375,1,-0.020507813,0.984477689,1.000210263
0.1,5,0,1,6,16,0.985381558,0.982298758,-0.007309221,-0.992690779,1,0.002929688,0.573242188,-0.853515625,1.000004292,1.02815151
0.1,5,0,1,7,16,0.912168323,0.916484506,-0.043915839,-0.956084161,0.999023438,-0.046875,0.581054688,-0.8359375,1.00012254,1.018045212
0.1,5,2,3,0,16,1,1.022412538,1.02561253,0.02561253,0.525390625,0.852539063,0.999023438,-0.00390625,1.001428061,0.999031074
0.1,5,2,3,1,16,1,1.028547083,0.97438747,-0.02561253,0.541015625,0.825195313,1,-0.038085938,0.98673462,1.000725007
0.1,5,2,3,2,16,1,0.976575002,-0.02561253,-1.02561253,1,-0.0546875,0.517578125,-0.864257813,1.001494245,1.007387057
0.1,5,2,3,3,16,1,0.949263741,0.02561253,-0.97438747,1,-0.020507813,0.564453125,-0.823242188,1.000210263,0.998165833
0.1,5,2,3,4,16,1,0.986213881,1.02561253,0.02561253,0.532226563,0.848632813,0.999023438,0.024414063,1.001719903,0.999321708
0.1,5,2,3,5,16,1,1.01744025,0.97438747,-0.02561253,0.544921875,0.825195313,1,-0.030273438,0.988881769,1.000458136
0.1,5,2,3,6,16,1,1.021992143,-0.02561253,-1.02561253,0.999023438,-0.03515625,0.485351563,-0.860351563,0.999641831,0.987811192
0.1,5,2,3,7,16,1,1.009935194,0.02561253,-0.97438747,0.998046875,0.037109375,0.578125,-0.848632813,0.998736537,1.026842815
0.1,5,0,1,0,17,1.087831677,1.07802521,1.043915839,-0.043915839,0.513671875,0.857421875,0.997070313,-0.046875,0.999515416,0.998171565
0.1,5,0,1,1,17,1.014618442,0.994369499,1.007309221,-0.007309221,0.548828125,0.838867188,1,-0.002929688,1.002452228,1.000004292
0.1,5,0,1,2,17,0.985381558,0.9688214,-0.007309221,-0.992690779,1,-0.02734375,0.55078125,-0.850585938,1.00037377,1.013339244
0.1,5,0,1,3,17,0.912168323,0.908082947,-0.043915839,-0.956084161,1,-0.047851563,0.575195313,-0.814453125,1.001144231,0.997087529
0.1,5,0,1,4,17,1.087831677,1.063872194,1.043915839,-0.043915839,0.513671875,0.874023438,1,-0.024414063,1.013792762,1.000297979
0.1,5,0,1,5,17,1.014618442,1.029722113,1.007309221,-0.007309221,0.521484375,0.856445313,1,-0.005859375,1.002718568,1.000017166
0.1,5,0,1,6,17,0.985381558,0.958706765,-0.007309221,-0.992690779,1,-0.04296875,0.534179688,-0.834960938,1.000922731,0.991215267
0.1,5,0,1,7,17,0.912168323,0.855646609,-0.043915839,-0.956084161,0.998046875,-0.083984375,0.599609375,-0.8203125,1.001574231,1.016092516
0.1,5,2,3,0,17,1,0.992340749,1.02561253,0.02561253,0.547851563,0.853515625,1,0.0078125,1.014214108,1.000030517
0.1,5,2,3,1,17,1,0.976813654,0.97438747,-0.02561253,0.575195313,0.813476563,1,-0.021484375,0.996290001,1.000230763
0.1,5,2,3,2,17,1,0.991030168,-0.02561253,-1.02561253,0.999023438,-0.051757813,0.502929688,-0.862304688,1.000363284,0.998252295
0.1,5,2,3,3,17,1,1.023442228,0.02561253,-0.97438747,0.998046875,0.034179688,0.556640625,-0.846679688,0.998631972,1.013269598
0.1,5,2,3,4,17,1,1.033922266,1.02561253,0.02561253,0.487304688,0.848632813,1,0.015625,0.978592616,1.000122063
0.1,5,2,3,5,17,1,1.046651635,0.97438747,-0.02561253,0.547851563,0.833007813,0.999023438,-0.057617188,0.997017227,1.000683551
0.1,5,2,3,6,17,1,1.025035513,-0.02561253,-1.02561253,0.999023438,-0.013671875,0.499023438,-0.84765625,0.999116985,0.983638912
0.1,5,2,3,7,17,1,1.006138733,0.02561253,-0.97438747,1,0.052734375,0.587890625,-0.828125,1.001389492,1.015581805
0.1,5,0,1,0,18,1.087831677,1.078915098,1.043915839,-0.043915839,0.522460938,0.875976563,0.999023438,-0.045898438,1.01995116,1.000077245
0.1,5,0,1,1,18,1.014618442,1.057840079,1.007309221,-0.007309221,0.48828125,0.83984375,1,-0.013671875,0.971471103,1.000093456
0.1,5,0,1,2,18,0.985381558,0.968893171,-0.007309221,-0.992690779,0.999023438,-0.017578125,0.56640625,-0.856445313,0.999178072,1.026798234
0.1,5,0,1,3,18,0.912168323,0.90034689,-0.043915839,-0.956084161,1,-0.033203125,0.595703125,-0.8046875,1.000551072,1.001191383
0.1,5,0,1,4,18,1.087831677,1.128286342,1.043915839,-0.043915839,0.487304688,0.859375,0.997070313,-0.073242188,0.987922694,0.999756783
0.1,5,0,1,5,18,1.014618442,1.010484079,1.007309221,-0.007309221,0.516601563,0.837890625,1,0.0078125,0.98434642,1.000030517
0.1,5,0,1,6,18,0.985381558,0.948730747,-0.007309221,-0.992690779,1,-0.024414063,0.568359375,-0.834960938,1.000297979,1.010045616
0.1,5,0,1,7,18,0.912168323,0.903251404,-0.043915839,-0.956084161,1,-0.051757813,0.579101563,-0.818359375,1.00133854,1.002532137
0.1,5,2,3,0,18,1,0.980959887,1.02561253,0.02561253,0.553710938,0.86328125,1,0.01953125,1.025597542,1.000190717
0.1,5,2,3,1,18,1,1.055923558,0.97438747,-0.02561253,0.534179688,0.837890625,1,-0.052734375,0.993684375,1.001389492
0.1,5,2,3,2,18,1,1.017389169,-0.02561253,-1.02561253,0.999023438,-0.005859375,0.526367188,-0.86328125,0.99904062,1.011096896
0.1,5,2,3,3,18,1,1.032044201,0.02561253,-0.97438747,1,0.053710938,0.548828125,-0.815429688,1.001441394,0.982923133
0.1,5,2,3,4,18,1,1.002271779,1.02561253,0.02561253,0.502929688,0.834960938,0.999023438,0.026367188,0.974729725,0.999371331
0.1,5,2,3,5,18,1,0.962437265,0.97438747,-0.02561253,0.576171875,0.8359375,1,0.004882813,1.015266238,1.000011921
0.1,5,2,3,6,18,1,1.010554639,-0.02561253,-1.02561253,0.999023438,-0.022460938,0.516601563,-0.866210938,0.999275899,1.008562622
0.1,5,2,3,7,18,1,0.978638864,0.02561253,-0.97438747,0.999023438,0.009765625,0.561523438,-0.817382813,0.999071167,0.99167698
0.1,5,0,1,0,19,1.087831677,1.08391422,1.043915839,-0.043915839,0.517578125,0.866210938,1,-0.051757813,1.009063181,1.00133854
0.1,5,0,1,1,19,1.014618442,0.989107935,1.007309221,-0.007309221,0.544921875,0.833984375,1,0.002929688,0.996227779,1.000004292
0.1,5,0,1,2,19,0.985381558,0.950754561,-0.007309221,-0.992690779,1,-0.043945313,0.534179688,-0.822265625,1.00096513,0.980545102
0.1,5,0,1,3,19,0.912168323,0.940049185,-0.043915839,-0.956084161,1,-0.025390625,0.577148438,-0.833984375,1.00032229,1.014214108
0.1,5,0,1,4,19,1.087831677,1.10071525,1.043915839,-0.043915839,0.509765625,0.857421875,1,-0.06640625,0.997513541,1.00220247
0.1,5,0,1,5,19,1.014618442,1.033016215,1.007309221,-0.007309221,0.514648438,0.833007813,0.999023438,-0.015625,0.979165476,0.99914562
0.1,5,0,1,6,19,0.985381558,0.986933837,-0.007309221,-0.992690779,1,-0.018554688,0.537109375,-0.846679688,1.000172123,1.002672915
0.1,5,0,1,7,19,0.912168323,0.958014104,-0.043915839,-0.956084161,0.999023438,-0.002929688,0.575195313,-0.823242188,0.999027733,1.004279516
0.1,5,2,3,0,19,1,1.008438168,1.02561253,0.02561253,0.509765625,0.852539063,0.999023438,0.0234375,0.993319609,0.999298326
0.1,5,2,3,1,19,1,0.998571454,0.97438747,-0.02561253,0.551757813,0.834960938,1,-0.01171875,1.000797907,1.000068662
0.1,5,2,3,2,19,1,1.004632505,-0.02561253,-1.02561253,1,0.009765625,0.549804688,-0.846679688,1.000047683,1.009530429
0.1,5,2,3,3,19,1,0.964552527,0.02561253,-0.97438747,1,-0.00390625,0.567382813,-0.825195313,1.000007629,1.001434251
0.1,5,2,3,4,19,1,0.963303194,1.02561253,0.02561253,0.521484375,0.852539063,1,0.05859375,0.999384214,1.001715143
0.1,5,2,3,5,19,1,1.025351346,0.97438747,-0.02561253,0.553710938,0.828125,1,-0.043945313,0.996186136,1.00096513
0.1,5,2,3,6,19,1,1.005200822,-0.02561253,-1.02561253,0.999023438,-0.029296875,0.516601563,-0.869140625,0.999452918,1.011079918
0.1,5,2,3,7,19,1,1.008164641,0.02561253,-0.97438747,0.998046875,0.038085938,0.563476563,-0.822265625,0.998773299,0.996808203
0.1,6,0,1,0,0,1.087831677,1.042655299,1.043915839,-0.043915839,0.506835938,0.84765625,0.999023438,-0.010742188,0.987625327,0.99908119
0.1,6,0,1,1,0,1.014618442,1.033596661,1.007309221,-0.007309221,0.524414063,0.857421875,1,-0.01171875,1.005078296,1.000068662
0.1,6,0,1,2,0,0.985381558,0.964885634,-0.007309221,-0.992690779,1,-0.022460938,0.557617188,-0.844726563,1.000252215,1.012175821
0.1,6,0,1,3,0,0.912168323,0.977011534,-0.043915839,-0.956084161,0.999023438,-0.030273438,0.53125,-0.840820313,0.999482021,0.994588036
0.1,6,0,1,4,0,1.087831677,1.076533369,1.043915839,-0.043915839,0.508789063,0.838867188,0.99609375,-0.05078125,0.981103699,0.997387334
0.1,6,0,1,5,0,1.014618442,1.061467159,1.007309221,-0.007309221,0.518554688,0.854492188,1,-0.036132813,0.99952782,1.000652577
0.1,6,0,1,6,0,0.985381558,1.019426542,-0.007309221,-0.992690779,0.999023438,-0.013671875,0.501953125,-0.841796875,0.999116985,0.980091281
0.1,6,0,1,7,0,0.912168323,0.877625167,-0.043915839,-0.956084161,0.999023438,-0.087890625,0.56640625,-0.818359375,1.002882142,0.995252785
0.1,6,0,1,8,0,1.087831677,1.097096145,1.043915839,-0.043915839,0.497070313,0.880859375,0.999023438,-0.040039063,1.011430736,0.999825462
0.1,6,0,1,9,0,1.014618442,1.024935489,1.007309221,-0.007309221,0.530273438,0.846679688,1,-0.013671875,0.999027733,1.000093456
0.1,6,0,1,10,0,0.985381558,0.949183597,-0.007309221,-0.992690779,1,-0.022460938,0.561523438,-0.822265625,1.000252215,0.995705443
0.1,6,0,1,11,0,0.912168323,0.919884364,-0.043915839,-0.956084161,0.999023438,-0.03515625,0.581054688,-0.821289063,0.999641831,1.006051825
0.1,6,0,1,12,0,1.087831677,1.115696563,1.043915839,-0.043915839,0.501953125,0.833984375,1,-0.086914063,0.973389376,1.003769921
0.1,6,0,1,13,0,1.014618442,1.035572108,1.007309221,-0.007309221,0.551757813,0.856445313,1,-0.037109375,1.018791076,1.000688316
0.1,6,0,1,14,0,0.985381558,0.989286707,-0.007309221,-0.992690779,1,-0.004882813,0.532226563,-0.818359375,1.000011921,0.976205501
0.1,6,0,1,15,0,0.912168323,0.866774749,-0.043915839,-0.956084161,1,-0.071289063,0.596679688,-0.813476563,1.002537845,1.008846255
0.1,6,2,3,0,0,1,1.01014529,1.02561253,0.02561253,0.514648438,0.854492188,1,0.018554688,0.997506848,1.000172123
0.1,6,2,3,1,0,1,0.994215582,0.97438747,-0.02561253,0.54296875,0.834960938,1,0,0.995979332,1
0.1,6,2,3,2,0,1,0.954151531,-0.02561253,-1.02561253,0.999023438,-0.077148438,0.508789063,-0.849609375,1.001997859,0.990304196
0.1,6,2,3,3,0,1,0.989310503,0.02561253,-0.97438747,1,0.037109375,0.590820313,-0.830078125,1.000688316,1.018871108
0.1,6,2,3,4,0,1,0.970950389,1.02561253,0.02561253,0.536132813,0.840820313,1,0.032226563,0.997204688,1.000519141
0.1,6,2,3,5,0,1,1.027136436,0.97438747,-0.02561253,0.53515625,0.82421875,1,-0.032226563,0.982714994,1.000519141
0.1,6,2,3,6,0,1,0.987397129,-0.02561253,-1.02561253,0.998046875,-0.045898438,0.518554688,-0.870117188,0.999101712,1.012918005
0.1,6,2,3,7,0,1,0.996131284,0.02561253,-0.97438747,1,0.025390625,0.55859375,-0.81640625,1.00032229,0.989214912
0.1,6,2,3,8,0,1,1.013130817,1.02561253,0.02561253,0.516601563,0.844726563,1,0.008789063,0.990171773,1.000038623
0.1,6,2,3,9,0,1,0.984204693,0.97438747,-0.02561253,0.5546875,0.831054688,1,-0.001953125,0.999164709,1.000001907
0.1,6,2,3,10,0,1,1.003964184,-0.02561253,-1.02561253,0.998046875,-0.026367188,0.518554688,-0.864257813,0.998395109,1.007889146
0.1,6,2,3,11,0,1,0.954181095,0.02561253,-0.97438747,0.999023438,-0.013671875,0.576171875,-0.836914063,0.999116985,1.016070459
0.1,6,2,3,12,0,1,0.99146355,1.02561253,0.02561253,0.5390625,0.858398438,0.998046875,0.018554688,1.013625304,0.998219335
0.1,6,2,3,13,0,1,0.948405894,0.97438747,-0.02561253,0.584960938,0.8203125,1,0.002929688,1.00751769,1.000004292
0.1,6,2,3,14,0,1,1.00315808,-0.02561253,-1.02561253,0.998046875,0.000976563,0.534179688,-0.8359375,0.998047353,0.992038025
0.1,6,2,3,15,0,1,0.996837516,0.02561253,-0.97438747,1,0.012695313,0.555664063,-0.8359375,1.000080582,1.003769921
0.1,6,0,1,0,1,1.087831677,1.120136432,1.043915839,-0.043915839,0.497070313,0.874023438,0.998046875,-0.06640625,1.005482901,1.000253645
0.1,6,0,1,1,1,1.014618442,1.02985723,1.007309221,-0.007309221,0.532226563,0.838867188,0.999023438,-0.024414063,0.993460252,0.999321708
0.1,6,0,1,2,1,0.985381558,0.979034071,-0.007309221,-0.992690779,1,-0.016601563,0.55078125,-0.849609375,1.000137796,1.012519667
0.1,6,0,1,3,1,0.912168323,0.902516906,-0.043915839,-0.956084161,0.995117188,-0.030273438,0.598632813,-0.807617188,0.99557757,1.005289394
0.1,6,0,1,4,1,1.087831677,1.076498774,1.043915839,-0.043915839,0.502929688,0.861328125,0.999023438,-0.034179688,0.997408848,0.999607963
0.1,6,0,1,5,1,1.014618442,1.017212282,1.007309221,-0.007309221,0.556640625,0.830078125,0.999023438,-0.037109375,0.999439082,0.999712426
0.1,6,0,1,6,1,0.985381558,0.982439766,-0.007309221,-0.992690779,1,-0.010742188,0.541015625,-0.830078125,1.000057696,0.990821679
0.1,6,0,1,7,1,0.912168323,0.936446664,-0.043915839,-0.956084161,0.999023438,-0.046875,0.556640625,-0.8359375,1.00012254,1.004310853
0.1,6,0,1,8,1,1.087831677,1.03816737,1.043915839,-0.043915839,0.524414063,0.868164063,0.998046875,-0.010742188,1.014257831,0.998104684
0.1,6,0,1,9,1,1.014618442,1.012997203,1.007309221,-0.007309221,0.5234375,0.840820313,1,0.000976563,0.990437082,1.000000477
0.1,6,0,1,10,1,0.985381558,1.021678844,-0.007309221,-0.992690779,1,0.024414063,0.538085938,-0.833007813,1.000297979,0.991684674
0.1,6,0,1,11,1,0.912168323,0.901198189,-0.043915839,-0.956084161,0.997070313,-0.068359375,0.547851563,-0.798828125,0.999410933,0.968642198
0.1,6,0,1,12,1,1.087831677,1.074837676,1.043915839,-0.043915839,0.515625,0.860351563,0.999023438,-0.043945313,1.003032378,0.99998951
0.1,6,0,1,13,1,1.014618442,1.017564466,1.007309221,-0.007309221,0.524414063,0.841796875,1,-0.00390625,0.991782278,1.000007629
0.1,6,0,1,14,1,0.985381558,0.996038252,-0.007309221,-0.992690779,0.999023438,0.012695313,0.55859375,-0.838867188,0.999104098,1.007831899
0.1,6,0,1,15,1,0.912168323,0.886416555,-0.043915839,-0.956084161,0.999023438,-0.0859375,0.548828125,-0.8046875,1.002712861,0.974029919
0.1,6,2,3,0,1,1,1.021425908,1.02561253,0.02561253,0.548828125,0.856445313,0.999023438,-0.020507813,1.017207395,0.999233906
0.1,6,2,3,1,1,1,0.967751249,0.97438747,-0.02561253,0.576171875,0.834960938,0.999023438,-0.000976563,1.014462319,0.999023915
0.1,6,2,3,2,1,1,0.929782249,-0.02561253,-1.02561253,1,-0.083007813,0.543945313,-0.87109375,1.003439234,1.026976545
0.1,6,2,3,3,1,1,0.961128905,0.02561253,-0.97438747,1,-0.014648438,0.5625,-0.831054688,1.000107283,1.003522867
0.1,6,2,3,4,1,1,1.055556443,1.02561253,0.02561253,0.48828125,0.854492188,1,-0.00390625,0.984162323,1.000007629
0.1,6,2,3,5,1,1,0.976208862,0.97438747,-0.02561253,0.5625,0.830078125,0.998046875,-0.000976563,1.002714288,0.998047353
0.1,6,2,3,6,1,1,1.020202799,-0.02561253,-1.02561253,1,-0.017578125,0.505859375,-0.857421875,1.000154483,0.995522968
0.1,6,2,3,7,1,1,0.995688201,0.02561253,-0.97438747,1,0.015625,0.552734375,-0.82421875,1.000122063,0.992397016
0.1,6,2,3,8,1,1,0.97068009,1.02561253,0.02561253,0.545898438,0.844726563,0.999023438,0.026367188,1.005767403,0.999371331
0.1,6,2,3,9,1,1,0.992800255,0.97438747,-0.02561253,0.55859375,0.833007813,0.999023438,-0.012695313,1.002960115,0.999104098
0.1,6,2,3,10,1,1,0.976762168,-0.02561253,-1.02561253,1,-0.014648438,0.55078125,-0.841796875,1.000107283,1.005973143
0.1,6,2,3,11,1,1,0.991735315,0.02561253,-0.97438747,1,0.009765625,0.547851563,-0.8203125,1.000047683,0.986434961
0.1,6,2,3,12,1,1,1.016352369,1.02561253,0.02561253,0.51953125,0.840820313,1,0.000976563,0.988378226,1.000000477
0.1,6,2,3,13,1,1,0.9566012,0.97438747,-0.02561253,0.5859375,0.810546875,0.999023438,-0.01171875,1.000154483,0.999092167
0.1,6,2,3,14,1,1,1.011061969,-0.02561253,-1.02561253,1,-0.0390625,0.506835938,-0.883789063,1.000762649,1.018806053
0.1,6,2,3,15,1,1,1.008596235,0.02561253,-0.97438747,1,0.037109375,0.568359375,-0.83203125,1.000688316,1.007625119
0.1,6,0,1,0,2,1.087831677,1.087795266,1.043915839,-0.043915839,0.5234375,0.883789063,1,-0.051757813,1.027165967,1.00133854
0.1,6,0,1,1,2,1.014618442,1.023706696,1.007309221,-0.007309221,0.526367188,0.841796875,1,-0.01171875,0.992816395,1.000068662
0.1,6,0,1,2,2,0.985381558,0.970746901,-0.007309221,-0.992690779,1,-0.018554688,0.548828125,-0.834960938,1.000172123,0.999185707
0.1,6,0,1,3,2,0.912168323,0.903121538,-0.043915839,-0.956084161,0.998046875,-0.045898438,0.584960938,-0.81640625,0.999101712,1.004339815
0.1,6,0,1,4,2,1.087831677,1.067786899,1.043915839,-0.043915839,0.506835938,0.862304688,0.998046875,-0.028320313,1.000225995,0.998448599
0.1,6,0,1,5,2,1.014618442,1.00233615,1.007309221,-0.007309221,0.5390625,0.82421875,1,-0.010742188,0.984847667,1.000057696
0.1,6,0,1,6,2,0.985381558,0.973813256,-0.007309221,-0.992690779,0.998046875,-0.026367188,0.537109375,-0.836914063,0.998395109,0.99444036
0.1,6,0,1,7,2,0.912168323,0.933060302,-0.043915839,-0.956084161,1,-0.047851563,0.549804688,-0.821289063,1.001144231,0.988332393
0.1,6,0,1,8,2,1.087831677,1.035337873,1.043915839,-0.043915839,0.537109375,0.866210938,0.997070313,-0.01953125,1.019219245,0.997261589
0.1,6,0,1,9,2,1.014618442,1.021173835,1.007309221,-0.007309221,0.53515625,0.822265625,1,-0.02734375,0.981077454,1.00037377
0.1,6,0,1,10,2,0.985381558,1.011539355,-0.007309221,-0.992690779,0.999023438,0.012695313,0.557617188,-0.866210938,0.999104098,1.030173925
0.1,6,0,1,11,2,0.912168323,0.860360059,-0.043915839,-0.956084161,1,-0.086914063,0.588867188,-0.818359375,1.003769921,1.008204657
0.1,6,0,1,12,2,1.087831677,1.094678874,1.043915839,-0.043915839,0.479492188,0.856445313,0.997070313,-0.034179688,0.981535191,0.997655982
0.1,6,0,1,13,2,1.014618442,1.045400622,1.007309221,-0.007309221,0.489257813,0.8515625,1,0.00390625,0.982105849,1.000007629
0.1,6,0,1,14,2,0.985381558,0.981443832,-0.007309221,-0.992690779,1,0,0.557617188,-0.833984375,1,1.003228222
0.1,6,0,1,15,2,0.912168323,0.884642785,-0.043915839,-0.956084161,0.999023438,-0.046875,0.60546875,-0.814453125,1.00012254,1.014852846
0.1,6,2,3,0,2,1,0.998041316,1.02561253,0.02561253,0.536132813,0.84765625,1,0.008789063,1.002975329,1.000038623
0.1,6,2,3,1,2,1,0.997774868,0.97438747,-0.02561253,0.549804688,0.818359375,1,-0.018554688,0.985899214,1.000172123
0.1,6,2,3,2,2,1,0.962159689,-0.02561253,-1.02561253,0.999023438,-0.065429688,0.522460938,-0.865234375,1.001163759,1.0107403
0.1,6,2,3,3,2,1,0.98995303,0.02561253,-0.97438747,1,0.036132813,0.579101563,-0.81640625,1.000652577,1.000938452
0.1,6,2,3,4,2,1,0.965637466,1.02561253,0.02561253,0.54296875,0.83984375,1,0.03125,1.000076291,1.000488162
0.1,6,2,3,5,2,1,0.991709738,0.97438747,-0.02561253,0.530273438,0.814453125,1,0.001953125,0.971866149,1.000001907
0.1,6,2,3,6,2,1,0.982281274,-0.02561253,-1.02561253,1,-0.055664063,0.509765625,-0.864257813,1.001548046,1.003395515
0.1,6,2,3,7,2,1,1.044186559,0.02561253,-0.97438747,1,0.052734375,0.544921875,-0.833007813,1.001389492,0.995410401
0.1,6,2,3,8,2,1,1.035568807,1.02561253,0.02561253,0.5390625,0.864257813,1,-0.022460938,1.018592139,1.000252215
0.1,6,2,3,9,2,1,0.963432299,0.97438747,-0.02561253,0.588867188,0.828125,0.998046875,-0.010742188,1.01614742,0.998104684
0.1,6,2,3,10,2,1,0.959232699,-0.02561253,-1.02561253,1,-0.060546875,0.534179688,-0.869140625,1.001831285,1.020173203
0.1,6,2,3,11,2,1,0.933492882,0.02561253,-0.97438747,0.999023438,-0.030273438,0.577148438,-0.831054688,0.999482021,1.011806411
0.1,6,2,3,12,2,1,0.980865933,1.02561253,0.02561253,0.502929688,0.86328125,1,0.0625,0.999095985,1.001951221
0.1,6,2,3,13,2,1,1.012766337,0.97438747,-0.02561253,0.559570313,0.821289063,0.999023438,-0.040039063,0.993798098,0.999825462
0.1,6,2,3,14,2,1,0.979754405,-0.02561253,-1.02561253,1,-0.01953125,0.541992188,-0.842773438,1.000190717,1.002009281
0.1,6,2,3,15,2,1,1.007561155,0.02561253,-0.97438747,1,0.03125,0.5625,-0.83203125,1.000488162,1.004331743
0.1,6,0,1,0,3,1.087831677,1.046062367,1.043915839,-0.043915839,0.53125,0.866210938,0.999023438,-0.025390625,1.016143666,0.999346042
0.1,6,0,1,1,3,1.014618442,1.033439232,1.007309221,-0.007309221,0.532226563,0.862304688,1,-0.015625,1.013328421,1.000122063
0.1,6,0,1,2,3,0.985381558,0.942323311,-0.007309221,-0.992690779,0.999023438,-0.026367188,0.56640625,-0.82421875,0.999371331,1.000076291
0.1,6,0,1,3,3,0.912168323,0.917835818,-0.043915839,-0.956084161,0.998046875,-0.043945313,0.569335938,-0.81640625,0.999013891,0.995320338
0.1,6,0,1,4,3,1.087831677,1.0895927,1.043915839,-0.043915839,0.491210938,0.8515625,0.999023438,-0.041992188,0.9830803,0.999905582
0.1,6,0,1,5,3,1.014618442,1.0383113,1.007309221,-0.007309221,0.516601563,0.857421875,0.999023438,-0.009765625,1.001024199,0.999071167
0.1,6,0,1,6,3,0.985381558,0.947006035,-0.007309221,-0.992690779,1,-0.03125,0.565429688,-0.83984375,1.000488162,1.012446668
0.1,6,0,1,7,3,0.912168323,0.904787563,-0.043915839,-0.956084161,1,-0.0546875,0.565429688,-0.806640625,1.001494245,0.98507859
0.1,6,0,1,8,3,1.087831677,1.1167777,1.043915839,-0.043915839,0.494140625,0.856445313,0.999023438,-0.069335938,0.988773751,1.001426633
0.1,6,0,1,9,3,1.014618442,0.988530611,1.007309221,-0.007309221,0.552734375,0.8359375,1,-0.001953125,1.002151083,1.000001907
0.1,6,0,1,10,3,0.985381558,1.035756926,-0.007309221,-0.992690779,0.999023438,0.026367188,0.526367188,-0.836914063,0.999371331,0.988679708
0.1,6,0,1,11,3,0.912168323,0.8815517,-0.043915839,-0.956084161,1,-0.061523438,0.591796875,-0.815429688,1.001890779,1.007546087
0.1,6,0,1,12,3,1.087831677,1.081680777,1.043915839,-0.043915839,0.490234375,0.8671875,0.999023438,-0.025390625,0.996164596,0.999346042
0.1,6,0,1,13,3,1.014618442,1.040418406,1.007309221,-0.007309221,0.543945313,0.838867188,1,-0.044921875,0.999787308,1.001008479
0.1,6,0,1,14,3,0.985381558,0.975930646,-0.007309221,-0.992690779,0.999023438,-0.033203125,0.525390625,-0.834960938,0.999575048,0.986506501
0.1,6,0,1,15,3,0.912168323,0.927633426,-0.043915839,-0.956084161,1,-0.024414063,0.572265625,-0.803710938,1.000297979,0.986630233
0.1,6,2,3,0,3,1,1.005435214,1.02561253,0.02561253,0.534179688,0.862304688,1,0.010742188,1.014355614,1.000057696
0.1,6,2,3,1,3,1,0.986550828,0.97438747,-0.02561253,0.547851563,0.823242188,0.998046875,-0.002929688,0.988872607,0.998051175
0.1,6,2,3,2,3,1,1.033043908,-0.02561253,-1.02561253,0.998046875,-0.01171875,0.49609375,-0.854492188,0.998115672,0.988061692
0.1,6,2,3,3,3,1,0.993401583,0.02561253,-0.97438747,0.999023438,-0.013671875,0.530273438,-0.838867188,0.999116985,0.992415274
0.1,6,2,3,4,3,1,0.98870205,1.02561253,0.02561253,0.505859375,0.841796875,1,0.041015625,0.982097595,1.000840787
0.1,6,2,3,5,3,1,0.942254893,0.97438747,-0.02561253,0.598632813,0.813476563,0.998046875,-0.005859375,1.010002654,0.998064075
0.1,6,2,3,6,3,1,1.002869107,-0.02561253,-1.02561253,1,-0.015625,0.517578125,-0.83984375,1.000122063,0.986521485
0.1,6,2,3,7,3,1,1.020490143,0.02561253,-0.97438747,0.999023438,0.032226563,0.546875,-0.830078125,0.999543086,0.994033178
0.1,6,2,3,8,3,1,0.963257781,1.02561253,0.02561253,0.51171875,0.845703125,1,0.063476563,0.988468439,1.002012612
0.1,6,2,3,9,3,1,0.971071817,0.97438747,-0.02561253,0.5859375,0.8203125,0.999023438,-0.020507813,1.008084992,0.999233906
0.1,6,2,3,10,3,1,0.956526612,-0.02561253,-1.02561253,1,-0.043945313,0.546875,-0.852539063,1.00096513,1.012864808
0.1,6,2,3,11,3,1,1.024152655,0.02561253,-0.97438747,0.999023438,0.012695313,0.51171875,-0.817382813,0.999104098,0.964349906
0.1,6,2,3,12,3,1,0.974430181,1.02561253,0.02561253,0.522460938,0.833007813,0.998046875,0.036132813,0.983294181,0.998700728
0.1,6,2,3,13,3,1,0.972903335,0.97438747,-0.02561253,0.581054688,0.818359375,1,-0.01953125,1.003661605,1.000190717
0.1,6,2,3,14,3,1,1.037696877,-0.02561253,-1.02561253,1,-0.008789063,0.504882813,-0.873046875,1.000038623,1.008522434
0.1,6,2,3,15,3,1,1.031027189,0.02561253,-0.97438747,1,0.0625,0.573242188,-0.833984375,1.001951221,1.011996316
0.1,6,0,1,0,4,1.087831677,1.076033913,1.043915839,-0.043915839,0.517578125,0.856445313,0.999023438,-0.048828125,1.000692605,1.000215984
0.1,6,0,1,1,4,1.014618442,1.006677377,1.007309221,-0.007309221,0.5234375,0.862304688,1,0.018554688,1.008739902,1.000172123
0.1,6,0,1,2,4,0.985381558,1.041220803,-0.007309221,-0.992690779,1,0.015625,0.508789063,-0.838867188,1.000122063,0.981103699
0.1,6,0,1,3,4,0.912168323,0.885147887,-0.043915839,-0.956084161,0.999023438,-0.087890625,0.5546875,-0.814453125,1.002882142,0.98539947
0.1,6,0,1,4,4,1.087831677,1.092790644,1.043915839,-0.043915839,0.500976563,0.86328125,1,-0.047851563,0.998114238,1.001144231
0.1,6,0,1,5,4,1.014618442,1.028222869,1.007309221,-0.007309221,0.544921875,0.846679688,1,-0.029296875,1.006879508,1.000429061
0.1,6,0,1,6,4,0.985381558,1.008097575,-0.007309221,-0.992690779,1,0.010742188,0.544921875,-0.84375,1.000057696,1.0044172
0.1,6,0,1,7,4,0.912168323,0.913136441,-0.043915839,-0.956084161,0.999023438,-0.024414063,0.584960938,-0.796875,0.999321708,0.988528737
0.1,6,0,1,8,4,1.087831677,1.092921978,1.043915839,-0.043915839,0.494140625,0.859375,0.999023438,-0.043945313,0.991312437,0.99998951
0.1,6,0,1,9,4,1.014618442,1.015012877,1.007309221,-0.007309221,0.5078125,0.852539063,0.999023438,0.018554688,0.992318693,0.999195729
0.1,6,0,1,10,4,0.985381558,1.017381496,-0.007309221,-0.992690779,1,0.008789063,0.520507813,-0.826171875,1.000038623,0.976467281
0.1,6,0,1,11,4,0.912168323,0.894871881,-0.043915839,-0.956084161,1,-0.051757813,0.5859375,-0.813476563,1.00133854,1.002530235
0.1,6,0,1,12,4,1.087831677,1.071747903,1.043915839,-0.043915839,0.500976563,0.848632813,0.998046875,-0.034179688,0.985472053,0.998631972
0.1,6,0,1,13,4,1.014618442,1.042037233,1.007309221,-0.007309221,0.51171875,0.860351563,1,-0.0078125,1.001029915,1.000030517
0.1,6,0,1,14,4,0.985381558,0.990557304,-0.007309221,-0.992690779,1,0.01171875,0.573242188,-0.852539063,1.000068662,1.027340965
0.1,6,0,1,15,4,0.912168323,0.913778522,-0.043915839,-0.956084161,1,-0.05078125,0.57421875,-0.828125,1.001288538,1.007729224
0.1,6,2,3,0,4,1,1.006682077,1.02561253,0.02561253,0.5234375,0.841796875,1,0.0078125,0.991266258,1.000030517
0.1,6,2,3,1,4,1,1.011735002,0.97438747,-0.02561253,0.541015625,0.821289063,1,-0.0234375,0.983470198,1.00027462
0.1,6,2,3,2,4,1,0.993094408,-0.02561253,-1.02561253,1,-0.006835938,0.538085938,-0.837890625,1.000023365,0.995789725
0.1,6,2,3,3,4,1,0.951921042,0.02561253,-0.97438747,0.998046875,-0.013671875,0.57421875,-0.830078125,0.998140514,1.009334863
0.1,6,2,3,4,4,1,1.034281,1.02561253,0.02561253,0.486328125,0.8671875,0.999023438,0.025390625,0.99424806,0.999346042
0.1,6,2,3,5,4,1,1.003791753,0.97438747,-0.02561253,0.54296875,0.822265625,1,-0.016601563,0.985360757,1.000137796
0.1,6,2,3,6,4,1,0.98188275,-0.02561253,-1.02561253,0.999023438,-0.015625,0.55859375,-0.865234375,0.99914562,1.029882275
0.1,6,2,3,7,4,1,1.052597724,0.02561253,-0.97438747,0.997070313,0.060546875,0.534179688,-0.817382813,0.998906969,0.976454096
0.1,6,2,3,8,4,1,1.009290498,1.02561253,0.02561253,0.501953125,0.846679688,1,0.026367188,0.984288288,1.000347554
0.1,6,2,3,9,4,1,1.0173941,0.97438747,-0.02561253,0.5625,0.83203125,0.998046875,-0.041015625,1.004331743,0.998889306
0.1,6,2,3,10,4,1,0.969859926,-0.02561253,-1.02561253,1,-0.05078125,0.528320313,-0.861328125,1.001288538,1.010449648
0.1,6,2,3,11,4,1,1.006671471,0.02561253,-0.97438747,0.999023438,0.032226563,0.563476563,-0.830078125,0.999543086,1.003262443
0.1,6,2,3,12,4,1,0.988690233,1.02561253,0.02561253,0.533203125,0.864257813,0.999023438,0.029296875,1.015503392,0.999452918
0.1,6,2,3,13,4,1,0.948564695,0.97438747,-0.02561253,0.55859375,0.813476563,1,0.020507813,0.986798407,1.000210263
0.1,6,2,3,14,4,1,1.015557698,-0.02561253,-1.02561253,1,-0.013671875,0.526367188,-0.875,1.000093456,1.021120667
0.1,6,2,3,15,4,1,0.985127157,0.02561253,-0.97438747,1,0.041015625,0.591796875,-0.817382813,1.000840787,1.009127447
0.1,6,0,1,0,5,1.087831677,1.11572865,1.043915839,-0.043915839,0.485351563,0.866210938,0.999023438,-0.055664063,0.992918691,1.000572994
0.1,6,0,1,1,5,1.014618442,1.010369164,1.007309221,-0.007309221,0.534179688,0.845703125,0.999023438,-0.002929688,1.000280818,0.999027733
0.1,6,0,1,2,5,0.985381558,0.999749964,-0.007309221,-0.992690779,1,0.004882813,0.549804688,-0.846679688,1.000011921,1.009530429
0.1,6,0,1,3,5,0.912168323,0.973919609,-0.043915839,-0.956084161,1,-0.010742188,0.561523438,-0.845703125,1.000057696,1.015146466
0.1,6,0,1,4,5,1.087831677,1.095094942,1.043915839,-0.043915839,0.505859375,0.841796875,0.999023438,-0.065429688,0.982097595,1.001163759
0.1,6,0,1,5,5,1.014618442,1.005900062,1.007309221,-0.007309221,0.560546875,0.84375,0.999023438,-0.021484375,1.012979201,0.999254426
0.1,6,0,1,6,5,0.985381558,0.985723402,-0.007309221,-0.992690779,1,0.002929688,0.560546875,-0.840820313,1.000004292,1.01054025
0.1,6,0,1,7,5,0.912168323,0.929522712,-0.043915839,-0.956084161,1,-0.0234375,0.573242188,-0.806640625,1.00027462,0.989583601
0.1,6,0,1,8,5,1.087831677,1.108167226,1.043915839,-0.043915839,0.525390625,0.875,0.998046875,-0.078125,1.020617611,1.001099935
0.1,6,0,1,9,5,1.014618442,1.030005006,1.007309221,-0.007309221,0.49609375,0.844726563,0.999023438,0.009765625,0.979628488,0.999071167
0.1,6,0,1,10,5,0.985381558,0.94644712,-0.007309221,-0.992690779,1,-0.041015625,0.545898438,-0.827148438,1.000840787,0.991049768
0.1,6,0,1,11,5,0.912168323,0.86884013,-0.043915839,-0.956084161,0.999023438,-0.086914063,0.581054688,-0.822265625,1.00279703,1.006849198
0.1,6,0,1,12,5,1.087831677,1.111866269,1.043915839,-0.043915839,0.486328125,0.870117188,1,-0.05078125,0.996804377,1.001288538
0.1,6,0,1,13,5,1.014618442,1.032274103,1.007309221,-0.007309221,0.524414063,0.84375,1,-0.017578125,0.993440573,1.000154483
0.1,6,0,1,14,5,0.985381558,1.024664911,-0.007309221,-0.992690779,1,0.0078125,0.514648438,-0.83203125,1.000030517,0.978334818
0.1,6,0,1,15,5,0.912168323,0.868074656,-0.043915839,-0.956084161,0.999023438,-0.064453125,0.603515625,-0.813476563,1.001100412,1.012904353
0.1,6,2,3,0,5,1,0.948771904,1.02561253,0.02561253,0.516601563,0.8671875,1,0.084960938,1.009401473,1.003602691
0.1,6,2,3,1,5,1,1.011714316,0.97438747,-0.02561253,0.545898438,0.844726563,1,-0.014648438,1.005767403,1.000107283
0.1,6,2,3,2,5,1,0.989992203,-0.02561253,-1.02561253,1,-0.021484375,0.53125,-0.848632813,1.000230763,1.001201385
0.1,6,2,3,3,5,1,0.995915016,0.02561253,-0.97438747,1,0.028320313,0.56640625,-0.822265625,1.00040094,0.998467224
0.1,6,2,3,4,5,1,0.997917639,1.02561253,0.02561253,0.530273438,0.841796875,1,0.010742188,0.994892907,1.000057696
0.1,6,2,3,5,5,1,0.973531735,0.97438747,-0.02561253,0.581054688,0.852539063,1,-0.000976563,1.031720603,1.000000477
0.1,6,2,3,6,5,1,0.979352641,-0.02561253,-1.02561253,1,-0.03515625,0.5234375,-0.841796875,1.00061779,0.991266258
0.1,6,2,3,7,5,1,1.030357232,0.02561253,-0.97438747,1,0.064453125,0.568359375,-0.822265625,1.00207495,0.999576479
0.1,6,2,3,8,5,1,0.99847946,1.02561253,0.02561253,0.49609375,0.86328125,1,0.05078125,0.995672399,1.001288538
0.1,6,2,3,9,5,1,1.017176057,0.97438747,-0.02561253,0.556640625,0.830078125,1,-0.037109375,0.999439082,1.000688316
0.1,6,2,3,10,5,1,0.999354813,-0.02561253,-1.02561253,1,-0.02734375,0.517578125,-0.85546875,1.00037377,0.999856939
0.1,6,2,3,11,5,1,0.98391634,0.02561253,-0.97438747,1,0.01953125,0.5703125,-0.822265625,1.000190717,1.000688316
0.1,6,2,3,12,5,1,0.976290735,1.02561253,0.02561253,0.55859375,0.858398438,0.998046875,0.017578125,1.024145915,0.998201661
0.1,6,2,3,13,5,1,1.032829475,0.97438747,-0.02561253,0.551757813,0.828125,1,-0.049804688,0.995101854,1.001239485
0.1,6,2,3,14,5,1,0.978670042,-0.02561253,-1.02561253,1,-0.036132813,0.52734375,-0.848632813,1.000652577,0.999134166
0.1,6,2,3,15,5,1,0.984112934,0.02561253,-0.97438747,1,0.025390625,0.58203125,-0.829101563,1.00032229,1.013000383
0.1,6,0,1,0,6,1.087831677,1.07232839,1.043915839,-0.043915839,0.493164063,0.85546875,0.997070313,-0.024414063,0.987439909,0.997369167
0.1,6,0,1,1,6,1.014618442,1.032325184,1.007309221,-0.007309221,0.528320313,0.842773438,1,-0.021484375,0.994680562,1.000230763
0.1,6,0,1,2,6,0.985381558,0.993055102,-0.007309221,-0.992690779,0.999023438,0.001953125,0.553710938,-0.845703125,0.999025347,1.010845971
0.1,6,0,1,3,6,0.912168323,0.926419798,-0.043915839,-0.956084161,0.999023438,-0.04296875,0.572265625,-0.833984375,0.99994707,1.011443465
0.1,6,0,1,4,6,1.087831677,1.104504283,1.043915839,-0.043915839,0.479492188,0.8828125,0.999023438,-0.03125,1.00462464,0.999512077
0.1,6,0,1,5,6,1.014618442,1.061091772,1.007309221,-0.007309221,0.520507813,0.833007813,1,-0.048828125,0.982257807,1.001191383
0.1,6,0,1,6,6,0.985381558,1.028789068,-0.007309221,-0.992690779,1,0.028320313,0.529296875,-0.825195313,1.00040094,0.980358346
0.1,6,0,1,7,6,0.912168323,0.875077727,-0.043915839,-0.956084161,0.998046875,-0.052734375,0.615234375,-0.821289063,0.999439082,1.026172042
0.1,6,0,1,8,6,1.087831677,1.099602182,1.043915839,-0.043915839,0.490234375,0.879882813,0.999023438,-0.037109375,1.007235576,0.999712426
0.1,6,0,1,9,6,1.014618442,1.020439128,1.007309221,-0.007309221,0.5,0.833007813,1,0.009765625,0.971546198,1.000047683
0.1,6,0,1,10,6,0.985381558,1.007330564,-0.007309221,-0.992690779,0.998046875,0.029296875,0.56640625,-0.840820313,0.998476776,1.013802169
0.1,6,0,1,11,6,0.912168323,0.880890909,-0.043915839,-0.956084161,0.997070313,-0.059570313,0.58984375,-0.80859375,0.998848252,1.000869373
0.1,6,0,1,12,6,1.087831677,1.040512051,1.043915839,-0.043915839,0.520507813,0.874023438,0.999023438,-0.006835938,1.017273489,0.999046825
0.1,6,0,1,13,6,1.014618442,1.017088649,1.007309221,-0.007309221,0.532226563,0.836914063,0.998046875,-0.012695313,0.991811606,0.998127615
0.1,6,0,1,14,6,0.985381558,0.99002971,-0.007309221,-0.992690779,0.999023438,-0.00390625,0.556640625,-0.85546875,0.999031074,1.020625087
0.1,6,0,1,15,6,0.912168323,0.928602244,-0.043915839,-0.956084161,0.997070313,-0.024414063,0.5703125,-0.802734375,0.997369167,0.984702404
0.1,6,2,3,0,6,1,0.977955989,1.02561253,0.02561253,0.5,0.852539063,1,0.0625,0.988343489,1.001951221
0.1,6,2,3,1,6,1,1.007760406,0.97438747,-0.02561253,0.5390625,0.825195313,1,-0.015625,0.985665097,1.000122063
0.1,6,2,3,2,6,1,1.030866916,-0.02561253,-1.02561253,1,-0.00390625,0.505859375,-0.8515625,1.000007629,0.990480893
0.1,6,2,3,3,6,1,0.976524501,0.02561253,-0.97438747,0.998046875,0.032226563,0.581054688,-0.802734375,0.998567031,0.990962677
0.1,6,2,3,4,6,1,1.009294211,1.02561253,0.02561253,0.543945313,0.881835938,0.999023438,0.008789063,1.036103819,0.999062098
0.1,6,2,3,5,6,1,0.977667397,0.97438747,-0.02561253,0.583007813,0.83984375,0.999023438,-0.013671875,1.022367661,0.999116985
0.1,6,2,3,6,6,1,0.982449344,-0.02561253,-1.02561253,1,-0.049804688,0.514648438,-0.861328125,1.001239485,1.003368902
0.1,6,2,3,7,6,1,0.998251776,0.02561253,-0.97438747,0.999023438,0.030273438,0.569335938,-0.827148438,0.999482021,1.004150361
0.1,6,2,3,8,6,1,1.045030608,1.02561253,0.02561253,0.5390625,0.852539063,1,-0.038085938,1.008668048,1.000725007
0.1,6,2,3,9,6,1,1.01258097,0.97438747,-0.02561253,0.549804688,0.829101563,1,-0.02734375,0.994833954,1.00037377
0.1,6,2,3,10,6,1,0.987013355,-0.02561253,-1.02561253,1,-0.03125,0.529296875,-0.858398438,1.000488162,1.008465696
0.1,6,2,3,11,6,1,0.969322394,0.02561253,-0.97438747,1,0.004882813,0.563476563,-0.8125,1.000011921,0.988767964
0.1,6,2,3,12,6,1,1.033415116,1.02561253,0.02561253,0.491210938,0.854492188,0.998046875,0.015625,0.985619137,0.998169177
0.1,6,2,3,13,6,1,1.01559217,0.97438747,-0.02561253,0.564453125,0.828125,0.997070313,-0.04296875,1.00219676,0.997995752
0.1,6,2,3,14,6,1,0.984839935,-0.02561253,-1.02561253,0.998046875,-0.043945313,0.506835938,-0.841796875,0.999013891,0.98260096
0.1,6,2,3,15,6,1,0.949327949,0.02561253,-0.97438747,1,-0.040039063,0.544921875,-0.829101563,1.000801242,0.992143765
0.1,6,0,1,0,7,1.087831677,1.111206644,1.043915839,-0.043915839,0.516601563,0.875976563,0.998046875,-0.073242188,1.016962198,1.000730724
0.1,6,0,1,1,7,1.014618442,1.006434093,1.007309221,-0.007309221,0.499023438,0.84375,1,0.030273438,0.980274683,1.000458136
0.1,6,0,1,2,7,0.985381558,1.017532576,-0.007309221,-0.992690779,1,0.020507813,0.537109375,-0.831054688,1.000210263,0.989514211
0.1,6,0,1,3,7,0.912168323,0.949509377,-0.043915839,-0.956084161,1,0,0.573242188,-0.80078125,1,0.98481329
0.1,6,0,1,4,7,1.087831677,1.075089808,1.043915839,-0.043915839,0.497070313,0.881835938,1,-0.017578125,1.012281342,1.000154483
0.1,6,0,1,5,7,1.014618442,1.019647345,1.007309221,-0.007309221,0.53515625,0.857421875,1,-0.006835938,1.010724732,1.000023365
0.1,6,0,1,6,7,0.985381558,1.002796531,-0.007309221,-0.992690779,1,0.008789063,0.540039063,-0.830078125,1.000038623,0.990288787
0.1,6,0,1,7,7,0.912168323,0.939154857,-0.043915839,-0.956084161,1,-0.021484375,0.567382813,-0.811523438,1.000230763,0.99019874
0.1,6,0,1,8,7,1.087831677,1.049100577,1.043915839,-0.043915839,0.537109375,0.875976563,0.999023438,-0.028320313,1.027531712,0.999424769
0.1,6,0,1,9,7,1.014618442,1.036443898,1.007309221,-0.007309221,0.524414063,0.853515625,1,-0.016601563,1.001747988,1.000137796
0.1,6,0,1,10,7,0.985381558,0.985537514,-0.007309221,-0.992690779,0.998046875,-0.014648438,0.545898438,-0.850585938,0.998154368,1.010693594
0.1,6,0,1,11,7,0.912168323,0.965785767,-0.043915839,-0.956084161,1,0.01171875,0.578125,-0.815429688,1.000068662,0.999576956
0.1,6,0,1,12,7,1.087831677,1.036707814,1.043915839,-0.043915839,0.53515625,0.854492188,0.998046875,-0.025390625,1.008240601,0.998369795
0.1,6,0,1,13,7,1.014618442,0.948525206,1.007309221,-0.007309221,0.55859375,0.8359375,1,0.033203125,1.005394689,1.000551072
0.1,6,0,1,14,7,0.985381558,1.022114554,-0.007309221,-0.992690779,1,0.010742188,0.533203125,-0.8515625,1.000057696,1.004720988
0.1,6,0,1,15,7,0.912168323,0.894498362,-0.043915839,-0.956084161,0.998046875,-0.046875,0.59375,-0.815429688,0.999147051,1.008694522
0.1,6,2,3,0,7,1,0.998870011,1.02561253,0.02561253,0.516601563,0.841796875,0.999023438,0.021484375,0.987673607,0.999254426
0.1,6,2,3,1,7,1,1.009773286,0.97438747,-0.02561253,0.575195313,0.84765625,0.999023438,-0.03515625,1.024387996,0.999641831
0.1,6,2,3,2,7,1,0.977982958,-0.02561253,-1.02561253,1,-0.033203125,0.537109375,-0.857421875,1.000551072,1.011760225
0.1,6,2,3,3,7,1,1.016308874,0.02561253,-0.97438747,0.998046875,0.03125,0.541015625,-0.815429688,0.998535992,0.978582384
0.1,6,2,3,4,7,1,1.024269193,1.02561253,0.02561253,0.525390625,0.848632813,0.999023438,-0.0078125,0.998104684,0.999053984
0.1,6,2,3,5,7,1,1.017773568,0.97438747,-0.02561253,0.553710938,0.81640625,1,-0.04296875,0.986465898,1.000922731
0.1,6,2,3,6,7,1,0.961935262,-0.02561253,-1.02561253,1,-0.0546875,0.5234375,-0.845703125,1.001494245,0.994585638
0.1,6,2,3,7,7,1,0.970134372,0.02561253,-0.97438747,1,-0.001953125,0.5703125,-0.8359375,1.000001907,1.011952495
0.1,6,2,3,8,7,1,0.992914469,1.02561253,0.02561253,0.516601563,0.860351563,0.999023438,0.037109375,1.003534746,0.999712426
0.1,6,2,3,9,7,1,1.004176169,0.97438747,-0.02561253,0.557617188,0.822265625,1,-0.029296875,0.993507768,1.000429061
0.1,6,2,3,10,7,1,1.004586907,-0.02561253,-1.02561253,1,-0.012695313,0.524414063,-0.848632813,1.000080582,0.997590978
0.1,6,2,3,11,7,1,1.020623565,0.02561253,-0.97438747,1,0.05078125,0.557617188,-0.813476563,1.001288538,0.986245936
0.1,6,2,3,12,7,1,0.977760514,1.02561253,0.02561253,0.557617188,0.86328125,1,0.01953125,1.027711752,1.000190717
0.1,6,2,3,13,7,1,1.000100153,0.97438747,-0.02561253,0.571289063,0.828125,1,-0.033203125,1.006062726,1.000551072
0.1,6,2,3,14,7,1,1.009692838,-0.02561253,-1.02561253,0.998046875,-0.014648438,0.521484375,-0.857421875,0.998154368,1.003552801
0.1,6,2,3,15,7,1,1.00578739,0.02561253,-0.97438747,1,0.034179688,0.546875,-0.80078125,1.000583955,0.969702468
0.1,6,0,1,0,8,1.087831677,1.079553196,1.043915839,-0.043915839,0.500976563,0.850585938,0.999023438,-0.041015625,0.987154473,0.999865046
0.1,6,0,1,1,8,1.014618442,0.991960179,1.007309221,-0.007309221,0.532226563,0.86328125,1,0.026367188,1.014159569,1.000347554
0.1,6,0,1,2,8,0.985381558,0.972157175,-0.007309221,-0.992690779,1,-0.01171875,0.5546875,-0.833984375,1.000068662,1.001602796
0.1,6,0,1,3,8,0.912168323,0.871487357,-0.043915839,-0.956084161,0.998046875,-0.083007813,0.5859375,-0.827148438,1.001492817,1.013655411
0.1,6,0,1,4,8,1.087831677,1.029410415,1.043915839,-0.043915839,0.556640625,0.865234375,0.999023438,-0.030273438,1.028824236,0.999482021
0.1,6,0,1,5,8,1.014618442,1.025181188,1.007309221,-0.007309221,0.545898438,0.830078125,1,-0.036132813,0.993496249,1.000652577
0.1,6,0,1,6,8,0.985381558,0.975414841,-0.007309221,-0.992690779,0.998046875,-0.014648438,0.549804688,-0.837890625,0.998154368,1.002170591
0.1,6,0,1,7,8,0.912168323,0.939204479,-0.043915839,-0.956084161,0.995117188,0.009765625,0.61328125,-0.821289063,0.995165104,1.025002252
0.1,6,0,1,8,8,1.087831677,1.128614373,1.043915839,-0.043915839,0.525390625,0.860351563,1,-0.106445313,1.008087357,1.005649345
0.1,6,0,1,9,8,1.014618442,1.026119021,1.007309221,-0.007309221,0.537109375,0.850585938,1,-0.018554688,1.005973617,1.000172123
0.1,6,0,1,10,8,0.985381558,0.983881735,-0.007309221,-0.992690779,1,0.010742188,0.568359375,-0.834960938,1.000057696,1.010045616
0.1,6,0,1,11,8,0.912168323,0.888501971,-0.043915839,-0.956084161,0.999023438,-0.053710938,0.592773438,-0.815429688,1.000466238,1.008119995
0.1,6,0,1,12,8,1.087831677,1.083891642,1.043915839,-0.043915839,0.506835938,0.873046875,0.999023438,-0.0390625,1.009501616,0.999786831
0.1,6,0,1,13,8,1.014618442,0.930957696,1.007309221,-0.007309221,0.568359375,0.83984375,1,0.044921875,1.014085748,1.001008479
0.1,6,0,1,14,8,0.985381558,1.006734963,-0.007309221,-0.992690779,1,0.004882813,0.528320313,-0.826171875,1.000011921,0.980654026
0.1,6,0,1,15,8,0.912168323,0.908230513,-0.043915839,-0.956084161,0.999023438,-0.03515625,0.569335938,-0.78515625,0.999641831,0.969852435
0.1,6,2,3,0,8,1,1.031368326,1.02561253,0.02561253,0.49609375,0.83984375,0.997070313,0.005859375,0.975421208,0.997087529
0.1,6,2,3,1,8,1,0.976992916,0.97438747,-0.02561253,0.548828125,0.809570313,1,-0.001953125,0.978067688,1.000001907
0.1,6,2,3,2,8,1,0.972322622,-0.02561253,-1.02561253,1,-0.041992188,0.522460938,-0.83984375,1.000881284,0.989091985
0.1,6,2,3,3,8,1,1.023307551,0.02561253,-0.97438747,1,0.033203125,0.547851563,-0.834960938,1.000551072,0.998649639
0.1,6,2,3,4,8,1,0.986004006,1.02561253,0.02561253,0.515625,0.866210938,0.999023438,0.047851563,1.00806276,1.000168786
0.1,6,2,3,5,8,1,0.973823906,0.97438747,-0.02561253,0.584960938,0.827148438,0.999023438,-0.018554688,1.013091228,0.999195729
0.1,6,2,3,6,8,1,0.931801279,-0.02561253,-1.02561253,0.999023438,-0.080078125,0.53515625,-0.85546875,1.002227686,1.009068379
0.1,6,2,3,7,8,1,0.958929197,0.02561253,-0.97438747,1,0.012695313,0.584960938,-0.811523438,1.000080582,1.000374724
0.1,6,2,3,8,8,1,0.959525838,1.02561253,0.02561253,0.521484375,0.866210938,0.998046875,0.069335938,1.011072372,1.000452416
0.1,6,2,3,9,8,1,0.966839037,0.97438747,-0.02561253,0.563476563,0.833984375,1,0.009765625,1.006496783,1.000047683
0.1,6,2,3,10,8,1,0.97585815,-0.02561253,-1.02561253,0.999023438,-0.0546875,0.513671875,-0.856445313,1.000519141,0.99867781
0.1,6,2,3,11,8,1,0.984342277,0.02561253,-0.97438747,0.998046875,0.01953125,0.590820313,-0.852539063,0.998237965,1.037251896
0.1,6,2,3,12,8,1,1.02210993,1.02561253,0.02561253,0.524414063,0.846679688,1,-0.005859375,0.995930019,1.000017166
0.1,6,2,3,13,8,1,0.987119142,0.97438747,-0.02561253,0.55859375,0.80078125,0.999023438,-0.025390625,0.976359354,0.999346042
0.1,6,2,3,14,8,1,0.995735307,-0.02561253,-1.02561253,0.999023438,-0.029296875,0.522460938,-0.860351563,0.999452918,1.006563581
0.1,6,2,3,15,8,1,0.971794023,0.02561253,-0.97438747,0.999023438,0.01953125,0.581054688,-0.81640625,0.999214341,1.002069716
0.1,6,0,1,0,9,1.087831677,1.082486008,1.043915839,-0.043915839,0.514648438,0.887695313,1,-0.037109375,1.02609258,1.000688316
0.1,6,0,1,1,9,1.014618442,1.020655085,1.007309221,-0.007309221,0.537109375,0.84765625,1,-0.014648438,1.003497683,1.000107283
0.1,6,0,1,2,9,0.985381558,1.015599554,-0.007309221,-0.992690779,0.999023438,-0.0078125,0.513671875,-0.842773438,0.999053984,0.986978147
0.1,6,0,1,3,9,0.912168323,0.903783913,-0.043915839,-0.956084161,0.999023438,-0.043945313,0.590820313,-0.822265625,0.99998951,1.01251637
0.1,6,0,1,4,9,1.087831677,1.07333663,1.043915839,-0.043915839,0.504882813,0.866210938,1,-0.030273438,1.002610614,1.000458136
0.1,6,0,1,5,9,1.014618442,1.047437628,1.007309221,-0.007309221,0.526367188,0.836914063,1,-0.038085938,0.988679708,1.000725007
0.1,6,0,1,6,9,0.985381558,1.006547101,-0.007309221,-0.992690779,1,-0.000976563,0.532226563,-0.842773438,1.000000477,0.996760844
0.1,6,0,1,7,9,0.912168323,0.87953183,-0.043915839,-0.956084161,0.999023438,-0.080078125,0.581054688,-0.829101563,1.002227686,1.012439604
0.1,6,0,1,8,9,1.087831677,1.109734631,1.043915839,-0.043915839,0.529296875,0.873046875,0.998046875,-0.083984375,1.020963284,1.001574231
0.1,6,0,1,9,9,1.014618442,0.983843595,1.007309221,-0.007309221,0.547851563,0.827148438,1,0.001953125,0.992126944,1.000001907
0.1,6,0,1,10,9,0.985381558,1.000637203,-0.007309221,-0.992690779,1,-0.000976563,0.54296875,-0.848632813,1.000000477,1.007468468
0.1,6,0,1,11,9,0.912168323,0.921413159,-0.043915839,-0.956084161,0.999023438,-0.041992188,0.55859375,-0.803710938,0.999905582,0.978763633
0.1,6,0,1,12,9,1.087831677,1.06493482,1.043915839,-0.043915839,0.5546875,0.872070313,0.997070313,-0.060546875,1.033530286,0.998906969
0.1,6,0,1,13,9,1.014618442,1.021558992,1.007309221,-0.007309221,0.5390625,0.827148438,0.999023438,-0.028320313,0.987300824,0.999424769
0.1,6,0,1,14,9,0.985381558,1.013561043,-0.007309221,-0.992690779,0.999023438,0.013671875,0.53125,-0.827148438,0.999116985,0.983057018
0.1,6,0,1,15,9,0.912168323,0.891875284,-0.043915839,-0.956084161,0.999023438,-0.056640625,0.584960938,-0.815429688,1.000627797,1.003546149
0.1,6,2,3,0,9,1,0.9589429,1.02561253,0.02561253,0.544921875,0.865234375,0.999023438,0.049804688,1.022531356,1.000264133
0.1,6,2,3,1,9,1,0.970511405,0.97438747,-0.02561253,0.5703125,0.826171875,1,-0.00390625,1.00390055,1.000007629
0.1,6,2,3,2,9,1,1.029457195,-0.02561253,-1.02561253,1,-0.002929688,0.512695313,-0.858398438,1.000004292,0.99985217
0.1,6,2,3,3,9,1,0.993250651,0.02561253,-0.97438747,1,0.025390625,0.576171875,-0.836914063,1.00032229,1.016070459
0.1,6,2,3,4,9,1,1.036099382,1.02561253,0.02561253,0.494140625,0.84375,0.997070313,0.004882813,0.977798047,0.997082268
0.1,6,2,3,5,9,1,1.001215999,0.97438747,-0.02561253,0.575195313,0.825195313,0.997070313,-0.0390625,1.005881181,0.9978352
0.1,6,2,3,6,9,1,0.999058157,-0.02561253,-1.02561253,1,-0.038085938,0.517578125,-0.875976563,1.000725007,1.017458625
0.1,6,2,3,7,9,1,0.991567398,0.02561253,-0.97438747,1,0.000976563,0.533203125,-0.813476563,1.000000477,0.972650857
0.1,6,2,3,8,9,1,1.012720731,1.02561253,0.02561253,0.5078125,0.836914063,1,0.012695313,0.978927313,1.000080582
0.1,6,2,3,9,9,1,1.001034259,0.97438747,-0.02561253,0.572265625,0.83984375,0.998046875,-0.028320313,1.016280212,0.998448599
0.1,6,2,3,10,9,1,1.027365545,-0.02561253,-1.02561253,0.999023438,-0.015625,0.500976563,-0.859375,0.99914562,0.994737607
0.1,6,2,3,11,9,1,1.007131005,0.02561253,-0.97438747,1,0.032226563,0.559570313,-0.825195313,1.000519141,0.997028705
0.1,6,2,3,12,9,1,0.996623365,1.02561253,0.02561253,0.516601563,0.850585938,0.998046875,0.028320313,0.995175166,0.998448599
0.1,6,2,3,13,9,1,1.024596772,0.97438747,-0.02561253,0.569335938,0.8359375,1,-0.051757813,1.011402449,1.00133854
0.1,6,2,3,14,9,1,1.003413818,-0.02561253,-1.02561253,1,-0.059570313,0.470703125,-0.845703125,1.00177274,0.967871483
0.1,6,2,3,15,9,1,0.993361316,0.02561253,-0.97438747,0.998046875,0.03515625,0.575195313,-0.818359375,0.998665873,1.000280818
0.1,6,0,1,0,10,1.087831677,1.102796267,1.043915839,-0.043915839,0.500976563,0.842773438,0.999023438,-0.068359375,0.980430815,1.001359492
0.1,6,0,1,1,10,1.014618442,1.06365147,1.007309221,-0.007309221,0.501953125,0.873046875,1,-0.014648438,1.007058978,1.000107283
0.1,6,0,1,2,10,0.985381558,0.991514843,-0.007309221,-0.992690779,1,0.002929688,0.540039063,-0.8203125,1.000004292,0.982117501
0.1,6,0,1,3,10,0.912168323,0.949754672,-0.043915839,-0.956084161,1,-0.049804688,0.534179688,-0.831054688,1.001239485,0.987927038
0.1,6,0,1,4,10,1.087831677,1.093739008,1.043915839,-0.043915839,0.485351563,0.8671875,1,-0.033203125,0.993770748,1.000551072
0.1,6,0,1,5,10,1.014618442,0.993707706,1.007309221,-0.007309221,0.541992188,0.850585938,1,0.009765625,1.008589098,1.000047683
0.1,6,0,1,6,10,0.985381558,0.99181506,-0.007309221,-0.992690779,1,-0.005859375,0.552734375,-0.856445313,1.000017166,1.019320294
0.1,6,0,1,7,10,0.912168323,0.907807402,-0.043915839,-0.956084161,1,-0.056640625,0.5703125,-0.822265625,1.001602796,1.000688316
0.1,6,0,1,8,10,1.087831677,1.094885226,1.043915839,-0.043915839,0.518554688,0.877929688,0.999023438,-0.057617188,1.019636945,1.000683551
0.1,6,0,1,9,10,1.014618442,1.024242136,1.007309221,-0.007309221,0.521484375,0.834960938,0.999023438,-0.01171875,0.984431674,0.999092167
0.1,6,0,1,10,10,0.985381558,0.941795516,-0.007309221,-0.992690779,0.999023438,-0.053710938,0.533203125,-0.822265625,1.000466238,0.980013434
0.1,6,0,1,11,10,0.912168323,0.872480927,-0.043915839,-0.956084161,0.999023438,-0.077148438,0.59765625,-0.834960938,1.001997859,1.02681681
0.1,6,0,1,12,10,1.087831677,1.021820624,1.043915839,-0.043915839,0.536132813,0.859375,0.998046875,-0.008789063,1.012898703,0.998085574
0.1,6,0,1,13,10,1.014618442,1.000509047,1.007309221,-0.007309221,0.526367188,0.849609375,1,0.015625,0.999449101,1.000122063
0.1,6,0,1,14,10,0.985381558,0.992985349,-0.007309221,-0.992690779,1,-0.0078125,0.543945313,-0.848632813,1.000030517,1.007995116
0.1,6,0,1,15,10,0.912168323,0.899356395,-0.043915839,-0.956084161,1,-0.055664063,0.579101563,-0.818359375,1.001548046,1.002532137
0.1,6,2,3,0,10,1,0.99545795,1.02561253,0.02561253,0.509765625,0.838867188,1,0.029296875,0.981610488,1.000429061
0.1,6,2,3,1,10,1,0.944162681,0.97438747,-0.02561253,0.583984375,0.818359375,1,0.006835938,1.005360541,1.000023365
0.1,6,2,3,2,10,1,0.968628179,-0.02561253,-1.02561253,1,-0.038085938,0.533203125,-0.842773438,1.000725007,0.997282628
0.1,6,2,3,3,10,1,1.074257767,0.02561253,-0.97438747,1,0.083007813,0.548828125,-0.838867188,1.003439234,1.002452228
0.1,6,2,3,4,10,1,1.05544309,1.02561253,0.02561253,0.487304688,0.862304688,1,0.000976563,0.990472227,1.000000477
0.1,6,2,3,5,10,1,0.995161505,0.97438747,-0.02561253,0.556640625,0.837890625,0.999023438,-0.010742188,1.005937118,0.99908119
0.1,6,2,3,6,10,1,0.972810207,-0.02561253,-1.02561253,0.999023438,-0.0390625,0.538085938,-0.860351563,0.999786831,1.01476169
0.1,6,2,3,7,10,1,0.999663735,0.02561253,-0.97438747,1,0.01171875,0.549804688,-0.833984375,1.000068662,0.998906969
0.1,6,2,3,8,10,1,1.027487945,1.02561253,0.02561253,0.515625,0.86328125,0.999023438,0.004882813,1.005546447,0.99903537
0.1,6,2,3,9,10,1,0.971179879,0.97438747,-0.02561253,0.548828125,0.825195313,0.999023438,0.012695313,0.991039663,0.999104098
0.1,6,2,3,10,10,1,1.014175186,-0.02561253,-1.02561253,0.998046875,-0.0234375,0.514648438,-0.872070313,0.998322033,1.012605374
0.1,6,2,3,11,10,1,0.977858612,0.02561253,-0.97438747,0.999023438,0.0078125,0.576171875,-0.840820313,0.999053984,1.019290355
0.1,6,2,3,12,10,1,0.974433497,1.02561253,0.02561253,0.517578125,0.852539063,1,0.05078125,0.997351477,1.001288538
0.1,6,2,3,13,10,1,0.966069198,0.97438747,-0.02561253,0.581054688,0.818359375,1,-0.012695313,1.003661605,1.000080582
0.1,6,2,3,14,10,1,1.022459434,-0.02561253,-1.02561253,0.998046875,0.002929688,0.525390625,-0.854492188,0.998051175,1.003091326
0.1,6,2,3,15,10,1,0.975774823,0.02561253,-0.97438747,1,-0.0078125,0.567382813,-0.852539063,1.000030517,1.024083058
0.1,6,0,1,0,11,1.087831677,1.091145561,1.043915839,-0.043915839,0.48828125,0.849609375,1,-0.041992188,0.979925849,1.000881284
0.1,6,0,1,1,11,1.014618442,0.984794198,1.007309221,-0.007309221,0.567382813,0.821289063,1,-0.018554688,0.998217902,1.000172123
0.1,6,0,1,2,11,0.985381558,0.986862524,-0.007309221,-0.992690779,1,0.020507813,0.571289063,-0.827148438,1.000210263,1.005259037
0.1,6,0,1,3,11,0.912168323,0.967778843,-0.043915839,-0.956084161,1,0.017578125,0.575195313,-0.8046875,1.000154483,0.989126696
0.1,6,0,1,4,11,1.087831677,1.102323923,1.043915839,-0.043915839,0.483398438,0.859375,1,-0.043945313,0.986001744,1.00096513
0.1,6,0,1,5,11,1.014618442,1.005939265,1.007309221,-0.007309221,0.515625,0.857421875,1,0.0234375,1.000520571,1.00027462
0.1,6,0,1,6,11,0.985381558,0.974792512,-0.007309221,-0.992690779,1,-0.00390625,0.553710938,-0.823242188,1.000007629,0.992130789
0.1,6,0,1,7,11,0.912168323,0.892893067,-0.043915839,-0.956084161,0.998046875,-0.0234375,0.598632813,-0.780273438,0.998322033,0.983457107
0.1,6,0,1,8,11,1.087831677,1.086359834,1.043915839,-0.043915839,0.493164063,0.850585938,1,-0.041015625,0.983212708,1.000840787
0.1,6,0,1,9,11,1.014618442,1.009814114,1.007309221,-0.007309221,0.505859375,0.830078125,1,0.013671875,0.972071706,1.000093456
0.1,6,0,1,10,11,0.985381558,0.971952447,-0.007309221,-0.992690779,1,-0.005859375,0.546875,-0.811523438,1.000017166,0.978592129
0.1,6,0,1,11,11,0.912168323,0.942421792,-0.043915839,-0.956084161,0.998046875,-0.030273438,0.561523438,-0.82421875,0.998505907,0.997318965
0.1,6,0,1,12,11,1.087831677,1.130625482,1.043915839,-0.043915839,0.491210938,0.86328125,0.998046875,-0.077148438,0.99324856,1.001024199
0.1,6,0,1,13,11,1.014618442,1.024362503,1.007309221,-0.007309221,0.520507813,0.842773438,1,-0.006835938,0.990553103,1.000023365
0.1,6,0,1,14,11,0.985381558,0.981024813,-0.007309221,-0.992690779,1,-0.00390625,0.560546875,-0.844726563,1.000007629,1.013792762
0.1,6,0,1,15,11,0.912168323,0.944632987,-0.043915839,-0.956084161,0.998046875,-0.026367188,0.559570313,-0.818359375,0.998395109,0.991378334
0.1,6,2,3,0,11,1,0.979083148,1.02561253,0.02561253,0.530273438,0.876953125,0.999023438,0.047851563,1.024810569,1.000168786
0.1,6,2,3,1,11,1,0.975758116,0.97438747,-0.02561253,0.572265625,0.826171875,0.999023438,-0.010742188,1.005011399,0.99908119
0.1,6,2,3,2,11,1,0.981403206,-0.02561253,-1.02561253,1,-0.032226563,0.5390625,-0.865234375,1.000519141,1.019420866
0.1,6,2,3,3,11,1,0.994856917,0.02561253,-0.97438747,1,0.029296875,0.5546875,-0.801757813,1.000429061,0.974932722
0.1,6,2,3,4,11,1,0.975983991,1.02561253,0.02561253,0.526367188,0.872070313,0.999023438,0.051757813,1.018611332,1.000363284
0.1,6,2,3,5,11,1,0.954144951,0.97438747,-0.02561253,0.564453125,0.823242188,1,0.015625,0.998165833,1.000122063
0.1,6,2,3,6,11,1,1.014090269,-0.02561253,-1.02561253,0.999023438,-0.02734375,0.50390625,-0.861328125,0.999397573,0.997901622
0.1,6,2,3,7,11,1,1.015559163,0.02561253,-0.97438747,1,0.0390625,0.555664063,-0.822265625,1.000762649,0.992412872
0.1,6,2,3,8,11,1,0.984604426,1.02561253,0.02561253,0.508789063,0.838867188,1,0.041015625,0.981103699,1.000840787
0.1,6,2,3,9,11,1,1.019515175,0.97438747,-0.02561253,0.56640625,0.841796875,1,-0.041015625,1.01461225,1.000840787
0.1,6,2,3,10,11,1,1.003405336,-0.02561253,-1.02561253,0.998046875,-0.022460938,0.504882813,-0.833007813,0.998299583,0.974068103
0.1,6,2,3,11,11,1,0.970055525,0.02561253,-0.97438747,0.998046875,-0.001953125,0.56640625,-0.830078125,0.998048786,1.004910809
0.1,6,2,3,12,11,1,0.984788089,1.02561253,0.02561253,0.529296875,0.848632813,0.999023438,0.028320313,1.000166402,0.999424769
0.1,6,2,3,13,11,1,0.981769866,0.97438747,-0.02561253,0.579101563,0.831054688,0.998046875,-0.01953125,1.012921771,0.998237965
0.1,6,2,3,14,11,1,0.986251858,-0.02561253,-1.02561253,1,-0.024414063,0.537109375,-0.856445313,1.000297979,1.010932764
0.1,6,2,3,15,11,1,0.967088181,0.02561253,-0.97438747,0.999023438,0.000976563,0.572265625,-0.828125,0.999023915,1.006617584
0.1,6,0,1,0,12,1.087831677,1.026300407,1.043915839,-0.043915839,0.5390625,0.846679688,1,-0.022460938,1.003720515,1.000252215
0.1,6,0,1,1,12,1.014618442,1.031456528,1.007309221,-0.007309221,0.51953125,0.83984375,1,-0.014648438,0.987547591,1.000107283
0.1,6,0,1,2,12,0.985381558,1.035704579,-0.007309221,-0.992690779,1,0.026367188,0.521484375,-0.829101563,1.000347554,0.979466872
0.1,6,0,1,3,12,0.912168323,0.855875951,-0.043915839,-0.956084161,0.999023438,-0.068359375,0.607421875,-0.8046875,1.001359492,1.008207968
0.1,6,0,1,4,12,1.087831677,1.058527209,1.043915839,-0.043915839,0.521484375,0.853515625,0.998046875,-0.036132813,1.000217414,0.998700728
0.1,6,0,1,5,12,1.014618442,1.008628224,1.007309221,-0.007309221,0.546875,0.866210938,0.998046875,-0.000976563,1.024399167,0.998047353
0.1,6,0,1,6,12,0.985381558,0.98286224,-0.007309221,-0.992690779,1,0.02734375,0.579101563,-0.819335938,1.00037377,1.003329456
0.1,6,0,1,7,12,0.912168323,0.938500761,-0.043915839,-0.956084161,0.999023438,-0.02734375,0.573242188,-0.829101563,0.999397573,1.007976193
0.1,6,0,1,8,12,1.087831677,1.096617588,1.043915839,-0.043915839,0.513671875,0.8671875,0.998046875,-0.060546875,1.007905231,0.999881737
0.1,6,0,1,9,12,1.014618442,0.980442566,1.007309221,-0.007309221,0.5546875,0.84375,1,0.008789063,1.009748625,1.000038623
0.1,6,0,1,10,12,0.985381558,1.004389515,-0.007309221,-0.992690779,1,-0.013671875,0.528320313,-0.856445313,1.000093456,1.006290677
0.1,6,0,1,11,12,0.912168323,0.923393562,-0.043915839,-0.956084161,0.998046875,-0.015625,0.588867188,-0.8046875,0.998169177,0.997139176
0.1,6,0,1,12,12,1.087831677,1.091277035,1.043915839,-0.043915839,0.5,0.872070313,0.998046875,-0.041015625,1.005239588,0.998889306
0.1,6,0,1,13,12,1.014618442,0.994559648,1.007309221,-0.007309221,0.540039063,0.822265625,1,-0.004882813,0.983749433,1.000011921
0.1,6,0,1,14,12,0.985381558,1.00042743,-0.007309221,-0.992690779,1,-0.015625,0.5234375,-0.844726563,1.000122063,0.993755393
0.1,6,0,1,15,12,0.912168323,0.938746171,-0.043915839,-0.956084161,1,-0.032226563,0.555664063,-0.8125,1.000519141,0.984336731
0.1,6,2,3,0,12,1,1.026858663,1.02561253,0.02561253,0.521484375,0.860351563,1,-0.000976563,1.006057038,1.000000477
0.1,6,2,3,1,12,1,0.983159175,0.97438747,-0.02561253,0.525390625,0.83203125,1,0.024414063,0.984028104,1.000297979
0.1,6,2,3,2,12,1,1.01304119,-0.02561253,-1.02561253,1,-0.008789063,0.521484375,-0.852539063,1.000038623,0.999384214
0.1,6,2,3,3,12,1,1.037527214,0.02561253,-0.97438747,1,0.053710938,0.55859375,-0.83984375,1.001441394,1.008644884
0.1,6,2,3,4,12,1,1.040697307,1.02561253,0.02561253,0.508789063,0.870117188,0.998046875,0.000976563,1.007953486,0.998047353
0.1,6,2,3,5,12,1,1.030554533,0.97438747,-0.02561253,0.5703125,0.8203125,1,-0.067382813,0.999084053,1.002267651
0.1,6,2,3,6,12,1,1.003836829,-0.02561253,-1.02561253,0.999023438,-0.022460938,0.512695313,-0.846679688,0.999275899,0.989809566
0.1,6,2,3,7,12,1,1.011831202,0.02561253,-0.97438747,0.999023438,0.032226563,0.564453125,-0.840820313,0.999543086,1.012712263
0.1,6,2,3,8,12,1,0.967569295,1.02561253,0.02561253,0.541015625,0.864257813,1,0.043945313,1.019627124,1.00096513
0.1,6,2,3,9,12,1,0.995644168,0.97438747,-0.02561253,0.57421875,0.852539063,0.999023438,-0.017578125,1.027886193,0.999178072
0.1,6,2,3,10,12,1,1.005141085,-0.02561253,-1.02561253,1,-0.030273438,0.509765625,-0.859375,1.000458136,0.999192866
0.1,6,2,3,11,12,1,1.007949045,0.02561253,-0.97438747,1,0.02734375,0.552734375,-0.825195313,1.00037377,0.993208232
0.1,6,2,3,12,12,1,1.001581318,1.02561253,0.02561253,0.508789063,0.858398438,1,0.034179688,0.997854793,1.000583955
0.1,6,2,3,13,12,1,1.010539254,0.97438747,-0.02561253,0.551757813,0.830078125,0.999023438,-0.026367188,0.996727835,0.999371331
0.1,6,2,3,14,12,1,1.017415653,-0.02561253,-1.02561253,0.999023438,-0.006835938,0.526367188,-0.865234375,0.999046825,1.012764997
0.1,6,2,3,15,12,1,1.018747371,0.02561253,-0.97438747,1,0.030273438,0.549804688,-0.834960938,1.000458136,0.999722442
0.1,6,0,1,0,13,1.087831677,1.149436328,1.043915839,-0.043915839,0.469726563,0.87109375,0.999023438,-0.073242188,0.989670331,1.00170467
0.1,6,0,1,1,13,1.014618442,1.060746476,1.007309221,-0.007309221,0.500976563,0.838867188,1,-0.028320313,0.977075061,1.00040094
0.1,6,0,1,2,13,0.985381558,0.996219723,-0.007309221,-0.992690779,1,-0.020507813,0.529296875,-0.85546875,1.000210263,1.005973143
0.1,6,0,1,3,13,0.912168323,0.882920244,-0.043915839,-0.956084161,1,-0.072265625,0.581054688,-0.821289063,1.00260776,1.006051825
0.1,6,0,1,4,13,1.087831677,1.075509307,1.043915839,-0.043915839,0.505859375,0.83984375,1,-0.046875,0.980424006,1.00109803
0.1,6,0,1,5,13,1.014618442,1.003020334,1.007309221,-0.007309221,0.508789063,0.834960938,1,0.020507813,0.97776586,1.000210263
0.1,6,0,1,6,13,0.985381558,0.980371146,-0.007309221,-0.992690779,1,0.010742188,0.55859375,-0.814453125,1.000057696,0.9876036
0.1,6,0,1,7,13,0.912168323,0.928423384,-0.043915839,-0.956084161,1,-0.025390625,0.583984375,-0.823242188,1.00032229,1.009339115
0.1,6,0,1,8,13,1.087831677,1.126248691,1.043915839,-0.043915839,0.448242188,0.859375,0.997070313,-0.036132813,0.969250457,0.997724806
0.1,6,0,1,9,13,1.014618442,0.995788828,1.007309221,-0.007309221,0.537109375,0.8359375,1,0.00390625,0.993618631,1.000007629
0.1,6,0,1,10,13,0.985381558,1.002172351,-0.007309221,-0.992690779,0.998046875,0.010742188,0.55078125,-0.841796875,0.998104684,1.005973143
0.1,6,0,1,11,13,0.912168323,0.859130808,-0.043915839,-0.956084161,1,-0.075195313,0.58984375,-0.797851563,1.002823182,0.992211049
0.1,6,0,1,12,13,1.087831677,1.098415565,1.043915839,-0.043915839,0.520507813,0.896484375,1,-0.053710938,1.036635238,1.001441394
0.1,6,0,1,13,13,1.014618442,0.98249292,1.007309221,-0.007309221,0.522460938,0.826171875,1,0.024414063,0.977509794,1.000297979
0.1,6,0,1,14,13,0.985381558,0.931289745,-0.007309221,-0.992690779,1,-0.038085938,0.5703125,-0.831054688,1.000725007,1.007922736
0.1,6,0,1,15,13,0.912168323,0.926300364,-0.043915839,-0.956084161,0.999023438,-0.026367188,0.583984375,-0.821289063,0.999371331,1.007746731
0.1,6,2,3,0,13,1,0.982554117,1.02561253,0.02561253,0.52734375,0.876953125,1,0.046875,1.023297715,1.00109803
0.1,6,2,3,1,13,1,1.019778075,0.97438747,-0.02561253,0.5234375,0.857421875,1,0.002929688,1.004569106,1.000004292
0.1,6,2,3,2,13,1,0.986544596,-0.02561253,-1.02561253,0.999023438,-0.047851563,0.509765625,-0.857421875,1.000168786,0.997513541
0.1,6,2,3,3,13,1,1.035599307,0.02561253,-0.97438747,1,0.032226563,0.530273438,-0.83203125,1.000519141,0.986643765
0.1,6,2,3,4,13,1,0.977991204,1.02561253,0.02561253,0.541015625,0.852539063,1,0.02734375,1.009713207,1.00037377
0.1,6,2,3,5,13,1,1.056907025,0.97438747,-0.02561253,0.54296875,0.840820313,1,-0.059570313,1.000896529,1.00177274
0.1,6,2,3,6,13,1,0.968613194,-0.02561253,-1.02561253,1,-0.079101563,0.501953125,-0.870117188,1.00312365,1.004520214
0.1,6,2,3,7,13,1,1.015544755,0.02561253,-0.97438747,1,0.032226563,0.560546875,-0.841796875,1.000519141,1.011352944
0.1,6,2,3,8,13,1,0.978622766,1.02561253,0.02561253,0.51171875,0.825195313,1,0.037109375,0.97098063,1.000688316
0.1,6,2,3,9,13,1,1.034406987,0.97438747,-0.02561253,0.53125,0.834960938,1,-0.030273438,0.989639495,1.000458136
0.1,6,2,3,10,13,1,1.013259568,-0.02561253,-1.02561253,0.999023438,-0.013671875,0.504882813,-0.834960938,0.999116985,0.975738911
0.1,6,2,3,11,13,1,1.017206837,0.02561253,-0.97438747,1,0.022460938,0.54296875,-0.8359375,1.000252215,0.996798158
0.1,6,2,3,12,13,1,0.991738912,1.02561253,0.02561253,0.51171875,0.861328125,0.999023438,0.04296875,1.001869362,0.99994707
0.1,6,2,3,13,13,1,0.982370332,0.97438747,-0.02561253,0.568359375,0.833984375,0.999023438,-0.009765625,1.009238484,0.999071167
0.1,6,2,3,14,13,1,1.009273394,-0.02561253,-1.02561253,0.999023438,-0.02734375,0.517578125,-0.875,0.999397573,1.016617979
0.1,6,2,3,15,13,1,0.979786903,0.02561253,-0.97438747,1,0.0078125,0.564453125,-0.827148438,1.000030517,1.001389968
0.1,6,0,1,0,14,1.087831677,1.037594392,1.043915839,-0.043915839,0.485351563,0.868164063,1,0.0234375,0.994623033,1.00027462
0.1,6,0,1,1,14,1.014618442,1.04341845,1.007309221,-0.007309221,0.51953125,0.822265625,1,-0.036132813,0.972642523,1.000652577
0.1,6,0,1,2,14,0.985381558,0.958877252,-0.007309221,-0.992690779,0.998046875,-0.00390625,0.587890625,-0.844726563,0.998054519,1.029163909
0.1,6,0,1,3,14,0.912168323,0.892274534,-0.043915839,-0.956084161,0.999023438,-0.038085938,0.60546875,-0.8125,0.999749152,1.013286069
0.1,6,0,1,4,14,1.087831677,1.056737906,1.043915839,-0.043915839,0.515625,0.859375,1,-0.026367188,1.002194857,1.000347554
0.1,6,0,1,5,14,1.014618442,0.958747567,1.007309221,-0.007309221,0.545898438,0.838867188,1,0.03515625,1.000851269,1.00061779
0.1,6,0,1,6,14,0.985381558,1.01264637,-0.007309221,-0.992690779,1,0.013671875,0.525390625,-0.81640625,1.000093456,0.970852447
0.1,6,0,1,7,14,0.912168323,0.902217732,-0.043915839,-0.956084161,1,-0.034179688,0.598632813,-0.813476563,1.000583955,1.010002654
0.1,6,0,1,8,14,1.087831677,1.118674744,1.043915839,-0.043915839,0.485351563,0.858398438,0.999023438,-0.0625,0.98611055,1.000976563
0.1,6,0,1,9,14,1.014618442,0.955213206,1.007309221,-0.007309221,0.557617188,0.846679688,1,0.033203125,1.013806402,1.000551072
0.1,6,0,1,10,14,0.985381558,1.010886312,-0.007309221,-0.992690779,1,0.01171875,0.545898438,-0.848632813,1.000068662,1.009050422
0.1,6,0,1,11,14,0.912168323,0.87223383,-0.043915839,-0.956084161,0.995117188,-0.076171875,0.586914063,-0.818359375,0.998028242,1.007065134
0.1,6,0,1,12,14,1.087831677,1.10395538,1.043915839,-0.043915839,0.48828125,0.86328125,0.998046875,-0.047851563,0.991802952,0.999193343
0.1,6,0,1,13,14,1.014618442,0.987005536,1.007309221,-0.007309221,0.545898438,0.828125,1,0.000976563,0.99186497,1.000000477
0.1,6,0,1,14,14,0.985381558,0.95279201,-0.007309221,-0.992690779,1,0,0.5859375,-0.82421875,1,1.011266187
0.1,6,0,1,15,14,0.912168323,0.9215332,-0.043915839,-0.956084161,0.997070313,-0.064453125,0.544921875,-0.823242188,0.999151347,0.987252526
0.1,6,2,3,0,14,1,1.045439378,1.02561253,0.02561253,0.500976563,0.858398438,1,-0.002929688,0.993894056,1.000004292
0.1,6,2,3,1,14,1,0.988103269,0.97438747,-0.02561253,0.561523438,0.8359375,0.998046875,-0.008789063,1.00702536,0.998085574
0.1,6,2,3,2,14,1,0.984882212,-0.02561253,-1.02561253,0.998046875,-0.012695313,0.565429688,-0.875976563,0.998127615,1.042614823
0.1,6,2,3,3,14,1,1.001570664,0.02561253,-0.97438747,1,0.03125,0.577148438,-0.842773438,1.000488162,1.021453565
0.1,6,2,3,4,14,1,1.014308599,1.02561253,0.02561253,0.518554688,0.875,0.999023438,0.021484375,1.017115512,0.999254426
0.1,6,2,3,5,14,1,1.024935655,0.97438747,-0.02561253,0.575195313,0.817382813,0.999023438,-0.067382813,0.999482021,1.0012933
0.1,6,2,3,6,14,1,0.957932534,-0.02561253,-1.02561253,0.999023438,-0.040039063,0.541015625,-0.838867188,0.999825462,0.998196406
0.1,6,2,3,7,14,1,1.010144248,0.02561253,-0.97438747,1,0.046875,0.579101563,-0.833007813,1.00109803,1.014524832
0.1,6,2,3,8,14,1,1.012706268,1.02561253,0.02561253,0.515625,0.853515625,1,0.014648438,0.997175041,1.000107283
0.1,6,2,3,9,14,1,1.00481196,0.97438747,-0.02561253,0.584960938,0.838867188,1,-0.04296875,1.022681503,1.000922731
0.1,6,2,3,10,14,1,1.025925867,-0.02561253,-1.02561253,1,0.02734375,0.547851563,-0.850585938,1.00037377,1.011749856
0.1,6,2,3,11,14,1,0.980619209,0.02561253,-0.97438747,0.999023438,0.03515625,0.5859375,-0.811523438,0.999641831,1.000946074
0.1,6,2,3,12,14,1,0.980890632,1.02561253,0.02561253,0.565429688,0.85546875,0.999023438,0.005859375,1.025445032,0.99904062
0.1,6,2,3,13,14,1,0.979812696,0.97438747,-0.02561253,0.595703125,0.840820313,0.999023438,-0.025390625,1.0304567,0.999346042
0.1,6,2,3,14,14,1,0.956669812,-0.02561253,-1.02561253,1,-0.033203125,0.546875,-0.833007813,1.000551072,0.996480949
0.1,6,2,3,15,14,1,0.99476437,0.02561253,-0.97438747,0.999023438,0.014648438,0.560546875,-0.8359375,0.999130825,1.006481149
0.1,6,0,1,0,15,1.087831677,1.089427001,1.043915839,-0.043915839,0.5078125,0.864257813,0.998046875,-0.049804688,1.00240466,0.999288783
0.1,6,0,1,1,15,1.014618442,1.049023952,1.007309221,-0.007309221,0.514648438,0.830078125,0.999023438,-0.033203125,0.97667431,0.999575048
0.1,6,0,1,2,15,0.985381558,0.947173264,-0.007309221,-0.992690779,0.999023438,-0.036132813,0.564453125,-0.84765625,0.999676652,1.018395036
0.1,6,0,1,3,15,0.912168323,0.920640092,-0.043915839,-0.956084161,0.999023438,-0.026367188,0.583984375,-0.811523438,0.999371331,0.999804001
0.1,6,0,1,4,15,1.087831677,1.10662572,1.043915839,-0.043915839,0.463867188,0.856445313,1,-0.032226563,0.973997608,1.000519141
0.1,6,0,1,5,15,1.014618442,0.998345454,1.007309221,-0.007309221,0.557617188,0.83984375,1,-0.013671875,1.008104386,1.000093456
0.1,6,0,1,6,15,0.985381558,0.975635998,-0.007309221,-0.992690779,1,-0.021484375,0.543945313,-0.841796875,1.000230763,1.002246717
0.1,6,0,1,7,15,0.912168323,0.910498881,-0.043915839,-0.956084161,0.998046875,-0.02734375,0.588867188,-0.802734375,0.998421377,0.99556368
0.1,6,0,1,8,15,1.087831677,1.07856748,1.043915839,-0.043915839,0.473632813,0.875,1,-0.00390625,0.994963839,1.000007629
0.1,6,0,1,9,15,1.014618442,1.02011815,1.007309221,-0.007309221,0.51171875,0.838867188,1,0.002929688,0.982626194,1.000004292
0.1,6,0,1,10,15,0.985381558,0.967963954,-0.007309221,-0.992690779,1,-0.0078125,0.5625,-0.831054688,1.000030517,1.003522867
0.1,6,0,1,11,15,0.912168323,0.916832321,-0.043915839,-0.956084161,0.995117188,-0.045898438,0.560546875,-0.805664063,0.996175127,0.981482237
0.1,6,0,1,12,15,1.087831677,1.100787409,1.043915839,-0.043915839,0.5078125,0.848632813,1,-0.069335938,0.988964704,1.002400854
0.1,6,0,1,13,15,1.014618442,0.992289761,1.007309221,-0.007309221,0.549804688,0.833007813,1,-0.004882813,0.998091784,1.000011921
0.1,6,0,1,14,15,0.985381558,0.969449569,-0.007309221,-0.992690779,1,-0.025390625,0.5390625,-0.830078125,1.00032229,0.989756572
0.1,6,0,1,15,15,0.912168323,0.903587039,-0.043915839,-0.956084161,1,-0.052734375,0.583007813,-0.826171875,1.001389492,1.011166691
0.1,6,2,3,0,15,1,0.959268807,1.02561253,0.02561253,0.530273438,0.853515625,1,0.055664063,1.004827767,1.001548046
0.1,6,2,3,1,15,1,0.990079806,0.97438747,-0.02561253,0.59765625,0.8515625,1,-0.03125,1.040361324,1.000488162
0.1,6,2,3,2,15,1,0.990994843,-0.02561253,-1.02561253,0.999023438,-0.060546875,0.487304688,-0.852539063,1.00085651,0.981982032
0.1,6,2,3,3,15,1,1.02008777,0.02561253,-0.97438747,1,0.03515625,0.556640625,-0.838867188,1.00061779,1.006750686
0.1,6,2,3,4,15,1,0.991075234,1.02561253,0.02561253,0.534179688,0.853515625,1,0.020507813,1.006894662,1.000210263
0.1,6,2,3,5,15,1,1.007322937,0.97438747,-0.02561253,0.556640625,0.795898438,1,-0.046875,0.971237926,1.00109803
0.1,6,2,3,6,15,1,0.998761173,-0.02561253,-1.02561253,0.999023438,-0.01953125,0.524414063,-0.850585938,0.999214341,0.999252994
0.1,6,2,3,7,15,1,1.004848343,0.02561253,-0.97438747,0.999023438,0.005859375,0.534179688,-0.830078125,0.99904062,0.987105684
0.1,6,2,3,8,15,1,1.047142528,1.02561253,0.02561253,0.474609375,0.860351563,0.999023438,0.01953125,0.982577666,0.999214341
0.1,6,2,3,9,15,1,1.018287198,0.97438747,-0.02561253,0.567382813,0.833984375,1,-0.044921875,1.008688849,1.001008479
0.1,6,2,3,10,15,1,1.058578818,-0.02561253,-1.02561253,1,-0.0078125,0.4765625,-0.86328125,1.000030517,0.986086372
0.1,6,2,3,11,15,1,1.016993796,0.02561253,-0.97438747,1,0.0390625,0.5625,-0.834960938,1.000762649,1.006760159
0.1,6,2,3,12,15,1,0.999994022,1.02561253,0.02561253,0.509765625,0.849609375,0.99609375,0.030273438,0.990806279,0.996553681
0.1,6,2,3,13,15,1,0.96240486,0.97438747,-0.02561253,0.573242188,0.821289063,1,-0.000976563,1.001559948,1.000000477
0.1,6,2,3,14,15,1,1.00102632,-0.02561253,-1.02561253,0.999023438,-0.028320313,0.512695313,-0.852539063,0.999424769,0.994826285
0.1,6,2,3,15,15,1,1.004428351,0.02561253,-0.97438747,0.998046875,0.025390625,0.556640625,-0.828125,0.998369795,0.997817519
0.1,6,0,1,0,16,1.087831677,1.058076509,1.043915839,-0.043915839,0.560546875,0.853515625,0.998046875,-0.068359375,1.021127671,1.00038521
0.1,6,0,1,1,16,1.014618442,1.01412427,1.007309221,-0.007309221,0.541992188,0.8359375,1,-0.018554688,0.996266548,1.000172123
0.1,6,0,1,2,16,0.985381558,0.987086988,-0.007309221,-0.992690779,1,-0.016601563,0.529296875,-0.831054688,1.000137796,0.985295425
0.1,6,0,1,3,16,0.912168323,0.9270464,-0.043915839,-0.956084161,0.999023438,-0.036132813,0.583984375,-0.83984375,0.999676652,1.022924863
0.1,6,0,1,4,16,1.087831677,1.107103736,1.043915839,-0.043915839,0.471679688,0.881835938,0.995117188,-0.02734375,1.000058172,0.995492791
0.1,6,0,1,5,16,1.014618442,1.042375675,1.007309221,-0.007309221,0.513671875,0.83984375,1,-0.020507813,0.984477689,1.000210263
0.1,6,0,1,6,16,0.985381558,0.982298758,-0.007309221,-0.992690779,1,0.002929688,0.573242188,-0.853515625,1.000004292,1.02815151
0.1,6,0,1,7,16,0.912168323,0.916484506,-0.043915839,-0.956084161,0.999023438,-0.046875,0.581054688,-0.8359375,1.00012254,1.018045212
0.1,6,0,1,8,16,1.087831677,1.058610992,1.043915839,-0.043915839,0.51171875,0.858398438,1,-0.025390625,0.999351768,1.00032229
0.1,6,0,1,9,16,1.014618442,1.031314033,1.007309221,-0.007309221,0.509765625,0.84765625,1,-0.001953125,0.989131999,1.000001907
0.1,6,0,1,10,16,0.985381558,0.957375669,-0.007309221,-0.992690779,1,-0.041992188,0.548828125,-0.853515625,1.000881284,1.014741954
0.1,6,0,1,11,16,0.912168323,0.972638243,-0.043915839,-0.956084161,0.999023438,0.018554688,0.578125,-0.815429688,0.999195729,0.999576956
0.1,6,0,1,12,16,1.087831677,1.104085533,1.043915839,-0.043915839,0.513671875,0.856445313,0.994140625,-0.073242188,0.99867781,0.996834992
0.1,6,0,1,13,16,1.014618442,1.00059359,1.007309221,-0.007309221,0.518554688,0.840820313,1,0.017578125,0.987865255,1.000154483
0.1,6,0,1,14,16,0.985381558,1.003167494,-0.007309221,-0.992690779,1,-0.022460938,0.51171875,-0.84375,1.000252215,0.986797923
0.1,6,0,1,15,16,0.912168323,0.886956678,-0.043915839,-0.956084161,0.998046875,-0.069335938,0.58984375,-0.8359375,1.000452416,1.02308707
0.1,6,2,3,0,16,1,0.999131181,1.02561253,0.02561253,0.508789063,0.857421875,1,0.036132813,0.997014835,1.000652577
0.1,6,2,3,1,16,1,0.968178559,0.97438747,-0.02561253,0.583984375,0.819335938,0.999023438,-0.016601563,1.006155619,0.999161369
0.1,6,2,3,2,16,1,0.994785262,-0.02561253,-1.02561253,0.999023438,-0.014648438,0.541015625,-0.860351563,0.999130825,1.016318217
0.1,6,2,3,3,16,1,0.983161608,0.02561253,-0.97438747,1,-0.000976563,0.557617188,-0.838867188,1.000000477,1.007290964
0.1,6,2,3,4,16,1,0.950701486,1.02561253,0.02561253,0.51171875,0.833007813,1,0.069335938,0.977628812,1.002400854
0.1,6,2,3,5,16,1,1.012092376,0.97438747,-0.02561253,0.571289063,0.825195313,1,-0.046875,1.003652578,1.00109803
0.1,6,2,3,6,16,1,0.969769706,-0.02561253,-1.02561253,1,-0.0546875,0.524414063,-0.862304688,1.001494245,1.009246988
0.1,6,2,3,7,16,1,1.000145936,0.02561253,-0.97438747,0.997070313,0.03125,0.559570313,-0.814453125,0.997559908,0.988156277
0.1,6,2,3,8,16,1,1.023193111,1.02561253,0.02561253,0.505859375,0.8671875,1,0.01953125,1.003946148,1.000190717
0.1,6,2,3,9,16,1,0.998279352,0.97438747,-0.02561253,0.578125,0.8125,0.999023438,-0.045898438,0.99718843,1.000077245
0.1,6,2,3,10,16,1,1.023430065,-0.02561253,-1.02561253,1,-0.00390625,0.512695313,-0.848632813,1.000007629,0.991480778
0.1,6,2,3,11,16,1,0.988251395,0.02561253,-0.97438747,1,0.033203125,0.581054688,-0.821289063,1.000551072,1.006051825
0.1,6,2,3,12,16,1,1.003632588,1.02561253,0.02561253,0.528320313,0.833007813,1,0.001953125,0.986419976,1.000001907
0.1,6,2,3,13,16,1,0.999145067,0.97438747,-0.02561253,0.564453125,0.83203125,0.999023438,-0.024414063,1.00542694,0.999321708
0.1,6,2,3,14,16,1,1.000233164,-0.02561253,-1.02561253,0.998046875,-0.020507813,0.510742188,-0.833007813,0.998257549,0.977118006
0.1,6,2,3,15,16,1,1.001835427,0.02561253,-0.97438747,1,0.016601563,0.551757813,-0.83203125,1.000137796,0.998354989
0.1,6,0,1,0,17,1.087831677,1.07802521,1.043915839,-0.043915839,0.513671875,0.857421875,0.997070313,-0.046875,0.999515416,0.998171565
0.1,6,0,1,1,17,1.014618442,0.994369499,1.007309221,-0.007309221,0.548828125,0.838867188,1,-0.002929688,1.002452228,1.000004292
0.1,6,0,1,2,17,0.985381558,0.9688214,-0.007309221,-0.992690779,1,-0.02734375,0.55078125,-0.850585938,1.00037377,1.013339244
0.1,6,0,1,3,17,0.912168323,0.908082947,-0.043915839,-0.956084161,1,-0.047851563,0.575195313,-0.814453125,1.001144231,0.997087529
0.1,6,0,1,4,17,1.087831677,1.063872194,1.043915839,-0.043915839,0.513671875,0.874023438,1,-0.024414063,1.013792762,1.000297979
0.1,6,0,1,5,17,1.014618442,1.029722113,1.007309221,-0.007309221,0.521484375,0.856445313,1,-0.005859375,1.002718568,1.000017166
0.1,6,0,1,6,17,0.985381558,0.958706765,-0.007309221,-0.992690779,1,-0.04296875,0.534179688,-0.834960938,1.000922731,0.991215267
0.1,6,0,1,7,17,0.912168323,0.855646609,-0.043915839,-0.956084161,0.998046875,-0.083984375,0.599609375,-0.8203125,1.001574231,1.016092516
0.1,6,0,1,8,17,1.087831677,1.070511842,1.043915839,-0.043915839,0.529296875,0.861328125,1,-0.05078125,1.010960593,1.001288538
0.1,6,0,1,9,17,1.014618442,1.022156687,1.007309221,-0.007309221,0.552734375,0.834960938,1,-0.036132813,1.001336635,1.000652577
0.1,6,0,1,10,17,0.985381558,0.963550062,-0.007309221,-0.992690779,1,-0.047851563,0.528320313,-0.84375,1.001144231,0.995508119
0.1,6,0,1,11,17,0.912168323,0.920184244,-0.043915839,-0.956084161,0.997070313,-0.053710938,0.571289063,-0.840820313,0.998515935,1.016538239
0.1,6,0,1,12,17,1.087831677,1.12174217,1.043915839,-0.043915839,0.467773438,0.854492188,0.998046875,-0.051757813,0.974150341,0.999388031
0.1,6,0,1,13,17,1.014618442,1.011499096,1.007309221,-0.007309221,0.521484375,0.849609375,0.999023438,0.008789063,0.996886174,0.999062098
0.1,6,0,1,14,17,0.985381558,0.992095019,-0.007309221,-0.992690779,1,-0.008789063,0.533203125,-0.83203125,1.000038623,0.988221419
0.1,6,0,1,15,17,0.912168323,0.845227035,-0.043915839,-0.956084161,1,-0.092773438,0.59765625,-0.814453125,1.004294235,1.010211308
0.1,6,2,3,0,17,1,1.024780691,1.02561253,0.02561253,0.479492188,0.857421875,1,0.036132813,0.982387413,1.000652577
0.1,6,2,3,1,17,1,1.010289514,0.97438747,-0.02561253,0.541015625,0.813476563,0.999023438,-0.026367188,0.976955487,0.999371331
0.1,6,2,3,2,17,1,0.954505824,-0.02561253,-1.02561253,1,-0.038085938,0.544921875,-0.834960938,1.000725007,0.997045444
0.1,6,2,3,3,17,1,0.987584577,0.02561253,-0.97438747,1,0.028320313,0.575195313,-0.8203125,1.00040094,1.001879357
0.1,6,2,3,4,17,1,0.970296065,1.02561253,0.02561253,0.510742188,0.840820313,1,0.0546875,0.983786755,1.001494245
0.1,6,2,3,5,17,1,1.031180363,0.97438747,-0.02561253,0.536132813,0.82421875,1,-0.037109375,0.983247141,1.000688316
0.1,6,2,3,6,17,1,0.994946692,-0.02561253,-1.02561253,1,-0.056640625,0.487304688,-0.852539063,1.001602796,0.981982032
0.1,6,2,3,7,17,1,1.008771577,0.02561253,-0.97438747,1,0.038085938,0.569335938,-0.83203125,1.000725007,1.00817628
0.1,6,2,3,8,17,1,1.008477334,1.02561253,0.02561253,0.5234375,0.854492188,0.999023438,0.012695313,1.002069716,0.999104098
0.1,6,2,3,9,17,1,0.974603247,0.97438747,-0.02561253,0.555664063,0.831054688,1,0.006835938,0.999707179,1.000023365
0.1,6,2,3,10,17,1,0.959460616,-0.02561253,-1.02561253,1,-0.053710938,0.534179688,-0.856445313,1.001441394,1.009379271
0.1,6,2,3,11,17,1,1.013794532,0.02561253,-0.97438747,0.999023438,0.03125,0.557617188,-0.8359375,0.999512077,1.004852443
0.1,6,2,3,12,17,1,1.016842284,1.02561253,0.02561253,0.513671875,0.854492188,1,0.012695313,0.997003357,1.000080582
0.1,6,2,3,13,17,1,1.025374725,0.97438747,-0.02561253,0.545898438,0.81640625,0.999023438,-0.043945313,0.982101965,0.99998951
0.1,6,2,3,14,17,1,1.029283233,-0.02561253,-1.02561253,1,-0.002929688,0.514648438,-0.861328125,1.000004292,1.003368902
0.1,6,2,3,15,17,1,0.972780526,0.02561253,-0.97438747,0.999023438,0,0.563476563,-0.827148438,0.999023438,1.000839834
0.1,6,0,1,0,18,1.087831677,1.078915098,1.043915839,-0.043915839,0.522460938,0.875976563,0.999023438,-0.045898438,1.01995116,1.000077245
0.1,6,0,1,1,18,1.014618442,1.057840079,1.007309221,-0.007309221,0.48828125,0.83984375,1,-0.013671875,0.971471103,1.000093456
0.1,6,0,1,2,18,0.985381558,0.968893171,-0.007309221,-0.992690779,0.999023438,-0.017578125,0.56640625,-0.856445313,0.999178072,1.026798234
0.1,6,0,1,3,18,0.912168323,0.90034689,-0.043915839,-0.956084161,1,-0.033203125,0.595703125,-0.8046875,1.000551072,1.001191383
0.1,6,0,1,4,18,1.087831677,1.128286342,1.043915839,-0.043915839,0.487304688,0.859375,0.997070313,-0.073242188,0.987922694,0.999756783
0.1,6,0,1,5,18,1.014618442,1.010484079,1.007309221,-0.007309221,0.516601563,0.837890625,1,0.0078125,0.98434642,1.000030517
0.1,6,0,1,6,18,0.985381558,0.948730747,-0.007309221,-0.992690779,1,-0.024414063,0.568359375,-0.834960938,1.000297979,1.010045616
0.1,6,0,1,7,18,0.912168323,0.903251404,-0.043915839,-0.956084161,1,-0.051757813,0.579101563,-0.818359375,1.00133854,1.002532137
0.1,6,0,1,8,18,1.087831677,1.026710601,1.043915839,-0.043915839,0.53515625,0.869140625,0.999023438,-0.0078125,1.020684887,0.999053984
0.1,6,0,1,9,18,1.014618442,1.018898875,1.007309221,-0.007309221,0.506835938,0.860351563,1,0.01953125,0.998542677,1.000190717
0.1,6,0,1,10,18,0.985381558,0.99099444,-0.007309221,-0.992690779,0.999023438,0.00390625,0.556640625,-0.842773438,0.999031074,1.010007848
0.1,6,0,1,11,18,0.912168323,0.891483455,-0.043915839,-0.956084161,1,-0.064453125,0.568359375,-0.8046875,1.00207495,0.985167169
0.1,6,0,1,12,18,1.087831677,1.083106045,1.043915839,-0.043915839,0.490234375,0.848632813,0.999023438,-0.036132813,0.980054791,0.999676652
0.1,6,0,1,13,18,1.014618442,0.993369839,1.007309221,-0.007309221,0.552734375,0.859375,1,0.005859375,1.021783088,1.000017166
0.1,6,0,1,14,18,0.985381558,0.988568868,-0.007309221,-0.992690779,1,-0.017578125,0.540039063,-0.852539063,1.000154483,1.00919029
0.1,6,0,1,15,18,0.912168323,0.91186378,-0.043915839,-0.956084161,0.997070313,-0.037109375,0.580078125,-0.809570313,0.99776065,0.995939116
0.1,6,2,3,0,18,1,1.013252743,1.02561253,0.02561253,0.485351563,0.858398438,1,0.04296875,0.98611055,1.000922731
0.1,6,2,3,1,18,1,0.992923386,0.97438747,-0.02561253,0.573242188,0.83203125,0.999023438,-0.025390625,1.010387355,0.999346042
0.1,6,2,3,2,18,1,1.0183434,-0.02561253,-1.02561253,1,-0.001953125,0.521484375,-0.849609375,1.000001907,0.996886174
0.1,6,2,3,3,18,1,1.005444231,0.02561253,-0.97438747,1,0.009765625,0.548828125,-0.846679688,1.000047683,1.008998912
0.1,6,2,3,4,18,1,1.013182728,1.02561253,0.02561253,0.501953125,0.848632813,0.998046875,0.0234375,0.985968859,0.998322033
0.1,6,2,3,5,18,1,1.009433111,0.97438747,-0.02561253,0.532226563,0.8125,1,-0.018554688,0.971298803,1.000172123
0.1,6,2,3,6,18,1,1.00213,-0.02561253,-1.02561253,1,-0.03125,0.515625,-0.865234375,1.000488162,1.007223741
0.1,6,2,3,7,18,1,1.027295129,0.02561253,-0.97438747,1,0.041015625,0.553710938,-0.836914063,1.000840787,1.003504335
0.1,6,2,3,8,18,1,1.015779417,1.02561253,0.02561253,0.534179688,0.833984375,0.999023438,-0.014648438,0.990392789,0.999130825
0.1,6,2,3,9,18,1,1.001390121,0.97438747,-0.02561253,0.583007813,0.814453125,0.997070313,-0.051757813,1.001614698,0.99841278
0.1,6,2,3,10,18,1,1.024956115,-0.02561253,-1.02561253,1,-0.008789063,0.508789063,-0.854492188,1.000038623,0.99449646
0.1,6,2,3,11,18,1,1.031959473,0.02561253,-0.97438747,0.999023438,0.055664063,0.560546875,-0.829101563,1.000572994,1.000810771
0.1,6,2,3,12,18,1,0.997892467,1.02561253,0.02561253,0.487304688,0.858398438,1,0.056640625,0.987073318,1.001602796
0.1,6,2,3,13,18,1,0.989297618,0.97438747,-0.02561253,0.573242188,0.829101563,1,-0.0234375,1.007976193,1.00027462
0.1,6,2,3,14,18,1,1.052373845,-0.02561253,-1.02561253,0.999023438,0.025390625,0.5078125,-0.83984375,0.999346042,0.981433166
0.1,6,2,3,15,18,1,0.960307104,0.02561253,-0.97438747,0.998046875,0.024414063,0.609375,-0.827148438,0.998345437,1.027381345
0.1,6,0,1,0,19,1.087831677,1.08391422,1.043915839,-0.043915839,0.517578125,0.866210938,1,-0.051757813,1.009063181,1.00133854
0.1,6,0,1,1,19,1.014618442,0.989107935,1.007309221,-0.007309221,0.544921875,0.833984375,1,0.002929688,0.996227779,1.000004292
0.1,6,0,1,2,19,0.985381558,0.950754561,-0.007309221,-0.992690779,1,-0.043945313,0.534179688,-0.822265625,1.00096513,0.980545102
0.1,6,0,1,3,19,0.912168323,0.940049185,-0.043915839,-0.956084161,1,-0.025390625,0.577148438,-0.833984375,1.00032229,1.014214108
0.1,6,0,1,4,19,1.087831677,1.10071525,1.043915839,-0.043915839,0.509765625,0.857421875,1,-0.06640625,0.997513541,1.00220247
0.1,6,0,1,5,19,1.014618442,1.033016215,1.007309221,-0.007309221,0.514648438,0.833007813,0.999023438,-0.015625,0.979165476,0.99914562
0.1,6,0,1,6,19,0.985381558,0.986933837,-0.007309221,-0.992690779,1,-0.018554688,0.537109375,-0.846679688,1.000172123,1.002672915
0.1,6,0,1,7,19,0.912168323,0.958014104,-0.043915839,-0.956084161,0.999023438,-0.002929688,0.575195313,-0.823242188,0.999027733,1.004279516
0.1,6,0,1,8,19,1.087831677,1.069121592,1.043915839,-0.043915839,0.491210938,0.861328125,0.999023438,-0.016601563,0.991551473,0.999161369
0.1,6,0,1,9,19,1.014618442,1.016132776,1.007309221,-0.007309221,0.526367188,0.849609375,1,0,0.999449101,1
0.1,6,0,1,10,19,0.985381558,0.966129384,-0.007309221,-0.992690779,1,-0.002929688,0.569335938,-0.829101563,1.000004292,1.005759818
0.1,6,0,1,11,19,0.912168323,0.923643665,-0.043915839,-0.956084161,0.999023438,-0.030273438,0.581054688,-0.819335938,0.999482021,1.004458027
0.1,6,0,1,12,19,1.087831677,1.104625004,1.043915839,-0.043915839,0.505859375,0.862304688,1,-0.064453125,0.999731505,1.00207495
0.1,6,0,1,13,19,1.014618442,1.01312148,1.007309221,-0.007309221,0.5234375,0.844726563,1,0.002929688,0.993755393,1.000004292
0.1,6,0,1,14,19,0.985381558,1.005488511,-0.007309221,-0.992690779,1,0.000976563,0.541992188,-0.852539063,1.000000477,1.010236796
0.1,6,0,1,15,19,0.912168323,0.894037169,-0.043915839,-0.956084161,1,-0.053710938,0.581054688,-0.80859375,1.001441394,0.995715021
0.1,6,2,3,0,19,1,1.001052423,1.02561253,0.02561253,0.520507813,0.848632813,0.998046875,0.01953125,0.995543085,0.998237965
0.1,6,2,3,1,19,1,1.018457136,0.97438747,-0.02561253,0.546875,0.838867188,1,-0.025390625,1.001384254,1.00032229
0.1,6,2,3,2,19,1,0.992750743,-0.02561253,-1.02561253,1,-0.032226563,0.530273438,-0.873046875,1.000519141,1.021469904
0.1,6,2,3,3,19,1,0.999243038,0.02561253,-0.97438747,1,0.033203125,0.5703125,-0.825195313,1.000551072,1.00309703
0.1,6,2,3,4,19,1,1.019733178,1.02561253,0.02561253,0.473632813,0.854492188,0.999023438,0.044921875,0.976977451,1.000032901
0.1,6,2,3,5,19,1,1.015328677,0.97438747,-0.02561253,0.52734375,0.815429688,0.998046875,-0.018554688,0.971090627,0.998219335
0.1,6,2,3,6,19,1,0.969082149,-0.02561253,-1.02561253,1,-0.024414063,0.552734375,-0.848632813,1.000297979,1.012764997
0.1,6,2,3,7,19,1,1.01537332,0.02561253,-0.97438747,1,0.03125,0.559570313,-0.841796875,1.000488162,1.010812007
0.1,6,2,3,8,19,1,1.00734969,1.02561253,0.02561253,0.53125,0.859375,1,0.009765625,1.010322698,1.000047683
0.1,6,2,3,9,19,1,0.97643074,0.97438747,-0.02561253,0.5703125,0.834960938,0.999023438,-0.004882813,1.011145941,0.99903537
0.1,6,2,3,10,19,1,0.959111196,-0.02561253,-1.02561253,1,-0.049804688,0.53125,-0.84375,1.001239485,0.997066008
0.1,6,2,3,11,19,1,0.998830942,0.02561253,-0.97438747,1,0.029296875,0.578125,-0.842773438,1.000429061,1.022005667
0.1,6,2,3,12,19,1,0.966176243,1.02561253,0.02561253,0.51171875,0.845703125,1,0.060546875,0.988468439,1.001831285
0.1,6,2,3,13,19,1,1.010108064,0.97438747,-0.02561253,0.538085938,0.817382813,0.999023438,-0.021484375,0.978596515,0.999254426
0.1,6,2,3,14,19,1,0.984668893,-0.02561253,-1.02561253,1,-0.029296875,0.528320313,-0.848632813,1.000429061,0.99964994
0.1,6,2,3,15,19,1,0.975785645,0.02561253,-0.97438747,0.998046875,0.0078125,0.569335938,-0.827148438,0.998077452,1.004150361
0.1,7,0,1,0,0,1.087831677,1.126035343,1.543915839,0.456084161,0.024414063,1,0.893554688,0.399414063,1.000297979,0.978760222
0.1,7,0,1,1,0,1.014618442,1.024952752,1.507309221,0.492690779,0.048828125,1,0.896484375,0.486328125,1.001191383,1.019901603
0.1,7,0,1,2,0,0.985381558,1.026775658,0.492690779,-0.492690779,0.876953125,0.504882813,0.891601563,-0.4921875,1.011905844,1.018431088
0.1,7,0,1,3,0,0.912168323,0.95477915,0.456084161,-0.456084161,0.907226563,0.439453125,0.87890625,-0.484375,1.008057084,1.003541398
0.1,7,0,1,4,0,1.087831677,1.075003476,1.543915839,0.456084161,0.03125,0.999023438,0.892578125,0.447265625,0.999512077,0.998369795
0.1,7,0,1,5,0,1.014618442,1.027550761,1.507309221,0.492690779,0.045898438,0.997070313,0.879882813,0.477539063,0.998126182,1.001118035
0.1,7,0,1,6,0,0.985381558,1.026573044,0.492690779,-0.492690779,0.874023438,0.494140625,0.858398438,-0.482421875,1.004037811,0.984671896
0.1,7,0,1,7,0,0.912168323,0.947376674,0.456084161,-0.456084161,0.904296875,0.475585938,0.893554688,-0.446289063,1.021731287,0.998806241
0.1,7,0,1,8,0,1.087831677,1.112633366,1.543915839,0.456084161,0.002929688,1,0.885742188,0.43359375,1.000004292,0.986175828
0.1,7,0,1,9,0,1.014618442,1.004915515,1.507309221,0.492690779,0.056640625,0.998046875,0.87109375,0.486328125,0.999652802,0.997656938
0.1,7,0,1,10,0,0.985381558,0.948307204,0.492690779,-0.492690779,0.887695313,0.4609375,0.883789063,-0.448242188,1.000233146,0.990961233
0.1,7,0,1,11,0,0.912168323,0.922569488,0.456084161,-0.456084161,0.913085938,0.452148438,0.900390625,-0.44921875,1.0189034,1.006230969
0.1,7,0,1,12,0,1.087831677,1.060557405,1.543915839,0.456084161,0.028320313,0.999023438,0.890625,0.465820313,0.999424769,1.005087784
0.1,7,0,1,13,0,1.014618442,1.010275842,1.507309221,0.492690779,0.084960938,0.99609375,0.889648438,0.458007813,0.999710518,1.000622556
0.1,7,0,1,14,0,0.985381558,0.952318044,0.492690779,-0.492690779,0.876953125,0.467773438,0.872070313,-0.434570313,0.993910847,0.974350033
0.1,7,0,1,15,0,0.912168323,0.933802846,0.456084161,-0.456084161,0.883789063,0.470703125,0.90234375,-0.4296875,1.001321396,0.999427632
0.1,7,0,1,16,0,1.087831677,1.077516239,0.543915839,-0.543915839,0.850585938,0.51953125,0.86328125,-0.504882813,0.996699131,1.000080582
0.1,7,0,1,17,0,1.014618442,1.004967924,0.507309221,-0.507309221,0.866210938,0.491210938,0.893554688,-0.475585938,0.99579595,1.01223612
0.1,7,0,1,18,0,0.985381558,0.970152113,-0.507309221,-1.492690779,0.896484375,-0.525390625,0.0703125,-0.995117188,1.039095541,0.997598148
0.1,7,0,1,19,0,0.912168323,0.87543107,-0.543915839,-1.456084161,0.866210938,-0.52734375,0.1484375,-0.9921875,1.014106907,1.003229648
0.1,7,0,1,20,0,1.087831677,1.077089719,0.543915839,-0.543915839,0.859375,0.497070313,0.8359375,-0.515625,0.99277605,0.982171393
0.1,7,0,1,21,0,1.014618442,1.029712001,0.507309221,-0.507309221,0.859375,0.482421875,0.876953125,-0.5,0.985523341,1.009478471
0.1,7,0,1,22,0,0.985381558,0.976240497,-0.507309221,-1.492690779,0.866210938,-0.501953125,0.069335938,-0.998046875,1.001138516,1.000452416
0.1,7,0,1,23,0,0.912168323,0.899626094,-0.543915839,-1.456084161,0.841796875,-0.530273438,0.108398438,-0.990234375,0.994892907,0.996149757
0.1,7,0,1,24,0,1.087831677,1.070826233,0.543915839,-0.543915839,0.8515625,0.504882813,0.845703125,-0.501953125,0.989982498,0.98344838
0.1,7,0,1,25,0,1.014618442,1.017471819,0.507309221,-0.507309221,0.872070313,0.493164063,0.850585938,-0.467773438,1.001856987,0.970725721
0.1,7,0,1,26,0,0.985381558,0.974498471,-0.507309221,-1.492690779,0.859375,-0.4921875,0.076171875,-0.998046875,0.990340308,1.000949409
0.1,7,0,1,27,0,0.912168323,0.88941998,-0.543915839,-1.456084161,0.850585938,-0.516601563,0.135742188,-0.995117188,0.995175166,1.004332693
0.1,7,0,1,28,0,1.087831677,1.079883586,0.543915839,-0.543915839,0.8671875,0.516601563,0.848632813,-0.51171875,1.009401473,0.99097615
0.1,7,0,1,29,0,1.014618442,0.980821061,0.507309221,-0.507309221,0.885742188,0.484375,0.87890625,-0.458007813,1.009533736,0.991083928
0.1,7,0,1,30,0,0.985381558,0.969242484,-0.507309221,-1.492690779,0.861328125,-0.47265625,0.099609375,-0.99609375,0.982491766,1.001061829
0.1,7,0,1,31,0,0.912168323,0.905607953,-0.543915839,-1.456084161,0.837890625,-0.522460938,0.107421875,-0.994140625,0.987434115,0.999927518
0.1,7,2,3,0,0,1,0.994146072,1.02561253,0.02561253,0.52734375,0.844726563,0.999023438,0.018554688,0.995818455,0.999195729
0.1,7,2,3,1,0,1,1.02176414,0.97438747,-0.02561253,0.521484375,0.798828125,0.999023438,-0.029296875,0.95397711,0.999452918
0.1,7,2,3,2,0,1,1.055443634,-0.02561253,-1.02561253,0.998046875,0.00390625,0.499023438,-0.873046875,0.998054519,1.005601928
0.1,7,2,3,3,0,1,0.982943767,0.02561253,-0.97438747,1,0.015625,0.576171875,-0.8359375,1.000122063,1.015266238
0.1,7,2,3,4,0,1,0.974512694,1.02561253,0.02561253,0.546875,0.8515625,0.999023438,0.025390625,1.012042962,0.999346042
0.1,7,2,3,5,0,1,0.992743384,0.97438747,-0.02561253,0.560546875,0.844726563,1,-0.0078125,1.013792762,1.000030517
0.1,7,2,3,6,0,1,1.034187197,-0.02561253,-1.02561253,0.999023438,0.000976563,0.514648438,-0.86328125,0.999023915,1.005046034
0.1,7,2,3,7,0,1,1.003149297,0.02561253,-0.97438747,1,0.030273438,0.569335938,-0.8359375,1.000458136,1.011402449
0.1,7,2,3,8,0,1,0.943321284,1.02561253,0.02561253,0.529296875,0.845703125,1,0.068359375,0.997681792,1.002333779
0.1,7,2,3,9,0,1,1.028321008,0.97438747,-0.02561253,0.53515625,0.819335938,1,-0.036132813,0.978623314,1.000652577
0.1,7,2,3,10,0,1,1.041291519,-0.02561253,-1.02561253,1,-0.008789063,0.499023438,-0.870117188,1.000038623,1.003059475
0.1,7,2,3,11,0,1,1.00354344,0.02561253,-0.97438747,0.999023438,0.029296875,0.568359375,-0.836914063,0.999452918,1.011660777
0.1,7,2,3,12,0,1,1.006295319,1.02561253,0.02561253,0.532226563,0.885742188,1,0.0234375,1.033346184,1.00027462
0.1,7,2,3,13,0,1,1.005442699,0.97438747,-0.02561253,0.557617188,0.8125,1,-0.036132813,0.985440601,1.000652577
0.1,7,2,3,14,0,1,0.996250953,-0.02561253,-1.02561253,0.999023438,-0.02734375,0.528320313,-0.8671875,0.999397573,1.015448922
0.1,7,2,3,15,0,1,0.945154974,0.02561253,-0.97438747,0.999023438,-0.00390625,0.580078125,-0.809570313,0.999031074,0.995939116
0.1,7,2,3,16,0,1,1.016938336,1.02561253,0.02561253,0.510742188,0.85546875,1,0.015625,0.996335468,1.000122063
0.1,7,2,3,17,0,1,0.954716735,0.97438747,-0.02561253,0.573242188,0.81640625,0.999023438,0.00390625,0.997559908,0.999031074
0.1,7,2,3,18,0,1,1.011793038,-0.02561253,-1.02561253,0.997070313,-0.041992188,0.482421875,-0.848632813,0.997954183,0.976170331
0.1,7,2,3,19,0,1,0.955407078,0.02561253,-0.97438747,0.997070313,-0.0078125,0.561523438,-0.807617188,0.997100919,0.983643275
0.1,7,2,3,20,0,1,0.955768396,1.02561253,0.02561253,0.5390625,0.853515625,1,0.051757813,1.009493586,1.00133854
0.1,7,2,3,21,0,1,1.020073117,0.97438747,-0.02561253,0.5859375,0.82421875,1,-0.067382813,1.011266187,1.002267651
0.1,7,2,3,22,0,1,0.99960102,-0.02561253,-1.02561253,1,-0.040039063,0.504882813,-0.859375,1.000801242,0.996710612
0.1,7,2,3,23,0,1,1.019243576,0.02561253,-0.97438747,1,0.038085938,0.55859375,-0.834960938,1.000725007,1.004582871
0.1,7,2,3,24,0,1,1.032562064,1.02561253,0.02561253,0.510742188,0.85546875,1,0,0.996335468,1
0.1,7,2,3,25,0,1,0.985180147,0.97438747,-0.02561253,0.561523438,0.8203125,1,-0.014648438,0.994093139,1.000107283
0.1,7,2,3,26,0,1,0.970096584,-0.02561253,-1.02561253,1,-0.044921875,0.528320313,-0.850585938,1.001008479,1.001308539
0.1,7,2,3,27,0,1,1.037161874,0.02561253,-0.97438747,1,0.0390625,0.545898438,-0.846679688,1.000762649,1.007408357
0.1,7,2,3,28,0,1,0.959357365,1.02561253,0.02561253,0.528320313,0.8359375,1,0.047851563,0.988895271,1.001144231
0.1,7,2,3,29,0,1,0.968559372,0.97438747,-0.02561253,0.578125,0.813476563,1,-0.015625,0.997984285,1.000122063
0.1,7,2,3,30,0,1,1.009242439,-0.02561253,-1.02561253,0.999023438,-0.0234375,0.517578125,-0.8671875,0.999298326,1.009901617
0.1,7,2,3,31,0,1,0.991412596,0.02561253,-0.97438747,0.999023438,0.004882813,0.560546875,-0.84765625,0.99903537,1.016235168
0.1,7,0,1,0,1,1.087831677,1.08298117,1.543915839,0.456084161,0.01171875,1,0.873046875,0.450195313,1.000068662,0.982286448
0.1,7,0,1,1,1,1.014618442,1.021665994,1.507309221,0.492690779,0.061523438,0.997070313,0.889648438,0.471679688,0.998966637,1.006953857
0.1,7,0,1,2,1,0.985381558,0.997783346,0.492690779,-0.492690779,0.891601563,0.46875,0.880859375,-0.497070313,1.007313213,1.011430736
0.1,7,0,1,3,1,0.912168323,0.867920858,0.456084161,-0.456084161,0.883789063,0.412109375,0.916015625,-0.421875,0.975149857,1.008495484
0.1,7,0,1,4,1,1.087831677,1.09556935,1.543915839,0.456084161,0.030273438,0.999023438,0.884765625,0.421875,0.999482021,0.98019831
0.1,7,0,1,5,1,1.014618442,0.984162455,1.507309221,0.492690779,0.092773438,0.995117188,0.87109375,0.46875,0.999432403,0.9892072
0.1,7,0,1,6,1,0.985381558,0.93572905,0.492690779,-0.492690779,0.892578125,0.442382813,0.877929688,-0.452148438,0.99619188,0.987521517
0.1,7,0,1,7,1,0.912168323,0.928446252,0.456084161,-0.456084161,0.895507813,0.427734375,0.88671875,-0.46484375,0.992416716,1.001174237
0.1,7,0,1,8,1,1.087831677,1.106886336,1.543915839,0.456084161,0.048828125,1,0.90625,0.399414063,1.001191383,0.990363901
0.1,7,0,1,9,1,1.014618442,1.028701712,1.507309221,0.492690779,0.047851563,0.997070313,0.8828125,0.475585938,0.998217902,1.002766121
0.1,7,0,1,10,1,0.985381558,0.975292692,0.492690779,-0.492690779,0.892578125,0.471679688,0.876953125,-0.466796875,1.009543182,0.993451612
0.1,7,0,1,11,1,0.912168323,0.905290782,0.456084161,-0.456084161,0.880859375,0.448242188,0.885742188,-0.411132813,0.988349279,0.976508788
0.1,7,0,1,12,1,1.087831677,1.085318717,1.543915839,0.456084161,0.040039063,1,0.91015625,0.434570313,1.000801242,1.008581061
0.1,7,0,1,13,1,1.014618442,1.035543519,1.507309221,0.492690779,0.047851563,0.995117188,0.884765625,0.46875,0.996267027,1.001267583
0.1,7,0,1,14,1,0.985381558,0.987569548,0.492690779,-0.492690779,0.875,0.47265625,0.88671875,-0.475585938,0.994499337,1.006206801
0.1,7,0,1,15,1,0.912168323,0.932272908,0.456084161,-0.456084161,0.90234375,0.47265625,0.877929688,-0.423828125,1.018640355,0.974879898
0.1,7,0,1,16,1,1.087831677,1.082449403,0.543915839,-0.543915839,0.872070313,0.521484375,0.833984375,-0.50390625,1.016096739,0.974397992
0.1,7,0,1,17,1,1.014618442,1.015783693,0.507309221,-0.507309221,0.883789063,0.49609375,0.856445313,-0.47265625,1.013504867,0.978213936
0.1,7,0,1,18,1,0.985381558,0.919497777,-0.507309221,-1.492690779,0.872070313,-0.52734375,0.107421875,-0.99609375,1.019116314,1.001869362
0.1,7,0,1,19,1,0.912168323,0.93182133,-0.543915839,-1.456084161,0.85546875,-0.49609375,0.11328125,-0.994140625,0.988906361,1.000573947
0.1,7,0,1,20,1,1.087831677,1.085798928,0.543915839,-0.543915839,0.836914063,0.520507813,0.866210938,-0.506835938,0.985572692,1.003595564
0.1,7,0,1,21,1,1.014618442,1.014758217,0.507309221,-0.507309221,0.873046875,0.500976563,0.8671875,-0.466796875,1.006572582,0.984841857
0.1,7,0,1,22,1,0.985381558,1.009939707,-0.507309221,-1.492690779,0.877929688,-0.484375,0.056640625,-0.998046875,1.00268623,0.999652802
0.1,7,0,1,23,1,0.912168323,0.935600885,-0.543915839,-1.456084161,0.861328125,-0.510742188,0.099609375,-0.993164063,1.001370921,0.998146724
0.1,7,0,1,24,1,1.087831677,1.069634548,0.543915839,-0.543915839,0.868164063,0.499023438,0.854492188,-0.521484375,1.001365683,1.001050874
0.1,7,0,1,25,1,1.014618442,1.001225921,0.507309221,-0.507309221,0.870117188,0.487304688,0.8828125,-0.471679688,0.997281193,1.000919396
0.1,7,0,1,26,1,0.985381558,0.951428718,-0.507309221,-1.492690779,0.86328125,-0.477539063,0.114257813,-0.997070313,0.986558702,1.003595564
0.1,7,0,1,27,1,0.912168323,0.928693016,-0.543915839,-1.456084161,0.859375,-0.518554688,0.098632813,-0.991210938,1.003705313,0.996106196
0.1,7,0,1,28,1,1.087831677,1.066112589,0.543915839,-0.543915839,0.858398438,0.49609375,0.864257813,-0.520507813,0.991441822,1.008895411
0.1,7,0,1,29,1,1.014618442,0.986280129,0.507309221,-0.507309221,0.895507813,0.47265625,0.849609375,-0.46484375,1.012589834,0.968460532
0.1,7,0,1,30,1,0.985381558,0.991988507,-0.507309221,-1.492690779,0.873046875,-0.505859375,0.053710938,-1,1.009011671,1.001441394
0.1,7,0,1,31,1,0.912168323,0.878613558,-0.543915839,-1.456084161,0.864257813,-0.551757813,0.124023438,-0.995117188,1.025367373,1.00281605
0.1,7,2,3,0,1,1,1.03794922,1.02561253,0.02561253,0.49609375,0.854492188,1,0.006835938,0.988061692,1.000023365
0.1,7,2,3,1,1,1,0.976389666,0.97438747,-0.02561253,0.577148438,0.822265625,0.999023438,-0.017578125,1.004599959,0.999178072
0.1,7,2,3,2,1,1,1.032155307,-0.02561253,-1.02561253,1,-0.0078125,0.50390625,-0.858398438,1.000030517,0.995373993
0.1,7,2,3,3,1,1,0.962618006,0.02561253,-0.97438747,1,0.00390625,0.575195313,-0.819335938,1.000007629,1.00107993
0.1,7,2,3,4,1,1,0.9208981,1.02561253,0.02561253,0.567382813,0.829101563,1,0.049804688,1.004655492,1.001239485
0.1,7,2,3,5,1,1,1.032782648,0.97438747,-0.02561253,0.54296875,0.846679688,1,-0.032226563,1.00582382,1.000519141
0.1,7,2,3,6,1,1,1.007650519,-0.02561253,-1.02561253,1,-0.03515625,0.502929688,-0.862304688,1.00061779,0.998252295
0.1,7,2,3,7,1,1,0.963251129,0.02561253,-0.97438747,1,-0.00390625,0.5703125,-0.827148438,1.000007629,1.004704377
0.1,7,2,3,8,1,1,0.997163184,1.02561253,0.02561253,0.524414063,0.845703125,0.999023438,0.018554688,0.995099937,0.999195729
0.1,7,2,3,9,1,1,1.007951741,0.97438747,-0.02561253,0.572265625,0.819335938,1,-0.046875,0.999399482,1.00109803
0.1,7,2,3,10,1,1,0.935610737,-0.02561253,-1.02561253,0.999023438,-0.053710938,0.546875,-0.83203125,1.000466238,0.995664736
0.1,7,2,3,11,1,1,1.012470143,0.02561253,-0.97438747,0.999023438,0.038085938,0.559570313,-0.82421875,0.999749152,0.996220599
0.1,7,2,3,12,1,1,0.984854569,1.02561253,0.02561253,0.567382813,0.860351563,0.999023438,0.002929688,1.030595977,0.999027733
0.1,7,2,3,13,1,1,1.001283946,0.97438747,-0.02561253,0.541992188,0.823242188,0.998046875,-0.012695313,0.985638489,0.998127615
0.1,7,2,3,14,1,1,1.058338367,-0.02561253,-1.02561253,0.999023438,0.00390625,0.495117188,-0.872070313,0.999031074,1.002819854
0.1,7,2,3,15,1,1,1.010928124,0.02561253,-0.97438747,1,0.057617188,0.581054688,-0.818359375,1.001658495,1.003661605
0.1,7,2,3,16,1,1,0.978124015,1.02561253,0.02561253,0.533203125,0.849609375,1,0.032226563,1.003066131,1.000519141
0.1,7,2,3,17,1,1,1.041556701,0.97438747,-0.02561253,0.548828125,0.827148438,1,-0.056640625,0.992666534,1.001602796
0.1,7,2,3,18,1,1,1.028599567,-0.02561253,-1.02561253,1,-0.026367188,0.487304688,-0.859375,1.000347554,0.987922694
0.1,7,2,3,19,1,1,1.020309612,0.02561253,-0.97438747,0.999023438,0.029296875,0.54296875,-0.829101563,0.999452918,0.991072381
0.1,7,2,3,20,1,1,0.972448978,1.02561253,0.02561253,0.538085938,0.846679688,1,0.032226563,1.003196376,1.000519141
0.1,7,2,3,21,1,1,0.955970692,0.97438747,-0.02561253,0.58984375,0.811523438,0.999023438,-0.013671875,1.003237728,0.999116985
0.1,7,2,3,22,1,1,1.03424318,-0.02561253,-1.02561253,0.999023438,-0.037109375,0.479492188,-0.87890625,0.999712426,1.001193765
0.1,7,2,3,23,1,1,0.969893291,0.02561253,-0.97438747,1,-0.010742188,0.55859375,-0.833984375,1.000057696,1.003771346
0.1,7,2,3,24,1,1,0.973869611,1.02561253,0.02561253,0.5546875,0.838867188,1,0.012695313,1.005672104,1.000080582
0.1,7,2,3,25,1,1,1.001694317,0.97438747,-0.02561253,0.549804688,0.811523438,1,-0.026367188,0.980232362,1.000347554
0.1,7,2,3,26,1,1,1.00983352,-0.02561253,-1.02561253,0.999023438,-0.03125,0.504882813,-0.862304688,0.999512077,0.999237724
0.1,7,2,3,27,1,1,1.017828164,0.02561253,-0.97438747,0.999023438,0.013671875,0.524414063,-0.82421875,0.999116985,0.976906678
0.1,7,2,3,28,1,1,0.981811004,1.02561253,0.02561253,0.545898438,0.841796875,1,0.013671875,1.00330807,1.000093456
0.1,7,2,3,29,1,1,0.989460751,0.97438747,-0.02561253,0.599609375,0.833984375,0.999023438,-0.041992188,1.027161789,0.999905582
0.1,7,2,3,30,1,1,1.000479461,-0.02561253,-1.02561253,1,-0.03515625,0.504882813,-0.8515625,1.00061779,0.989982498
0.1,7,2,3,31,1,1,0.982877099,0.02561253,-0.97438747,0.999023438,0.001953125,0.563476563,-0.841796875,0.999025347,1.012979672
0.1,7,0,1,0,2,1.087831677,1.067073719,1.543915839,0.456084161,0.048828125,1,0.900390625,0.440429688,1.001191383,1.00233806
0.1,7,0,1,1,2,1.014618442,1.0229273,1.507309221,0.492690779,0.056640625,0.997070313,0.869140625,0.46484375,0.99867781,0.985639456
0.1,7,0,1,2,2,0.985381558,1.006243555,0.492690779,-0.492690779,0.870117188,0.49609375,0.884765625,-0.469726563,1.001605176,1.001725139
0.1,7,0,1,3,2,0.912168323,0.897630024,0.456084161,-0.456084161,0.90234375,0.438476563,0.90234375,-0.430664063,1.003237728,0.999847877
0.1,7,0,1,4,2,1.087831677,1.116138873,1.543915839,0.456084161,0.022460938,1,0.895507813,0.413085938,1.000252215,0.986191784
0.1,7,0,1,5,2,1.014618442,1.006445182,1.507309221,0.492690779,0.0703125,0.995117188,0.892578125,0.48046875,0.997598148,1.013679401
0.1,7,0,1,6,2,0.985381558,0.993105981,0.492690779,-0.492690779,0.8671875,0.47265625,0.872070313,-0.469726563,0.987632569,0.990529996
0.1,7,0,1,7,2,0.912168323,0.925247295,0.456084161,-0.456084161,0.905273438,0.442382813,0.8828125,-0.44921875,1.007582527,0.990532885
0.1,7,0,1,8,2,1.087831677,1.076220464,1.543915839,0.456084161,0.065429688,1,0.900390625,0.412109375,1.002138236,0.990220892
0.1,7,0,1,9,2,1.014618442,1.028399536,1.507309221,0.492690779,0.065429688,0.99609375,0.884765625,0.45703125,0.998240353,0.995835215
0.1,7,0,1,10,2,0.985381558,1.000774153,0.492690779,-0.492690779,0.8984375,0.465820313,0.888671875,-0.51171875,1.012017048,1.025472467
0.1,7,0,1,11,2,0.912168323,0.94181585,0.456084161,-0.456084161,0.900390625,0.474609375,0.904296875,-0.444335938,1.017819894,1.007565017
0.1,7,0,1,12,2,1.087831677,1.13125793,1.543915839,0.456084161,-0.002929688,1,0.89453125,0.423828125,1.000004292,0.989856776
0.1,7,0,1,13,2,1.014618442,1.064096007,1.507309221,0.492690779,0.014648438,0.998046875,0.881835938,0.47265625,0.998154368,1.000519141
0.1,7,0,1,14,2,0.985381558,0.970253702,0.492690779,-0.492690779,0.875,0.467773438,0.890625,-0.462890625,0.992187981,1.003733342
0.1,7,0,1,15,2,0.912168323,0.893891507,0.456084161,-0.456084161,0.8984375,0.43359375,0.915039063,-0.435546875,0.997593846,1.013408884
0.1,7,0,1,16,2,1.087831677,1.054009513,0.543915839,-0.543915839,0.861328125,0.505859375,0.848632813,-0.489257813,0.998889306,0.979566668
0.1,7,0,1,17,2,1.014618442,1.014609561,0.507309221,-0.507309221,0.868164063,0.478515625,0.879882813,-0.493164063,0.991305222,1.008664739
0.1,7,0,1,18,2,0.985381558,0.952634545,-0.507309221,-1.492690779,0.875976563,-0.515625,0.0859375,-0.995117188,1.016466467,0.99882104
0.1,7,0,1,19,2,0.912168323,0.879211066,-0.543915839,-1.456084161,0.844726563,-0.529296875,0.131835938,-0.994140625,0.996854125,1.002844104
0.1,7,0,1,20,2,1.087831677,1.070765853,0.543915839,-0.543915839,0.869140625,0.494140625,0.862304688,-0.533203125,0.99979017,1.013841677
0.1,7,0,1,21,2,1.014618442,0.985393962,0.507309221,-0.507309221,0.85546875,0.47265625,0.889648438,-0.463867188,0.97735905,1.00331805
0.1,7,0,1,22,2,0.985381558,0.969849406,-0.507309221,-1.492690779,0.8828125,-0.522460938,0.06640625,-0.99609375,1.025828125,0.998304838
0.1,7,0,1,23,2,0.912168323,0.926397271,-0.543915839,-1.456084161,0.859375,-0.530273438,0.091796875,-1,1.009809541,1.004204494
0.1,7,0,1,24,2,1.087831677,1.067552462,0.543915839,-0.543915839,0.869140625,0.534179688,0.86328125,-0.490234375,1.020173203,0.992765964
0.1,7,0,1,25,2,1.014618442,1.0131046,0.507309221,-0.507309221,0.887695313,0.490234375,0.8671875,-0.483398438,1.014067409,0.992818316
0.1,7,0,1,26,2,0.985381558,0.930357958,-0.507309221,-1.492690779,0.877929688,-0.526367188,0.100585938,-0.999023438,1.023632235,1.004074379
0.1,7,0,1,27,2,0.912168323,0.924484938,-0.543915839,-1.456084161,0.856445313,-0.482421875,0.1328125,-0.990234375,0.982969704,0.999101235
0.1,7,0,1,28,2,1.087831677,1.127493979,0.543915839,-0.543915839,0.844726563,0.526367188,0.860351563,-0.551757813,0.995301654,1.022077049
0.1,7,0,1,29,2,1.014618442,1.022939268,0.507309221,-0.507309221,0.870117188,0.48046875,0.866210938,-0.494140625,0.993958822,0.997244376
0.1,7,0,1,30,2,0.985381558,0.962963846,-0.507309221,-1.492690779,0.877929688,-0.483398438,0.104492188,-0.99609375,1.00221484,1.001559472
0.1,7,0,1,31,2,0.912168323,0.91092232,-0.543915839,-1.456084161,0.8515625,-0.510742188,0.119140625,-0.991210938,0.992983521,0.998345437
0.1,7,2,3,0,2,1,0.988243185,1.02561253,0.02561253,0.52734375,0.842773438,1,0.0234375,0.994162209,1.00027462
0.1,7,2,3,1,2,1,1.001816999,0.97438747,-0.02561253,0.534179688,0.828125,1,-0.00390625,0.985463827,1.000007629
0.1,7,2,3,2,2,1,0.971694487,-0.02561253,-1.02561253,1,-0.064453125,0.510742188,-0.862304688,1.00207495,1.002211034
0.1,7,2,3,3,2,1,0.973101761,0.02561253,-0.97438747,1,0.005859375,0.563476563,-0.817382813,1.000017166,0.992784216
0.1,7,2,3,4,2,1,0.994956535,1.02561253,0.02561253,0.518554688,0.848632813,1,0.02734375,0.99452331,1.00037377
0.1,7,2,3,5,2,1,1.02136962,0.97438747,-0.02561253,0.561523438,0.837890625,1,-0.041015625,1.008647248,1.000840787
0.1,7,2,3,6,2,1,0.974169361,-0.02561253,-1.02561253,0.999023438,-0.052734375,0.524414063,-0.8671875,1.000414286,1.013422059
0.1,7,2,3,7,2,1,1.032681778,0.02561253,-0.97438747,1,0.012695313,0.514648438,-0.837890625,1.000080582,0.983322792
0.1,7,2,3,8,2,1,1.00616798,1.02561253,0.02561253,0.530273438,0.857421875,0.999023438,0.010742188,1.008147901,0.99908119
0.1,7,2,3,9,2,1,1.034587194,0.97438747,-0.02561253,0.541015625,0.837890625,0.999023438,-0.037109375,0.99737586,0.999712426
0.1,7,2,3,10,2,1,0.980156773,-0.02561253,-1.02561253,1,-0.034179688,0.540039063,-0.868164063,1.000583955,1.022424094
0.1,7,2,3,11,2,1,1.000100496,0.02561253,-0.97438747,1,0.017578125,0.557617188,-0.8359375,1.000154483,1.004852443
0.1,7,2,3,12,2,1,0.961019333,1.02561253,0.02561253,0.5234375,0.834960938,0.999023438,0.049804688,0.985467698,1.000264133
0.1,7,2,3,13,2,1,0.994507313,0.97438747,-0.02561253,0.580078125,0.829101563,0.999023438,-0.034179688,1.011879455,0.999607963
0.1,7,2,3,14,2,1,0.968229025,-0.02561253,-1.02561253,0.998046875,-0.059570313,0.512695313,-0.849609375,0.999823078,0.992316771
0.1,7,2,3,15,2,1,0.984077808,0.02561253,-0.97438747,1,0.024414063,0.571289063,-0.815429688,1.000297979,0.995638874
0.1,7,2,3,16,2,1,0.98372827,1.02561253,0.02561253,0.534179688,0.852539063,1,0.02734375,1.006066992,1.00037377
0.1,7,2,3,17,2,1,0.951983974,0.97438747,-0.02561253,0.58984375,0.836914063,1,0.004882813,1.023885149,1.000011921
0.1,7,2,3,18,2,1,1.026906593,-0.02561253,-1.02561253,1,-0.005859375,0.502929688,-0.842773438,1.000017166,0.981430251
0.1,7,2,3,19,2,1,1.022623822,0.02561253,-0.97438747,1,0.015625,0.532226563,-0.841796875,1.000122063,0.995935285
0.1,7,2,3,20,2,1,1.004040889,1.02561253,0.02561253,0.515625,0.861328125,1,0.02734375,1.003870151,1.00037377
0.1,7,2,3,21,2,1,0.973688153,0.97438747,-0.02561253,0.578125,0.810546875,1,-0.022460938,0.995597686,1.000252215
0.1,7,2,3,22,2,1,1.009386908,-0.02561253,-1.02561253,1,-0.036132813,0.494140625,-0.852539063,1.000652577,0.985392211
0.1,7,2,3,23,2,1,1.042184348,0.02561253,-0.97438747,0.999023438,0.073242188,0.578125,-0.841796875,1.00170467,1.021200516
0.1,7,2,3,24,2,1,0.959970341,1.02561253,0.02561253,0.537109375,0.860351563,0.999023438,0.052734375,1.014244197,1.000414286
0.1,7,2,3,25,2,1,0.984140008,0.97438747,-0.02561253,0.576171875,0.82421875,1,-0.0234375,1.005639387,1.00027462
0.1,7,2,3,26,2,1,0.963152958,-0.02561253,-1.02561253,0.999023438,-0.02734375,0.557617188,-0.850585938,0.999397573,1.017070973
0.1,7,2,3,27,2,1,1.013092248,0.02561253,-0.97438747,1,0.05078125,0.560546875,-0.8046875,1.001288538,0.98068077
0.1,7,2,3,28,2,1,0.977771578,1.02561253,0.02561253,0.515625,0.842773438,0.999023438,0.043945313,0.987996056,0.99998951
0.1,7,2,3,29,2,1,1.021424947,0.97438747,-0.02561253,0.536132813,0.82421875,1,-0.02734375,0.983247141,1.00037377
0.1,7,2,3,30,2,1,0.993990508,-0.02561253,-1.02561253,1,-0.0546875,0.499023438,-0.8671875,1.001494245,1.000519141
0.1,7,2,3,31,2,1,0.954122968,0.02561253,-0.97438747,1,-0.01953125,0.56640625,-0.833007813,1.000190717,1.007332148
0.1,7,0,1,0,3,1.087831677,1.066229809,1.543915839,0.456084161,0.065429688,0.999023438,0.904296875,0.424804688,1.001163759,0.99910553
0.1,7,0,1,1,3,1.014618442,1.030145037,1.507309221,0.492690779,0.059570313,1,0.884765625,0.461914063,1.00177274,0.998085574
0.1,7,0,1,2,3,0.985381558,0.966299748,0.492690779,-0.492690779,0.900390625,0.487304688,0.887695313,-0.451171875,1.023801317,0.99577057
0.1,7,0,1,3,3,0.912168323,0.903695069,0.456084161,-0.456084161,0.903320313,0.436523438,0.893554688,-0.435546875,1.00326482,0.994052846
0.1,7,0,1,4,3,1.087831677,1.104451052,1.543915839,0.456084161,0.033203125,0.998046875,0.908203125,0.419921875,0.998599025,1.000583478
0.1,7,0,1,5,3,1.014618442,1.048653917,1.507309221,0.492690779,0.047851563,0.998046875,0.880859375,0.452148438,0.999193343,0.990126986
0.1,7,0,1,6,3,0.985381558,1.00390401,0.492690779,-0.492690779,0.884765625,0.501953125,0.892578125,-0.473632813,1.017235052,1.010457199
0.1,7,0,1,7,3,0.912168323,0.896360717,0.456084161,-0.456084161,0.92578125,0.451171875,0.893554688,-0.423828125,1.029867459,0.988974347
0.1,7,0,1,8,3,1.087831677,1.070313803,1.543915839,0.456084161,0.0234375,1,0.897460938,0.463867188,1.00027462,1.0102519
0.1,7,0,1,9,3,1.014618442,1.000204899,1.507309221,0.492690779,0.078125,0.999023438,0.87890625,0.471679688,1.002073522,0.997475776
0.1,7,0,1,10,3,0.985381558,0.925524001,0.492690779,-0.492690779,0.89453125,0.405273438,0.872070313,-0.4765625,0.982055353,0.993789941
0.1,7,0,1,11,3,0.912168323,0.929489231,0.456084161,-0.456084161,0.895507813,0.461914063,0.908203125,-0.442382813,1.007620387,1.010215556
0.1,7,0,1,12,3,1.087831677,1.109226358,1.543915839,0.456084161,0.026367188,1,0.905273438,0.420898438,1.000347554,0.998336362
0.1,7,0,1,13,3,1.014618442,0.980943618,1.507309221,0.492690779,0.073242188,0.998046875,0.868164063,0.493164063,1.000730724,0.998458628
0.1,7,0,1,14,3,0.985381558,0.998174598,0.492690779,-0.492690779,0.877929688,0.475585938,0.865234375,-0.474609375,0.99847009,0.986855908
0.1,7,0,1,15,3,0.912168323,0.881012307,0.456084161,-0.456084161,0.899414063,0.419921875,0.892578125,-0.424804688,0.992612733,0.988511372
0.1,7,0,1,16,3,1.087831677,1.08585351,0.543915839,-0.543915839,0.865234375,0.528320313,0.836914063,-0.499023438,1.013781474,0.974397013
0.1,7,0,1,17,3,1.014618442,0.983513744,0.507309221,-0.507309221,0.866210938,0.478515625,0.869140625,-0.451171875,0.989595166,0.97926579
0.1,7,0,1,18,3,0.985381558,1.010718506,-0.507309221,-1.492690779,0.846679688,-0.470703125,0.052734375,-1,0.968724897,1.001389492
0.1,7,0,1,19,3,0.912168323,0.965596072,-0.543915839,-1.456084161,0.852539063,-0.49609375,0.078125,-0.997070313,0.986373085,1.000126354
0.1,7,0,1,20,3,1.087831677,1.079185588,0.543915839,-0.543915839,0.848632813,0.497070313,0.866210938,-0.530273438,0.983492016,1.015633451
0.1,7,0,1,21,3,1.014618442,0.987963764,0.507309221,-0.507309221,0.8984375,0.463867188,0.854492188,-0.479492188,1.011119533,0.979831443
0.1,7,0,1,22,3,0.985381558,1.002621066,-0.507309221,-1.492690779,0.872070313,-0.463867188,0.079101563,-0.995117188,0.987764849,0.998256116
0.1,7,0,1,23,3,0.912168323,0.908286808,-0.543915839,-1.456084161,0.85546875,-0.536132813,0.102539063,-0.995117188,1.009586636,1.000386164
0.1,7,0,1,24,3,1.087831677,1.117762963,0.543915839,-0.543915839,0.849609375,0.505859375,0.840820313,-0.551757813,0.988802203,1.005691544
0.1,7,0,1,25,3,1.014618442,1.020463166,0.507309221,-0.507309221,0.893554688,0.471679688,0.8671875,-0.513671875,1.010406704,1.007905231
0.1,7,0,1,26,3,0.985381558,0.94272348,-0.507309221,-1.492690779,0.870117188,-0.497070313,0.109375,-0.999023438,1.002089225,1.004992895
0.1,7,0,1,27,3,0.912168323,0.96493068,-0.543915839,-1.456084161,0.840820313,-0.517578125,0.053710938,-0.9921875,0.987352983,0.993640227
0.1,7,0,1,28,3,1.087831677,1.089460144,0.543915839,-0.543915839,0.85546875,0.484375,0.84375,-0.545898438,0.983079815,1.004947345
0.1,7,0,1,29,3,1.014618442,0.997252867,0.507309221,-0.507309221,0.883789063,0.474609375,0.872070313,-0.481445313,1.003163579,0.996140662
0.1,7,0,1,30,3,0.985381558,1.032820059,-0.507309221,-1.492690779,0.866210938,-0.44921875,0.059570313,-0.999023438,0.975765788,1.000797907
0.1,7,0,1,31,3,0.912168323,0.891829118,-0.543915839,-1.456084161,0.853515625,-0.529296875,0.124023438,-0.99609375,1.004312752,1.003785122
0.1,7,2,3,0,3,1,0.977048356,1.02561253,0.02561253,0.520507813,0.868164063,1,0.053710938,1.012243658,1.001441394
0.1,7,2,3,1,3,1,0.992910435,0.97438747,-0.02561253,0.565429688,0.831054688,0.999023438,-0.01953125,1.005167959,0.999214341
0.1,7,2,3,2,3,1,1.002600809,-0.02561253,-1.02561253,1,-0.038085938,0.501953125,-0.856445313,1.000725007,0.99270112
0.1,7,2,3,3,3,1,0.950493031,0.02561253,-0.97438747,1,-0.002929688,0.571289063,-0.8046875,1.000004292,0.986860256
0.1,7,2,3,4,3,1,0.939420892,1.02561253,0.02561253,0.545898438,0.85546875,1,0.063476563,1.014806329,1.002012612
0.1,7,2,3,5,3,1,0.993203449,0.97438747,-0.02561253,0.551757813,0.818359375,1,-0.015625,0.986989742,1.000122063
0.1,7,2,3,6,3,1,1.033944556,-0.02561253,-1.02561253,1,-0.004882813,0.512695313,-0.87109375,1.000011921,1.01077238
0.1,7,2,3,7,3,1,1.044018327,0.02561253,-0.97438747,0.998046875,0.05078125,0.541015625,-0.830078125,0.999337931,0.990821679
0.1,7,2,3,8,3,1,0.972060549,1.02561253,0.02561253,0.516601563,0.846679688,0.997070313,0.05078125,0.991838529,0.998362631
0.1,7,2,3,9,3,1,0.96440955,0.97438747,-0.02561253,0.581054688,0.829101563,0.998046875,-0.004882813,1.012439604,0.998058819
0.1,7,2,3,10,3,1,1.00603417,-0.02561253,-1.02561253,0.998046875,-0.01171875,0.516601563,-0.836914063,0.998115672,0.983515288
0.1,7,2,3,11,3,1,1.00429523,0.02561253,-0.97438747,1,0.026367188,0.560546875,-0.83203125,1.000347554,1.003239154
0.1,7,2,3,12,3,1,1.007635756,1.02561253,0.02561253,0.545898438,0.875976563,0.999023438,0.005859375,1.03215311,0.99904062
0.1,7,2,3,13,3,1,1.013892713,0.97438747,-0.02561253,0.563476563,0.8203125,0.998046875,-0.044921875,0.995197686,0.999057325
0.1,7,2,3,14,3,1,0.97827565,-0.02561253,-1.02561253,0.999023438,-0.047851563,0.51171875,-0.844726563,1.000168786,0.987633052
0.1,7,2,3,15,3,1,0.999388885,0.02561253,-0.97438747,1,0.046875,0.591796875,-0.83203125,1.00109803,1.021028669
0.1,7,2,3,16,3,1,0.986345822,1.02561253,0.02561253,0.510742188,0.83984375,1,0.038085938,0.98295224,1.000725007
0.1,7,2,3,17,3,1,0.994646486,0.97438747,-0.02561253,0.579101563,0.826171875,0.998046875,-0.03515625,1.008919514,0.998665873
0.1,7,2,3,18,3,1,1.011316516,-0.02561253,-1.02561253,0.999023438,-0.037109375,0.490234375,-0.8515625,0.999712426,0.98259271
0.1,7,2,3,19,3,1,1.025480309,0.02561253,-0.97438747,1,0.028320313,0.541992188,-0.838867188,1.00040094,0.998726033
0.1,7,2,3,20,3,1,1.000586573,1.02561253,0.02561253,0.515625,0.858398438,1,0.029296875,1.001357588,1.000429061
0.1,7,2,3,21,3,1,1.015424744,0.97438747,-0.02561253,0.537109375,0.8046875,1,-0.033203125,0.967475299,1.000551072
0.1,7,2,3,22,3,1,0.979791353,-0.02561253,-1.02561253,1,-0.041015625,0.529296875,-0.86328125,1.000840787,1.012625152
0.1,7,2,3,23,3,1,0.999521275,0.02561253,-0.97438747,0.997070313,0.041015625,0.581054688,-0.827148438,0.997913568,1.010840782
0.1,7,2,3,24,3,1,0.9758337,1.02561253,0.02561253,0.546875,0.818359375,1,0.005859375,0.984268425,1.000017166
0.1,7,2,3,25,3,1,0.964981869,0.97438747,-0.02561253,0.571289063,0.814453125,0.997070313,-0.005859375,0.994839226,0.997087529
0.1,7,2,3,26,3,1,1.034991737,-0.02561253,-1.02561253,0.999023438,0.002929688,0.510742188,-0.854492188,0.999027733,0.995497102
0.1,7,2,3,27,3,1,1.004787273,0.02561253,-0.97438747,1,0.047851563,0.580078125,-0.823242188,1.001144231,1.007084073
0.1,7,2,3,28,3,1,1.043393588,1.02561253,0.02561253,0.50390625,0.859375,1,-0.002929688,0.996216291,1.000004292
0.1,7,2,3,29,3,1,1.001730784,0.97438747,-0.02561253,0.565429688,0.82421875,1,-0.032226563,0.999523526,1.000519141
0.1,7,2,3,30,3,1,0.976794977,-0.02561253,-1.02561253,0.999023438,-0.077148438,0.486328125,-0.85546875,1.001997859,0.984043611
0.1,7,2,3,31,3,1,1.027963792,0.02561253,-0.97438747,1,0.034179688,0.537109375,-0.825195313,1.000583955,0.984598286
0.1,7,0,1,0,4,1.087831677,1.067741921,1.543915839,0.456084161,0.038085938,0.999023438,0.899414063,0.451171875,0.999749152,1.006231443
0.1,7,0,1,1,4,1.014618442,1.031565606,1.507309221,0.492690779,0.047851563,0.998046875,0.890625,0.4765625,0.999193343,1.010111235
0.1,7,0,1,2,4,0.985381558,1.029911911,0.492690779,-0.492690779,0.869140625,0.5,0.86328125,-0.48046875,1.002699071,0.98798013
0.1,7,0,1,3,4,0.912168323,0.948636561,0.456084161,-0.456084161,0.891601563,0.481445313,0.891601563,-0.434570313,1.013283245,0.991869297
0.1,7,0,1,4,4,1.087831677,1.089458456,1.543915839,0.456084161,0.009765625,0.999023438,0.884765625,0.451171875,0.999071167,0.993159741
0.1,7,0,1,5,4,1.014618442,1.025948478,1.507309221,0.492690779,0.07421875,1,0.875,0.4453125,1.002750429,0.981798463
0.1,7,0,1,6,4,0.985381558,1.008723995,0.492690779,-0.492690779,0.883789063,0.497070313,0.879882813,-0.4765625,1.013983236,1.000652577
0.1,7,0,1,7,4,0.912168323,0.891164508,0.456084161,-0.456084161,0.893554688,0.4453125,0.901367188,-0.412109375,0.998370273,0.991108946
0.1,7,0,1,8,4,1.087831677,1.062525986,1.543915839,0.456084161,0.051757813,1,0.884765625,0.434570313,1.00133854,0.985728952
0.1,7,0,1,9,4,1.014618442,1.035907466,1.507309221,0.492690779,0.02734375,0.997070313,0.888671875,0.494140625,0.997445181,1.016814958
0.1,7,0,1,10,4,0.985381558,0.99265844,0.492690779,-0.492690779,0.87890625,0.489257813,0.862304688,-0.454101563,1.005907254,0.974565341
0.1,7,0,1,11,4,0.912168323,0.92553338,0.456084161,-0.456084161,0.89453125,0.454101563,0.8984375,-0.440429688,1.003192098,1.000583955
0.1,7,0,1,12,4,1.087831677,1.105764897,1.543915839,0.456084161,0.016601563,1,0.905273438,0.435546875,1.000137796,1.004599959
0.1,7,0,1,13,4,1.014618442,1.038364886,1.507309221,0.492690779,0.032226563,0.997070313,0.8828125,0.482421875,0.997590978,1.00602623
0.1,7,0,1,14,4,0.985381558,0.997422301,0.492690779,-0.492690779,0.869140625,0.458984375,0.890625,-0.5,0.982889659,1.021377937
0.1,7,0,1,15,4,0.912168323,0.946388109,0.456084161,-0.456084161,0.901367188,0.459960938,0.891601563,-0.458007813,1.011942128,1.002359468
0.1,7,0,1,16,4,1.087831677,1.057704817,0.543915839,-0.543915839,0.859375,0.50390625,0.865234375,-0.50390625,0.996216291,1.001275203
0.1,7,0,1,17,4,1.014618442,1.010556875,0.507309221,-0.507309221,0.859375,0.482421875,0.8671875,-0.47265625,0.985523341,0.987632569
0.1,7,0,1,18,4,0.985381558,0.977208036,-0.507309221,-1.492690779,0.87890625,-0.477539063,0.095703125,-0.995117188,1.000259842,0.99970861
0.1,7,0,1,19,4,0.912168323,0.924671067,-0.543915839,-1.456084161,0.841796875,-0.479492188,0.127929688,-0.991210938,0.968780025,0.999432403
0.1,7,0,1,20,4,1.087831677,1.104985052,0.543915839,-0.543915839,0.834960938,0.534179688,0.848632813,-0.50390625,0.991215267,0.986964619
0.1,7,0,1,21,4,1.014618442,1.006523679,0.507309221,-0.507309221,0.861328125,0.477539063,0.868164063,-0.474609375,0.984850088,0.98942554
0.1,7,0,1,22,4,0.985381558,0.942774473,-0.507309221,-1.492690779,0.875,-0.485351563,0.122070313,-0.999023438,1.000595392,1.00645367
0.1,7,0,1,23,4,0.912168323,0.912052558,-0.543915839,-1.456084161,0.825195313,-0.541992188,0.077148438,-0.9921875,0.987270396,0.995182353
0.1,7,0,1,24,4,1.087831677,1.082490339,0.543915839,-0.543915839,0.841796875,0.50390625,0.857421875,-0.517578125,0.981093007,1.001528525
0.1,7,0,1,25,4,1.014618442,1.027707545,0.507309221,-0.507309221,0.870117188,0.493164063,0.880859375,-0.495117188,1.000157344,1.010472299
0.1,7,0,1,26,4,0.985381558,0.990212756,-0.507309221,-1.492690779,0.876953125,-0.461914063,0.095703125,-0.99609375,0.991166679,1.000680692
0.1,7,0,1,27,4,0.912168323,0.924492696,-0.543915839,-1.456084161,0.875976563,-0.51953125,0.110351563,-0.990234375,1.018453562,0.996364183
0.1,7,0,1,28,4,1.087831677,1.100800227,0.543915839,-0.543915839,0.864257813,0.538085938,0.857421875,-0.518554688,1.018075657,1.00203355
0.1,7,0,1,29,4,1.014618442,0.991701281,0.507309221,-0.507309221,0.875,0.46875,0.877929688,-0.479492188,0.992648761,1.00033659
0.1,7,0,1,30,4,0.985381558,0.966319667,-0.507309221,-1.492690779,0.87109375,-0.49609375,0.086914063,-0.999023438,1.002453655,1.00279703
0.1,7,0,1,31,4,0.912168323,0.888154584,-0.543915839,-1.456084161,0.868164063,-0.510742188,0.150390625,-0.989257813,1.00725688,1.000623985
0.1,7,2,3,0,4,1,0.980310487,1.02561253,0.02561253,0.517578125,0.856445313,0.999023438,0.046875,1.000692605,1.00012254
0.1,7,2,3,1,4,1,1.014928048,0.97438747,-0.02561253,0.552734375,0.827148438,0.999023438,-0.033203125,0.994831557,0.999575048
0.1,7,2,3,2,4,1,0.975604398,-0.02561253,-1.02561253,1,-0.038085938,0.51953125,-0.833984375,1.000725007,0.982569416
0.1,7,2,3,3,4,1,1.030727631,0.02561253,-0.97438747,1,0.046875,0.548828125,-0.825195313,1.00109803,0.991039663
0.1,7,2,3,4,4,1,0.992771484,1.02561253,0.02561253,0.502929688,0.850585938,0.997070313,0.043945313,0.988147108,0.998038275
0.1,7,2,3,5,4,1,0.98832082,0.97438747,-0.02561253,0.568359375,0.813476563,0.999023438,-0.02734375,0.992359056,0.999397573
0.1,7,2,3,6,4,1,0.976187006,-0.02561253,-1.02561253,1,-0.044921875,0.517578125,-0.844726563,1.001008479,0.990681624
0.1,7,2,3,7,4,1,0.993239884,0.02561253,-0.97438747,0.999023438,0.03515625,0.573242188,-0.815429688,0.999641831,0.996760844
0.1,7,2,3,8,4,1,0.962798587,1.02561253,0.02561253,0.551757813,0.874023438,1,0.044921875,1.033611945,1.001008479
0.1,7,2,3,9,4,1,0.988124881,0.97438747,-0.02561253,0.565429688,0.833007813,1,-0.013671875,1.006783367,1.000093456
0.1,7,2,3,10,4,1,0.981023169,-0.02561253,-1.02561253,1,-0.041015625,0.522460938,-0.854492188,1.000840787,1.001559948
0.1,7,2,3,11,4,1,0.954274591,0.02561253,-0.97438747,1,0.012695313,0.603515625,-0.829101563,1.000080582,1.025495251
0.1,7,2,3,12,4,1,1.001983918,1.02561253,0.02561253,0.517578125,0.875976563,1,0.03515625,1.017458625,1.00061779
0.1,7,2,3,13,4,1,1.006032634,0.97438747,-0.02561253,0.530273438,0.836914063,0.999023438,0,0.99076489,0.999023438
0.1,7,2,3,14,4,1,0.963735871,-0.02561253,-1.02561253,0.997070313,-0.043945313,0.538085938,-0.852539063,0.998038275,1.008146482
0.1,7,2,3,15,4,1,0.984612859,0.02561253,-0.97438747,1,0.022460938,0.5703125,-0.818359375,1.000252215,0.997481035
0.1,7,2,3,16,4,1,1.02962707,1.02561253,0.02561253,0.4921875,0.852539063,0.999023438,0.017578125,0.984414236,0.999178072
0.1,7,2,3,17,4,1,1.002649615,0.97438747,-0.02561253,0.536132813,0.829101563,0.999023438,-0.005859375,0.987343807,0.99904062
0.1,7,2,3,18,4,1,0.986144221,-0.02561253,-1.02561253,1,-0.022460938,0.537109375,-0.852539063,1.000252215,1.007625592
0.1,7,2,3,19,4,1,1.001508241,0.02561253,-0.97438747,0.998046875,0.040039063,0.580078125,-0.831054688,0.998849684,1.013480402
0.1,7,2,3,20,4,1,1.025413481,1.02561253,0.02561253,0.51171875,0.858398438,1,0.0078125,0.999351768,1.000030517
0.1,7,2,3,21,4,1,0.974316818,0.97438747,-0.02561253,0.5625,0.823242188,0.999023438,-0.002929688,0.997062661,0.999027733
0.1,7,2,3,22,4,1,1.023571197,-0.02561253,-1.02561253,1,-0.0078125,0.512695313,-0.856445313,1.000030517,0.998175865
0.1,7,2,3,23,4,1,1.073692858,0.02561253,-0.97438747,1,0.084960938,0.533203125,-0.810546875,1.003602691,0.970201942
0.1,7,2,3,24,4,1,1.067512676,1.02561253,0.02561253,0.501953125,0.853515625,0.999023438,-0.028320313,0.990174662,0.999424769
0.1,7,2,3,25,4,1,0.994622696,0.97438747,-0.02561253,0.577148438,0.818359375,1,-0.038085938,1.001405205,1.000725007
0.1,7,2,3,26,4,1,1.026892311,-0.02561253,-1.02561253,0.999023438,0.021484375,0.545898438,-0.860351563,0.999254426,1.018925863
0.1,7,2,3,27,4,1,1.036543124,0.02561253,-0.97438747,0.999023438,0.055664063,0.551757813,-0.82421875,1.000572994,0.991853432
0.1,7,2,3,28,4,1,1.019842738,1.02561253,0.02561253,0.516601563,0.865234375,1,0.012695313,1.007724019,1.000080582
0.1,7,2,3,29,4,1,1.013375896,0.97438747,-0.02561253,0.547851563,0.815429688,1,-0.034179688,0.982378191,1.000583955
0.1,7,2,3,30,4,1,1.022447597,-0.02561253,-1.02561253,1,-0.009765625,0.514648438,-0.861328125,1.000047683,1.003368902
0.1,7,2,3,31,4,1,0.929523548,0.02561253,-0.97438747,0.997070313,-0.01171875,0.583984375,-0.801757813,0.997139176,0.991893815
0.1,7,0,1,0,5,1.087831677,1.059840893,1.543915839,0.456084161,0.030273438,0.999023438,0.887695313,0.462890625,0.999482021,1.001134705
0.1,7,0,1,1,5,1.014618442,1.011187302,1.507309221,0.492690779,0.059570313,0.999023438,0.874023438,0.477539063,1.000797907,0.995972151
0.1,7,0,1,2,5,0.985381558,1.01125874,0.492690779,-0.492690779,0.875976563,0.483398438,0.880859375,-0.489257813,1.000504367,1.007614235
0.1,7,0,1,3,5,0.912168323,0.919657539,0.456084161,-0.456084161,0.903320313,0.409179688,0.889648438,-0.479492188,0.991673133,1.010636977
0.1,7,0,1,4,5,1.087831677,1.050256783,1.543915839,0.456084161,0.038085938,1,0.883789063,0.462890625,1.000725007,0.997672711
0.1,7,0,1,5,5,1.014618442,0.96078392,1.507309221,0.492690779,0.095703125,0.998046875,0.869140625,0.491210938,1.002624881,0.998345437
0.1,7,0,1,6,5,0.985381558,1.003509198,0.492690779,-0.492690779,0.872070313,0.48828125,0.888671875,-0.477539063,0.99946246,1.008851455
0.1,7,0,1,7,5,0.912168323,0.892947211,0.456084161,-0.456084161,0.892578125,0.431640625,0.896484375,-0.424804688,0.991468274,0.992039947
0.1,7,0,1,8,5,1.087831677,1.036475629,1.543915839,0.456084161,0.047851563,1,0.912109375,0.482421875,1.001144231,1.031830595
0.1,7,0,1,9,5,1.014618442,1.043352703,1.507309221,0.492690779,0.016601563,0.997070313,0.873046875,0.489257813,0.997208514,1.000791713
0.1,7,0,1,10,5,0.985381558,0.979626578,0.492690779,-0.492690779,0.87109375,0.479492188,0.879882813,-0.454101563,0.994342536,0.99015251
0.1,7,0,1,11,5,0.912168323,0.962765585,0.456084161,-0.456084161,0.897460938,0.489257813,0.900390625,-0.450195313,1.022159157,1.006667322
0.1,7,0,1,12,5,1.087831677,1.073422555,1.543915839,0.456084161,0.016601563,1,0.881835938,0.459960938,1.000137796,0.994584679
0.1,7,0,1,13,5,1.014618442,0.993052498,1.507309221,0.492690779,0.043945313,0.999023438,0.869140625,0.513671875,0.99998951,1.009586163
0.1,7,0,1,14,5,0.985381558,1.004616271,0.492690779,-0.492690779,0.892578125,0.504882813,0.868164063,-0.462890625,1.025476652,0.983858003
0.1,7,0,1,15,5,0.912168323,0.921264834,0.456084161,-0.456084161,0.893554688,0.462890625,0.911132813,-0.432617188,1.006333797,1.008623137
0.1,7,0,1,16,5,1.087831677,1.134529668,0.543915839,-0.543915839,0.853515625,0.533203125,0.861328125,-0.559570313,1.006376915,1.027134399
0.1,7,0,1,17,5,1.014618442,1.044378447,0.507309221,-0.507309221,0.864257813,0.518554688,0.873046875,-0.481445313,1.007889146,0.996995705
0.1,7,0,1,18,5,0.985381558,0.993628625,-0.507309221,-1.492690779,0.888671875,-0.469726563,0.090820313,-0.99609375,1.005176972,1.000225519
0.1,7,0,1,19,5,0.912168323,0.919576256,-0.543915839,-1.456084161,0.85546875,-0.501953125,0.120117188,-0.991210938,0.991858721,0.998462449
0.1,7,0,1,20,5,1.087831677,1.042636576,0.543915839,-0.543915839,0.862304688,0.502929688,0.887695313,-0.501953125,0.998252295,1.019784246
0.1,7,0,1,21,5,1.014618442,1.009631975,0.507309221,-0.507309221,0.889648438,0.51953125,0.866210938,-0.452148438,1.030236411,0.977118006
0.1,7,0,1,22,5,0.985381558,0.98595547,-0.507309221,-1.492690779,0.880859375,-0.478515625,0.086914063,-0.994140625,1.002442239,0.997932681
0.1,7,0,1,23,5,0.912168323,0.885698703,-0.543915839,-1.456084161,0.8671875,-0.545898438,0.123046875,-0.993164063,1.024704477,1.000757407
0.1,7,0,1,24,5,1.087831677,1.10719185,0.543915839,-0.543915839,0.84375,0.526367188,0.856445313,-0.524414063,0.994472965,1.00424533
0.1,7,0,1,25,5,1.014618442,1.014168822,0.507309221,-0.507309221,0.872070313,0.491210938,0.887695313,-0.486328125,1.000897005,1.012184772
0.1,7,0,1,26,5,0.985381558,0.993949738,-0.507309221,-1.492690779,0.884765625,-0.48828125,0.072265625,-0.994140625,1.010558653,0.996763715
0.1,7,0,1,27,5,0.912168323,0.907643004,-0.543915839,-1.456084161,0.870117188,-0.509765625,0.1328125,-0.991210938,1.008446782,1.000069139
0.1,7,0,1,28,5,1.087831677,1.068476984,0.543915839,-0.543915839,0.87890625,0.524414063,0.845703125,-0.49609375,1.023467784,0.980470695
0.1,7,0,1,29,5,1.014618442,1.047693234,0.507309221,-0.507309221,0.868164063,0.494140625,0.866210938,-0.5078125,0.998941338,1.004089101
0.1,7,0,1,30,5,0.985381558,0.955799946,-0.507309221,-1.492690779,0.859375,-0.500976563,0.086914063,-0.994140625,0.994737607,0.997932681
0.1,7,0,1,31,5,0.912168323,0.911525693,-0.543915839,-1.456084161,0.869140625,-0.508789063,0.129882813,-0.99609375,1.007110588,1.00452591
0.1,7,2,3,0,5,1,1.026294539,1.02561253,0.02561253,0.471679688,0.866210938,1,0.045898438,0.98630782,1.001052779
0.1,7,2,3,1,5,1,0.99080294,0.97438747,-0.02561253,0.543945313,0.842773438,0.999023438,0.006835938,1.003067081,0.999046825
0.1,7,2,3,2,5,1,1.043856577,-0.02561253,-1.02561253,1,0.014648438,0.517578125,-0.860351563,1.000107283,1.004037811
0.1,7,2,3,3,5,1,1.013518366,0.02561253,-0.97438747,1,0.04296875,0.563476563,-0.823242188,1.000922731,0.997613921
0.1,7,2,3,4,5,1,0.984953726,1.02561253,0.02561253,0.52734375,0.84765625,0.999023438,0.029296875,0.998304838,0.999452918
0.1,7,2,3,5,5,1,0.991401645,0.97438747,-0.02561253,0.544921875,0.831054688,1,-0.000976563,0.993776506,1.000000477
0.1,7,2,3,6,5,1,1.016990796,-0.02561253,-1.02561253,0.999023438,-0.001953125,0.514648438,-0.8359375,0.999025347,0.981659064
0.1,7,2,3,7,5,1,1.019147487,0.02561253,-0.97438747,0.999023438,0.024414063,0.532226563,-0.819335938,0.999321708,0.977024305
0.1,7,2,3,8,5,1,0.991966292,1.02561253,0.02561253,0.513671875,0.857421875,0.999023438,0.0390625,0.999515416,0.999786831
0.1,7,2,3,9,5,1,1.023633103,0.97438747,-0.02561253,0.547851563,0.823242188,1,-0.040039063,0.988872607,1.000801242
0.1,7,2,3,10,5,1,0.974477946,-0.02561253,-1.02561253,0.999023438,-0.02734375,0.543945313,-0.850585938,0.999397573,1.009640005
0.1,7,2,3,11,5,1,0.98649336,0.02561253,-0.97438747,1,0.010742188,0.560546875,-0.828125,1.000057696,1.000001907
0.1,7,2,3,12,5,1,1.017878016,1.02561253,0.02561253,0.532226563,0.845703125,1,-0.008789063,0.999239155,1.000038623
0.1,7,2,3,13,5,1,1.043807755,0.97438747,-0.02561253,0.5703125,0.828125,0.999023438,-0.076171875,1.00550851,1.001923142
0.1,7,2,3,14,5,1,0.986411816,-0.02561253,-1.02561253,0.999023438,-0.01953125,0.55078125,-0.869140625,0.999214341,1.02896327
0.1,7,2,3,15,5,1,1.010333131,0.02561253,-0.97438747,0.998046875,0.03515625,0.5546875,-0.818359375,0.998665873,0.988630512
0.1,7,2,3,16,5,1,0.965377512,1.02561253,0.02561253,0.547851563,0.87109375,0.998046875,0.043945313,1.029050852,0.999013891
0.1,7,2,3,17,5,1,1.005087725,0.97438747,-0.02561253,0.53515625,0.814453125,1,-0.015625,0.974538919,1.000122063
0.1,7,2,3,18,5,1,1.000976957,-0.02561253,-1.02561253,1,-0.025390625,0.518554688,-0.856445313,1.00032229,1.001198051
0.1,7,2,3,19,5,1,1.001347587,0.02561253,-0.97438747,1,0.033203125,0.56640625,-0.823242188,1.000551072,0.999271604
0.1,7,2,3,20,5,1,0.981636883,1.02561253,0.02561253,0.515625,0.869140625,0.999023438,0.053710938,1.010581301,1.000466238
0.1,7,2,3,21,5,1,1.048739438,0.97438747,-0.02561253,0.540039063,0.842773438,1,-0.047851563,1.000954173,1.001144231
0.1,7,2,3,22,5,1,1.027640733,-0.02561253,-1.02561253,1,-0.006835938,0.500976563,-0.842773438,1.000023365,0.980430815
0.1,7,2,3,23,5,1,1.068650813,0.02561253,-0.97438747,1,0.081054688,0.5390625,-0.817382813,1.003279553,0.979133822
0.1,7,2,3,24,5,1,1.040788117,1.02561253,0.02561253,0.487304688,0.864257813,1,0.016601563,0.992173082,1.000137796
0.1,7,2,3,25,5,1,1.019578017,0.97438747,-0.02561253,0.529296875,0.817382813,1,-0.0234375,0.973791479,1.00027462
0.1,7,2,3,26,5,1,1.006173591,-0.02561253,-1.02561253,1,-0.017578125,0.512695313,-0.841796875,1.000154483,0.98563607
0.1,7,2,3,27,5,1,1.00549639,0.02561253,-0.97438747,1,0.052734375,0.581054688,-0.817382813,1.001389492,1.0028655
0.1,7,2,3,28,5,1,1.017848291,1.02561253,0.02561253,0.509765625,0.861328125,1,0.018554688,1.000873184,1.000172123
0.1,7,2,3,29,5,1,0.976016356,0.97438747,-0.02561253,0.548828125,0.809570313,1,-0.000976563,0.978067688,1.000000477
0.1,7,2,3,30,5,1,0.985229184,-0.02561253,-1.02561253,1,-0.034179688,0.52734375,-0.857421875,1.000583955,1.006610005
0.1,7,2,3,31,5,1,1.024165322,0.02561253,-0.97438747,1,0.040039063,0.553710938,-0.833007813,1.000801242,1.000248878
0.1,7,0,1,0,6,1.087831677,1.114709375,1.543915839,0.456084161,0.017578125,0.998046875,0.895507813,0.419921875,0.998201661,0.98907463
0.1,7,0,1,1,6,1.014618442,1.024764939,1.507309221,0.492690779,0.0546875,0.999023438,0.875976563,0.46875,1.000519141,0.993509688
0.1,7,0,1,2,6,0.985381558,0.990960587,0.492690779,-0.492690779,0.888671875,0.475585938,0.885742188,-0.483398438,1.007928413,1.009065544
0.1,7,0,1,3,6,0.912168323,0.937629918,0.456084161,-0.456084161,0.897460938,0.442382813,0.895507813,-0.465820313,1.000569182,1.009417062
0.1,7,0,1,4,6,1.087831677,1.13558568,1.543915839,0.456084161,-0.008789063,1,0.903320313,0.4296875,1.000038623,1.000309419
0.1,7,0,1,5,6,1.014618442,1.006264898,1.507309221,0.492690779,0.049804688,0.9921875,0.862304688,0.487304688,0.993436733,0.990472227
0.1,7,0,1,6,6,0.985381558,0.953863501,0.492690779,-0.492690779,0.889648438,0.451171875,0.870117188,-0.458007813,0.997512107,0.983298061
0.1,7,0,1,7,6,0.912168323,0.939802953,0.456084161,-0.456084161,0.873046875,0.452148438,0.916015625,-0.456054688,0.983183124,1.02326463
0.1,7,0,1,8,6,1.087831677,1.120894741,1.543915839,0.456084161,0.005859375,1,0.905273438,0.430664063,1.000017166,1.002492659
0.1,7,0,1,9,6,1.014618442,1.065086489,1.507309221,0.492690779,0.026367188,0.997070313,0.868164063,0.451171875,0.997418887,0.978399152
0.1,7,0,1,10,6,0.985381558,0.968563583,0.492690779,-0.492690779,0.86328125,0.4375,0.887695313,-0.484375,0.967812361,1.011247798
0.1,7,0,1,11,6,0.912168323,0.909469555,0.456084161,-0.456084161,0.888671875,0.451171875,0.907226563,-0.426757813,0.99664124,1.002587785
0.1,7,0,1,12,6,1.087831677,1.101041249,1.543915839,0.456084161,0.055664063,1,0.913085938,0.401367188,1.001548046,0.997407413
0.1,7,0,1,13,6,1.014618442,1.016310158,1.507309221,0.492690779,0.059570313,0.999023438,0.884765625,0.477539063,1.000797907,1.005412238
0.1,7,0,1,14,6,0.985381558,1.026935043,0.492690779,-0.492690779,0.868164063,0.504882813,0.891601563,-0.487304688,1.004298508,1.016080314
0.1,7,0,1,15,6,0.912168323,0.882956803,0.456084161,-0.456084161,0.889648438,0.422851563,0.891601563,-0.418945313,0.985026795,0.985123607
0.1,7,0,1,16,6,1.087831677,1.104046826,0.543915839,-0.543915839,0.84375,0.516601563,0.870117188,-0.5390625,0.989338788,1.023568414
0.1,7,0,1,17,6,1.014618442,0.996459057,0.507309221,-0.507309221,0.857421875,0.48046875,0.893554688,-0.471679688,0.982864432,1.010406704
0.1,7,0,1,18,6,0.985381558,1.01324407,-0.507309221,-1.492690779,0.881835938,-0.47265625,0.065429688,-0.997070313,1.000519141,0.999214818
0.1,7,0,1,19,6,0.912168323,0.906643458,-0.543915839,-1.456084161,0.875,-0.508789063,0.13671875,-0.98828125,1.012171581,0.997693262
0.1,7,0,1,20,6,1.087831677,1.119290451,0.543915839,-0.543915839,0.8671875,0.567382813,0.850585938,-0.509765625,1.036309518,0.991643802
0.1,7,0,1,21,6,1.014618442,1.003099789,0.507309221,-0.507309221,0.888671875,0.508789063,0.893554688,-0.46875,1.024013677,1.009042389
0.1,7,0,1,22,6,0.985381558,0.968082847,-0.507309221,-1.492690779,0.884765625,-0.516601563,0.07421875,-0.998046875,1.024542525,1.000802672
0.1,7,0,1,23,6,0.912168323,0.878638525,-0.543915839,-1.456084161,0.844726563,-0.537109375,0.125976563,-0.99609375,1.001024199,1.004028313
0.1,7,0,1,24,6,1.087831677,1.046396931,0.543915839,-0.543915839,0.870117188,0.509765625,0.856445313,-0.486328125,1.008446782,0.984892694
0.1,7,0,1,25,6,1.014618442,1.007262088,0.507309221,-0.507309221,0.866210938,0.484375,0.875976563,-0.475585938,0.9924417,0.99675319
0.1,7,0,1,26,6,0.985381558,0.979819552,-0.507309221,-1.492690779,0.881835938,-0.485351563,0.087890625,-0.998046875,1.00657874,1.001909341
0.1,7,0,1,27,6,0.912168323,0.94048182,-0.543915839,-1.456084161,0.869140625,-0.494140625,0.11328125,-0.995117188,0.99979017,1.001544237
0.1,7,0,1,28,6,1.087831677,1.091992891,0.543915839,-0.543915839,0.84375,0.520507813,0.853515625,-0.510742188,0.991384106,0.994658989
0.1,7,0,1,29,6,1.014618442,1.017178541,0.507309221,-0.507309221,0.87890625,0.493164063,0.860351563,-0.4765625,1.007812973,0.983522561
0.1,7,0,1,30,6,0.985381558,0.983782773,-0.507309221,-1.492690779,0.85546875,-0.498046875,0.059570313,-0.995117188,0.989887606,0.99689861
0.1,7,0,1,31,6,0.912168323,0.976133435,-0.543915839,-1.456084161,0.864257813,-0.47265625,0.09375,-0.9921875,0.985061164,0.996606792
0.1,7,2,3,0,6,1,0.957092661,1.02561253,0.02561253,0.525390625,0.83984375,0.999023438,0.0546875,0.990642637,1.000519141
0.1,7,2,3,1,6,1,0.947752442,0.97438747,-0.02561253,0.58203125,0.801757813,1,-0.004882813,0.990745157,1.000011921
0.1,7,2,3,2,6,1,1.043994422,-0.02561253,-1.02561253,0.999023438,0.010742188,0.508789063,-0.853515625,0.99908119,0.993657502
0.1,7,2,3,3,6,1,0.994297393,0.02561253,-0.97438747,0.999023438,0.018554688,0.55859375,-0.825195313,0.999195729,0.996480949
0.1,7,2,3,4,6,1,0.962840016,1.02561253,0.02561253,0.526367188,0.8671875,1,0.0625,1.014434116,1.001951221
0.1,7,2,3,5,6,1,0.995633104,0.97438747,-0.02561253,0.580078125,0.848632813,0.999023438,-0.024414063,1.027943715,0.999321708
0.1,7,2,3,6,6,1,0.986515825,-0.02561253,-1.02561253,0.999023438,-0.063476563,0.501953125,-0.875,1.001038013,1.008752665
0.1,7,2,3,7,6,1,0.980275871,0.02561253,-0.97438747,1,0.015625,0.586914063,-0.846679688,1.000122063,1.030210954
0.1,7,2,3,8,6,1,1.00704966,1.02561253,0.02561253,0.512695313,0.866210938,0.999023438,0.029296875,1.006567371,0.999452918
0.1,7,2,3,9,6,1,1.017599394,0.97438747,-0.02561253,0.551757813,0.844726563,0.999023438,-0.025390625,1.008959687,0.999346042
0.1,7,2,3,10,6,1,0.957506127,-0.02561253,-1.02561253,0.999023438,-0.040039063,0.537109375,-0.83203125,0.999825462,0.99033453
0.1,7,2,3,11,6,1,1.027097279,0.02561253,-0.97438747,0.999023438,0.051757813,0.5703125,-0.841796875,1.000363284,1.016798076
0.1,7,2,3,12,6,1,0.998849962,1.02561253,0.02561253,0.508789063,0.84375,0.999023438,0.029296875,0.985281875,0.999452918
0.1,7,2,3,13,6,1,1.017162175,0.97438747,-0.02561253,0.528320313,0.860351563,1,0.002929688,1.009617335,1.000004292
0.1,7,2,3,14,6,1,0.995497828,-0.02561253,-1.02561253,1,-0.018554688,0.53125,-0.853515625,1.000172123,1.005343466
0.1,7,2,3,15,6,1,1.02223887,0.02561253,-0.97438747,0.999023438,0.048828125,0.583984375,-0.858398438,1.000215984,1.038212708
0.1,7,2,3,16,6,1,1.012596612,1.02561253,0.02561253,0.548828125,0.87890625,1,0,1.036189417,1
0.1,7,2,3,17,6,1,0.952569562,0.97438747,-0.02561253,0.587890625,0.81640625,1,-0.005859375,1.006048981,1.000017166
0.1,7,2,3,18,6,1,1.046429344,-0.02561253,-1.02561253,0.999023438,-0.002929688,0.500976563,-0.872070313,0.999027733,1.005725681
0.1,7,2,3,19,6,1,1.020690583,0.02561253,-0.97438747,1,0.037109375,0.559570313,-0.840820313,1.000688316,1.009998877
0.1,7,2,3,20,6,1,1.004240082,1.02561253,0.02561253,0.516601563,0.876953125,0.999023438,0.034179688,1.017803497,0.999607963
0.1,7,2,3,21,6,1,0.992687769,0.97438747,-0.02561253,0.5703125,0.815429688,1,-0.032226563,0.995078853,1.000519141
0.1,7,2,3,22,6,1,1.003156063,-0.02561253,-1.02561253,0.999023438,-0.046875,0.487304688,-0.849609375,1.00012254,0.979439609
0.1,7,2,3,23,6,1,0.99318212,0.02561253,-0.97438747,0.999023438,0.021484375,0.563476563,-0.825195313,0.999254426,0.999226271
0.1,7,2,3,24,6,1,0.997239582,1.02561253,0.02561253,0.529296875,0.857421875,1,0.020507813,1.007634583,1.000210263
0.1,7,2,3,25,6,1,0.962572256,0.97438747,-0.02561253,0.583007813,0.840820313,0.999023438,0.001953125,1.023170029,0.999025347
0.1,7,2,3,26,6,1,0.98928978,-0.02561253,-1.02561253,0.999023438,-0.002929688,0.549804688,-0.841796875,0.999027733,1.005438796
0.1,7,2,3,27,6,1,1.017395252,0.02561253,-0.97438747,1,0.03515625,0.556640625,-0.833984375,1.00061779,1.002685755
0.1,7,2,3,28,6,1,1.017472858,1.02561253,0.02561253,0.506835938,0.8671875,1,0.024414063,1.004438563,1.000297979
0.1,7,2,3,29,6,1,1.033890386,0.97438747,-0.02561253,0.538085938,0.823242188,0.999023438,-0.041992188,0.983495895,0.999905582
0.1,7,2,3,30,6,1,1.008744975,-0.02561253,-1.02561253,0.998046875,-0.01171875,0.522460938,-0.8515625,0.998115672,0.999061621
0.1,7,2,3,31,6,1,0.967917463,0.02561253,-0.97438747,0.999023438,-0.005859375,0.557617188,-0.8203125,0.99904062,0.991891892
0.1,7,0,1,0,7,1.087831677,1.044758125,1.543915839,0.456084161,0.041992188,1,0.889648438,0.467773438,1.000881284,1.005130007
0.1,7,0,1,1,7,1.014618442,1.042713069,1.507309221,0.492690779,0.024414063,0.998046875,0.861328125,0.474609375,0.998345437,0.983432864
0.1,7,0,1,2,7,0.985381558,0.983571764,0.492690779,-0.492690779,0.887695313,0.482421875,0.873046875,-0.4609375,1.01031373,0.987255906
0.1,7,0,1,3,7,0.912168323,0.857777766,0.456084161,-0.456084161,0.895507813,0.403320313,0.900390625,-0.41796875,0.982141292,0.99267374
0.1,7,0,1,4,7,1.087831677,1.087901421,1.543915839,0.456084161,0.041015625,1,0.889648438,0.420898438,1.000840787,0.98418994
0.1,7,0,1,5,7,1.014618442,1.003273921,1.507309221,0.492690779,0.068359375,1,0.8828125,0.481445313,1.002333779,1.005558302
0.1,7,0,1,6,7,0.985381558,0.960346203,0.492690779,-0.492690779,0.8828125,0.456054688,0.875976563,-0.459960938,0.993651744,0.989393249
0.1,7,0,1,7,7,0.912168323,0.900321008,0.456084161,-0.456084161,0.891601563,0.421875,0.890625,-0.439453125,0.986373085,0.993142457
0.1,7,0,1,8,7,1.087831677,1.076553787,1.543915839,0.456084161,0.045898438,0.999023438,0.899414063,0.432617188,1.000077245,0.998049742
0.1,7,0,1,9,7,1.014618442,1.035705192,1.507309221,0.492690779,0.05078125,0.997070313,0.883789063,0.46484375,0.998362631,0.998580402
0.1,7,0,1,10,7,0.985381558,1.002510829,0.492690779,-0.492690779,0.865234375,0.4609375,0.87890625,-0.495117188,0.980353968,1.008770155
0.1,7,0,1,11,7,0.912168323,0.862702719,0.456084161,-0.456084161,0.901367188,0.395507813,0.899414063,-0.43359375,0.984321714,0.998473433
0.1,7,0,1,12,7,1.087831677,1.104588504,1.543915839,0.456084161,0.020507813,0.999023438,0.899414063,0.4296875,0.999233906,0.996783328
0.1,7,0,1,13,7,1.014618442,1.017592294,1.507309221,0.492690779,0.09375,0.995117188,0.89453125,0.442382813,0.999523526,0.997942238
0.1,7,0,1,14,7,0.985381558,1.011408667,0.492690779,-0.492690779,0.866210938,0.477539063,0.877929688,-0.48828125,0.989123321,1.004579074
0.1,7,0,1,15,7,0.912168323,0.902969898,0.456084161,-0.456084161,0.901367188,0.440429688,0.907226563,-0.436523438,1.003215389,1.006783367
0.1,7,0,1,16,7,1.087831677,1.049768547,0.543915839,-0.543915839,0.856445313,0.500976563,0.860351563,-0.493164063,0.992207685,0.991673133
0.1,7,0,1,17,7,1.014618442,1.033553554,0.507309221,-0.507309221,0.883789063,0.516601563,0.859375,-0.474609375,1.023699312,0.981722695
0.1,7,0,1,18,7,0.985381558,0.950689895,-0.507309221,-1.492690779,0.890625,-0.51171875,0.098632813,-0.997070313,1.027165503,1.001936944
0.1,7,0,1,19,7,0.912168323,0.926033044,-0.543915839,-1.456084161,0.857421875,-0.532226563,0.088867188,-0.993164063,1.009176588,0.997132003
0.1,7,0,1,20,7,1.087831677,1.061026072,0.543915839,-0.543915839,0.86328125,0.50390625,0.856445313,-0.504882813,0.999587928,0.994185711
0.1,7,0,1,21,7,1.014618442,1.012492251,0.507309221,-0.507309221,0.869140625,0.466796875,0.880859375,-0.50390625,0.986562085,1.014807739
0.1,7,0,1,22,7,0.985381558,0.950938312,-0.507309221,-1.492690779,0.859375,-0.505859375,0.087890625,-0.998046875,0.997205645,1.001909341
0.1,7,0,1,23,7,0.912168323,0.934474786,-0.543915839,-1.456084161,0.859375,-0.489257813,0.118164063,-0.990234375,0.988887556,0.997259677
0.1,7,0,1,24,7,1.087831677,1.103655129,0.543915839,-0.543915839,0.856445313,0.524414063,0.866210938,-0.536132813,1.00424533,1.018704953
0.1,7,0,1,25,7,1.014618442,1.02404156,0.507309221,-0.507309221,0.873046875,0.475585938,0.859375,-0.498046875,0.994179476,0.993265362
0.1,7,0,1,26,7,0.985381558,0.99921403,-0.507309221,-1.492690779,0.877929688,-0.469726563,0.080078125,-0.995117188,0.995692513,0.998333974
0.1,7,0,1,27,7,0.912168323,0.895151339,-0.543915839,-1.456084161,0.864257813,-0.543945313,0.11328125,-0.990234375,1.02118464,0.996692911
0.1,7,0,1,28,7,1.087831677,1.090179993,0.543915839,-0.543915839,0.875976563,0.540039063,0.8515625,-0.5078125,1.029066143,0.991479817
0.1,7,0,1,29,7,1.014618442,1.040184848,0.507309221,-0.507309221,0.87890625,0.487304688,0.8671875,-0.512695313,1.004958733,1.007407883
0.1,7,0,1,30,7,0.985381558,0.985399759,-0.507309221,-1.492690779,0.876953125,-0.478515625,0.0859375,-0.998046875,0.999011505,1.001739896
0.1,7,0,1,31,7,0.912168323,0.90295347,-0.543915839,-1.456084161,0.831054688,-0.52734375,0.1015625,-0.98828125,0.984247593,0.99348617
0.1,7,2,3,0,7,1,0.977895622,1.02561253,0.02561253,0.506835938,0.860351563,0.999023438,0.060546875,0.998542677,1.00085651
0.1,7,2,3,1,7,1,0.979750998,0.97438747,-0.02561253,0.571289063,0.830078125,0.998046875,-0.01171875,1.007671021,0.998115672
0.1,7,2,3,2,7,1,0.941127726,-0.02561253,-1.02561253,1,-0.06640625,0.534179688,-0.845703125,1.00220247,1.000280818
0.1,7,2,3,3,7,1,0.937120249,0.02561253,-0.97438747,1,-0.03125,0.57421875,-0.834960938,1.000488162,1.013354301
0.1,7,2,3,4,7,1,1.02594237,1.02561253,0.02561253,0.51171875,0.86328125,0.999023438,0.009765625,1.003549,0.999071167
0.1,7,2,3,5,7,1,1.040610732,0.97438747,-0.02561253,0.532226563,0.828125,0.999023438,-0.041015625,0.984406486,0.999865046
0.1,7,2,3,6,7,1,0.991389359,-0.02561253,-1.02561253,1,-0.040039063,0.500976563,-0.836914063,1.000801242,0.975398721
0.1,7,2,3,7,7,1,0.992844396,0.02561253,-0.97438747,0.999023438,0.022460938,0.56640625,-0.827148438,0.999275899,1.002492183
0.1,7,2,3,8,7,1,0.956181174,1.02561253,0.02561253,0.548828125,0.864257813,0.999023438,0.048828125,1.023793865,1.000215984
0.1,7,2,3,9,7,1,0.982482777,0.97438747,-0.02561253,0.587890625,0.831054688,0.999023438,-0.02734375,1.017972141,0.999397573
0.1,7,2,3,10,7,1,1.022852185,-0.02561253,-1.02561253,0.999023438,-0.006835938,0.505859375,-0.841796875,0.999046825,0.982097595
0.1,7,2,3,11,7,1,1.001717511,0.02561253,-0.97438747,0.999023438,0.01171875,0.537109375,-0.818359375,0.999092167,0.978876165
0.1,7,2,3,12,7,1,0.978424693,1.02561253,0.02561253,0.536132813,0.862304688,1,0.036132813,1.015385526,1.000652577
0.1,7,2,3,13,7,1,1.049681726,0.97438747,-0.02561253,0.555664063,0.83984375,1,-0.063476563,1.00702536,1.002012612
0.1,7,2,3,14,7,1,0.99992539,-0.02561253,-1.02561253,1,-0.024414063,0.518554688,-0.852539063,1.000297979,0.997858616
0.1,7,2,3,15,7,1,1.004589131,0.02561253,-0.97438747,0.999023438,0.043945313,0.57421875,-0.821289063,0.99998951,1.002119203
0.1,7,2,3,16,7,1,0.993165982,1.02561253,0.02561253,0.551757813,0.844726563,1,-0.000976563,1.008959687,1.000000477
0.1,7,2,3,17,7,1,0.980640063,0.97438747,-0.02561253,0.564453125,0.853515625,1,0.005859375,1.023277212,1.000017166
0.1,7,2,3,18,7,1,0.983665104,-0.02561253,-1.02561253,1,-0.0390625,0.5234375,-0.857421875,1.000762649,1.004569106
0.1,7,2,3,19,7,1,0.955774271,0.02561253,-0.97438747,0.998046875,-0.009765625,0.572265625,-0.827148438,0.998094651,1.005814338
0.1,7,2,3,20,7,1,1.034151688,1.02561253,0.02561253,0.499023438,0.838867188,0.998046875,0,0.976075074,0.998046875
0.1,7,2,3,21,7,1,1.030619476,0.97438747,-0.02561253,0.53515625,0.81640625,0.999023438,-0.040039063,0.976171797,0.999825462
0.1,7,2,3,22,7,1,0.985844654,-0.02561253,-1.02561253,0.999023438,-0.03125,0.53125,-0.859375,0.999512077,1.010322698
0.1,7,2,3,23,7,1,1.007722317,0.02561253,-0.97438747,1,0.02734375,0.563476563,-0.840820313,1.00037377,1.012168284
0.1,7,2,3,24,7,1,1.034720444,1.02561253,0.02561253,0.494140625,0.848632813,1,0.008789063,0.982014566,1.000038623
0.1,7,2,3,25,7,1,0.985055924,0.97438747,-0.02561253,0.545898438,0.8125,1,-0.005859375,0.978857167,1.000017166
0.1,7,2,3,26,7,1,1.015743068,-0.02561253,-1.02561253,0.999023438,0.012695313,0.546875,-0.857421875,0.999104098,1.01697814
0.1,7,2,3,27,7,1,1.000539947,0.02561253,-0.97438747,0.999023438,0.036132813,0.5703125,-0.822265625,0.999676652,1.000688316
0.1,7,2,3,28,7,1,1.009999399,1.02561253,0.02561253,0.525390625,0.870117188,1,0.017578125,1.016434567,1.000154483
0.1,7,2,3,29,7,1,0.998600222,0.97438747,-0.02561253,0.547851563,0.829101563,1,-0.01171875,0.993755873,1.000068662
0.1,7,2,3,30,7,1,0.999743836,-0.02561253,-1.02561253,1,-0.006835938,0.541992188,-0.856445313,1.000023365,1.013535448
0.1,7,2,3,31,7,1,1.056566234,0.02561253,-0.97438747,0.999023438,0.075195313,0.555664063,-0.831054688,1.001849372,0.999707179
0.1,7,0,1,0,8,1.087831677,1.0762744,1.543915839,0.456084161,0.043945313,1,0.904296875,0.4375,1.00096513,1.004569106
0.1,7,0,1,1,8,1.014618442,0.995108521,1.507309221,0.492690779,0.060546875,1,0.884765625,0.500976563,1.001831285,1.016753523
0.1,7,0,1,2,8,0.985381558,0.982916197,0.492690779,-0.492690779,0.861328125,0.46875,0.888671875,-0.467773438,0.98061853,1.004265747
0.1,7,0,1,3,8,0.912168323,0.954633093,0.456084161,-0.456084161,0.888671875,0.470703125,0.903320313,-0.456054688,1.005633697,1.01191574
0.1,7,0,1,4,8,1.087831677,1.067677214,1.543915839,0.456084161,0.061523438,1,0.8984375,0.424804688,1.001890779,0.993805295
0.1,7,0,1,5,8,1.014618442,1.018173168,1.507309221,0.492690779,0.083984375,0.99609375,0.881835938,0.446289063,0.999627998,0.988336252
0.1,7,0,1,6,8,0.985381558,0.966275345,0.492690779,-0.492690779,0.869140625,0.438476563,0.888671875,-0.484375,0.973481958,1.012105154
0.1,7,0,1,7,8,0.912168323,0.874676296,0.456084161,-0.456084161,0.888671875,0.395507813,0.916015625,-0.44921875,0.972709685,1.020236301
0.1,7,0,1,8,8,1.087831677,1.022064313,1.543915839,0.456084161,0.046875,0.999023438,0.90234375,0.495117188,1.00012254,1.029254717
0.1,7,0,1,9,8,1.014618442,1.041483019,1.507309221,0.492690779,0.063476563,0.999023438,0.881835938,0.443359375,1.001038013,0.987016796
0.1,7,0,1,10,8,0.985381558,0.978464763,0.492690779,-0.492690779,0.874023438,0.478515625,0.892578125,-0.461914063,0.996440752,1.005017567
0.1,7,0,1,11,8,0.912168323,0.906018118,0.456084161,-0.456084161,0.899414063,0.447265625,0.908203125,-0.432617188,1.004486035,1.005977409
0.1,7,0,1,12,8,1.087831677,1.09875742,1.543915839,0.456084161,0.017578125,0.999023438,0.895507813,0.4375,0.999178072,0.996664684
0.1,7,0,1,13,8,1.014618442,1.006690163,1.507309221,0.492690779,0.104492188,0.997070313,0.889648438,0.440429688,1.00253071,0.992699679
0.1,7,0,1,14,8,0.985381558,0.977468392,0.492690779,-0.492690779,0.880859375,0.469726563,0.87109375,-0.461914063,0.998276656,0.985986269
0.1,7,0,1,15,8,0.912168323,0.863184201,0.456084161,-0.456084161,0.893554688,0.434570313,0.897460938,-0.390625,0.99362535,0.978787017
0.1,7,0,1,16,8,1.087831677,1.060192452,0.543915839,-0.543915839,0.841796875,0.491210938,0.854492188,-0.502929688,0.974633348,0.991511558
0.1,7,0,1,17,8,1.014618442,0.981551006,0.507309221,-0.507309221,0.8671875,0.459960938,0.890625,-0.479492188,0.981620204,1.011496737
0.1,7,0,1,18,8,0.985381558,0.97029733,-0.507309221,-1.492690779,0.896484375,-0.509765625,0.083007813,-0.9921875,1.031283291,0.995653721
0.1,7,0,1,19,8,0.912168323,0.910090155,-0.543915839,-1.456084161,0.862304688,-0.544921875,0.096679688,-0.9921875,1.02005354,0.996886652
0.1,7,0,1,20,8,1.087831677,1.114968365,0.543915839,-0.543915839,0.857421875,0.541992188,0.841796875,-0.517578125,1.014360785,0.988184747
0.1,7,0,1,21,8,1.014618442,1.0117675,0.507309221,-0.507309221,0.889648438,0.484375,0.868164063,-0.489257813,1.012962725,0.99653502
0.1,7,0,1,22,8,0.985381558,0.927410033,-0.507309221,-1.492690779,0.869140625,-0.525390625,0.099609375,-0.99609375,1.015598708,1.001061829
0.1,7,0,1,23,8,0.912168323,0.883919618,-0.543915839,-1.456084161,0.853515625,-0.517578125,0.141601563,-0.9921875,0.998186374,1.002241008
0.1,7,0,1,24,8,1.087831677,1.121922238,0.543915839,-0.543915839,0.859375,0.534179688,0.864257813,-0.548828125,1.011866261,1.023793865
0.1,7,0,1,25,8,1.014618442,1.019921004,0.507309221,-0.507309221,0.873046875,0.49609375,0.87109375,-0.479492188,1.004151311,0.994342536
0.1,7,0,1,26,8,0.985381558,0.985090532,-0.507309221,-1.492690779,0.866210938,-0.495117188,0.06640625,-0.998046875,0.997728629,1.000253645
0.1,7,0,1,27,8,0.912168323,0.874688824,-0.543915839,-1.456084161,0.84765625,-0.517578125,0.1484375,-0.99609375,0.993180867,1.007093069
0.1,7,0,1,28,8,1.087831677,1.060342195,0.543915839,-0.543915839,0.858398438,0.510742188,0.845703125,-0.48828125,0.998852071,0.976541015
0.1,7,0,1,29,8,1.014618442,1.005017014,0.507309221,-0.507309221,0.8671875,0.440429688,0.836914063,-0.49609375,0.972621442,0.97289987
0.1,7,0,1,30,8,0.985381558,0.98013634,-0.507309221,-1.492690779,0.899414063,-0.499023438,0.083984375,-0.99609375,1.028576709,0.999627998
0.1,7,0,1,31,8,0.912168323,0.898493215,-0.543915839,-1.456084161,0.859375,-0.5078125,0.138671875,-0.994140625,0.998197839,1.003765646
0.1,7,2,3,0,8,1,1.013057585,1.02561253,0.02561253,0.525390625,0.849609375,1,0.00390625,0.998935132,1.000007629
0.1,7,2,3,1,8,1,0.992911355,0.97438747,-0.02561253,0.560546875,0.837890625,0.999023438,-0.01171875,1.008103913,0.999092167
0.1,7,2,3,2,8,1,0.995664455,-0.02561253,-1.02561253,1,-0.020507813,0.521484375,-0.841796875,1.000210263,0.990236301
0.1,7,2,3,3,8,1,1.013363003,0.02561253,-0.97438747,1,0.034179688,0.545898438,-0.8125,1.000583955,0.978857167
0.1,7,2,3,4,8,1,0.957403725,1.02561253,0.02561253,0.52734375,0.84375,0.997070313,0.0546875,0.994990198,0.998568941
0.1,7,2,3,5,8,1,0.9890966,0.97438747,-0.02561253,0.578125,0.827148438,1,-0.028320313,1.009159578,1.00040094
0.1,7,2,3,6,8,1,1.028319986,-0.02561253,-1.02561253,0.999023438,-0.010742188,0.517578125,-0.879882813,0.99908119,1.020823628
0.1,7,2,3,7,8,1,1.02123524,0.02561253,-0.97438747,1,0.037109375,0.555664063,-0.8359375,1.000688316,1.003769921
0.1,7,2,3,8,8,1,0.987119952,1.02561253,0.02561253,0.521484375,0.8515625,0.999023438,0.034179688,0.998551273,0.999607963
0.1,7,2,3,9,8,1,1.008693778,0.97438747,-0.02561253,0.54296875,0.822265625,0.999023438,-0.021484375,0.985360757,0.999254426
0.1,7,2,3,10,8,1,0.983323059,-0.02561253,-1.02561253,0.999023438,-0.043945313,0.50390625,-0.833984375,0.99998951,0.974397992
0.1,7,2,3,11,8,1,0.948234498,0.02561253,-0.97438747,1,-0.025390625,0.564453125,-0.830078125,1.00032229,1.003811249
0.1,7,2,3,12,8,1,1.016223919,1.02561253,0.02561253,0.537109375,0.865234375,0.999023438,-0.000976563,1.018389417,0.999023915
0.1,7,2,3,13,8,1,1.017892975,0.97438747,-0.02561253,0.54296875,0.830078125,1,-0.026367188,0.991889488,1.000347554
0.1,7,2,3,14,8,1,0.995913711,-0.02561253,-1.02561253,1,-0.036132813,0.51953125,-0.869140625,1.000652577,1.012579945
0.1,7,2,3,15,8,1,1.013696706,0.02561253,-0.97438747,1,0.037109375,0.563476563,-0.833984375,1.000688316,1.006496783
0.1,7,2,3,16,8,1,0.994488451,1.02561253,0.02561253,0.51171875,0.849609375,0.999023438,0.034179688,0.991812568,0.999607963
0.1,7,2,3,17,8,1,1.061138808,0.97438747,-0.02561253,0.555664063,0.8359375,1,-0.077148438,1.003769921,1.002971526
0.1,7,2,3,18,8,1,0.996996231,-0.02561253,-1.02561253,1,-0.038085938,0.510742188,-0.860351563,1.000725007,1.000531056
0.1,7,2,3,19,8,1,1.047520196,0.02561253,-0.97438747,0.998046875,0.0703125,0.567382813,-0.840820313,1.000520571,1.014348093
0.1,7,2,3,20,8,1,1.01516958,1.02561253,0.02561253,0.504882813,0.85546875,1,0.022460938,0.993344571,1.000252215
0.1,7,2,3,21,8,1,1.01645114,0.97438747,-0.02561253,0.551757813,0.823242188,1,-0.036132813,0.991042069,1.000652577
0.1,7,2,3,22,8,1,0.963192023,-0.02561253,-1.02561253,1,-0.046875,0.534179688,-0.850585938,1.00109803,1.004412453
0.1,7,2,3,23,8,1,0.986489601,0.02561253,-0.97438747,1,0.017578125,0.563476563,-0.8203125,1.000154483,0.995197686
0.1,7,2,3,24,8,1,1.023343773,1.02561253,0.02561253,0.493164063,0.84765625,0.999023438,0.020507813,0.980679311,0.999233906
0.1,7,2,3,25,8,1,1.023207914,0.97438747,-0.02561253,0.54296875,0.829101563,1,-0.032226563,0.991072381,1.000519141
0.1,7,2,3,26,8,1,0.964794742,-0.02561253,-1.02561253,0.999023438,-0.046875,0.532226563,-0.850585938,1.00012254,1.00337508
0.1,7,2,3,27,8,1,1.000370038,0.02561253,-0.97438747,1,0.017578125,0.546875,-0.8203125,1.000154483,0.985892927
0.1,7,2,3,28,8,1,0.964651934,1.02561253,0.02561253,0.552734375,0.84765625,1,0.028320313,1.01194684,1.00040094
0.1,7,2,3,29,8,1,0.977281069,0.97438747,-0.02561253,0.5625,0.840820313,1,0.00390625,1.011624954,1.000007629
0.1,7,2,3,30,8,1,0.99157624,-0.02561253,-1.02561253,1,-0.037109375,0.505859375,-0.83984375,1.000688316,0.980424006
0.1,7,2,3,31,8,1,1.009237022,0.02561253,-0.97438747,1,0.038085938,0.565429688,-0.827148438,1.000725007,1.001940751
0.1,7,0,1,0,9,1.087831677,1.083159902,1.543915839,0.456084161,0.044921875,1,0.90625,0.4296875,1.001008479,1.002955837
0.1,7,0,1,1,9,1.014618442,1.012150484,1.507309221,0.492690779,0.068359375,0.99609375,0.90234375,0.481445313,0.998436659,1.022748176
0.1,7,0,1,2,9,0.985381558,0.985127991,0.492690779,-0.492690779,0.88671875,0.458984375,0.862304688,-0.479492188,0.998467224,0.986651981
0.1,7,0,1,3,9,0.912168323,0.905964492,0.456084161,-0.456084161,0.90234375,0.43359375,0.905273438,-0.446289063,1.001113272,1.009303683
0.1,7,0,1,4,9,1.087831677,1.087756638,1.543915839,0.456084161,0.049804688,1,0.926757813,0.428710938,1.001239485,1.021113662
0.1,7,0,1,5,9,1.014618442,1.020537672,1.507309221,0.492690779,0.05859375,0.99609375,0.884765625,0.473632813,0.997815607,1.003562779
0.1,7,0,1,6,9,0.985381558,1.011531718,0.492690779,-0.492690779,0.887695313,0.5,0.87890625,-0.478515625,1.018824307,1.000726436
0.1,7,0,1,7,9,0.912168323,0.949832356,0.456084161,-0.456084161,0.893554688,0.46484375,0.899414063,-0.45703125,1.007233683,1.008872251
0.1,7,0,1,8,9,1.087831677,1.030795725,1.543915839,0.456084161,0.053710938,1,0.884765625,0.467773438,1.001441394,1.000810771
0.1,7,0,1,9,9,1.014618442,1.016696542,1.507309221,0.492690779,0.076171875,0.999023438,0.891601563,0.461914063,1.001923142,1.004150361
0.1,7,0,1,10,9,0.985381558,1.004369623,0.492690779,-0.492690779,0.890625,0.481445313,0.87890625,-0.490234375,1.012424061,1.006382601
0.1,7,0,1,11,9,0.912168323,0.890049555,0.456084161,-0.456084161,0.91015625,0.434570313,0.889648438,-0.423828125,1.008581061,0.985446407
0.1,7,0,1,12,9,1.087831677,1.013489776,1.543915839,0.456084161,0.094726563,0.999023438,0.890625,0.444335938,1.003504335,0.995312672
0.1,7,0,1,13,9,1.014618442,1.000079611,1.507309221,0.492690779,0.072265625,0.9921875,0.87109375,0.473632813,0.99481574,0.991530313
0.1,7,0,1,14,9,0.985381558,1.009483237,0.492690779,-0.492690779,0.873046875,0.5,0.869140625,-0.462890625,1.006086898,0.984719837
0.1,7,0,1,15,9,0.912168323,0.917280063,0.456084161,-0.456084161,0.893554688,0.443359375,0.90234375,-0.443359375,0.997500634,1.005381409
0.1,7,0,1,16,9,1.087831677,1.087587462,0.543915839,-0.543915839,0.87109375,0.52734375,0.870117188,-0.525390625,1.018280782,1.016434567
0.1,7,0,1,17,9,1.014618442,0.998221534,0.507309221,-0.507309221,0.879882813,0.490234375,0.866210938,-0.461914063,1.007235576,0.981675094
0.1,7,0,1,18,9,0.985381558,1.01735029,-0.507309221,-1.492690779,0.876953125,-0.458007813,0.072265625,-1,0.989352283,1.00260776
0.1,7,0,1,19,9,0.912168323,0.904564157,-0.543915839,-1.456084161,0.854492188,-0.505859375,0.131835938,-0.995117188,0.993000809,1.003812199
0.1,7,0,1,20,9,1.087831677,1.061793126,0.543915839,-0.543915839,0.838867188,0.5,0.8359375,-0.483398438,0.976574707,0.96564256
0.1,7,0,1,21,9,1.014618442,1.025814069,0.507309221,-0.507309221,0.888671875,0.478515625,0.861328125,-0.506835938,1.009314076,0.999384214
0.1,7,0,1,22,9,0.985381558,0.977535861,-0.507309221,-1.492690779,0.872070313,-0.497070313,0.075195313,-0.998046875,1.003785597,1.000875567
0.1,7,0,1,23,9,0.912168323,0.961600925,-0.543915839,-1.456084161,0.860351563,-0.498046875,0.083984375,-0.9921875,0.994110407,0.995735613
0.1,7,0,1,24,9,1.087831677,1.057088157,0.543915839,-0.543915839,0.848632813,0.487304688,0.848632813,-0.50390625,0.978592616,0.986964619
0.1,7,0,1,25,9,1.014618442,1.029736778,0.507309221,-0.507309221,0.879882813,0.499023438,0.872070313,-0.4921875,1.011542463,1.001376635
0.1,7,0,1,26,9,0.985381558,1.018083217,-0.507309221,-1.492690779,0.875,-0.474609375,0.055664063,-0.998046875,0.995429083,0.999597945
0.1,7,0,1,27,9,0.912168323,0.902810273,-0.543915839,-1.456084161,0.856445313,-0.52734375,0.115234375,-0.98828125,1.005778308,0.994976779
0.1,7,0,1,28,9,1.087831677,1.091561074,0.543915839,-0.543915839,0.848632813,0.513671875,0.857421875,-0.522460938,0.991986112,1.004060607
0.1,7,0,1,29,9,1.014618442,1.051004156,0.507309221,-0.507309221,0.879882813,0.497070313,0.868164063,-0.516601563,1.010580358,1.010240572
0.1,7,0,1,30,9,0.985381558,1.031607857,-0.507309221,-1.492690779,0.87890625,-0.497070313,0.024414063,-0.997070313,1.009730207,0.997369167
0.1,7,0,1,31,9,0.912168323,0.913029976,-0.543915839,-1.456084161,0.880859375,-0.522460938,0.122070313,-0.9921875,1.024147777,0.999668543
0.1,7,2,3,0,9,1,1.029604783,1.02561253,0.02561253,0.525390625,0.84765625,1,-0.013671875,0.997274499,1.000093456
0.1,7,2,3,1,9,1,0.998977251,0.97438747,-0.02561253,0.551757813,0.809570313,0.998046875,-0.026367188,0.979714639,0.998395109
0.1,7,2,3,2,9,1,1.007590144,-0.02561253,-1.02561253,1,-0.033203125,0.512695313,-0.875,1.000551072,1.014140761
0.1,7,2,3,3,9,1,1.021232062,0.02561253,-0.97438747,0.999023438,0.0234375,0.529296875,-0.8203125,0.999298326,0.976251904
0.1,7,2,3,4,9,1,1.014081497,1.02561253,0.02561253,0.500976563,0.848632813,1,0.0234375,0.985472053,1.00027462
0.1,7,2,3,5,9,1,0.971221531,0.97438747,-0.02561253,0.576171875,0.844726563,1,0.000976563,1.022515034,1.000000477
0.1,7,2,3,6,9,1,1.031960458,-0.02561253,-1.02561253,0.999023438,-0.020507813,0.502929688,-0.881835938,0.999233906,1.015171361
0.1,7,2,3,7,9,1,0.953445904,0.02561253,-0.97438747,1,-0.015625,0.55859375,-0.813476563,1.000122063,0.986798407
0.1,7,2,3,8,9,1,0.978320888,1.02561253,0.02561253,0.528320313,0.849609375,0.999023438,0.036132813,1.000479107,0.999676652
0.1,7,2,3,9,9,1,0.994609087,0.97438747,-0.02561253,0.59765625,0.823242188,0.999023438,-0.051757813,1.017310519,1.000363284
0.1,7,2,3,10,9,1,1.002275445,-0.02561253,-1.02561253,0.997070313,-0.017578125,0.52734375,-0.858398438,0.99722525,1.007441963
0.1,7,2,3,11,9,1,0.9998502,0.02561253,-0.97438747,1,0.026367188,0.556640625,-0.818359375,1.000347554,0.989727666
0.1,7,2,3,12,9,1,1.033751811,1.02561253,0.02561253,0.515625,0.856445313,1,-0.004882813,0.999683807,1.000011921
0.1,7,2,3,13,9,1,1.006305734,0.97438747,-0.02561253,0.56640625,0.8046875,0.999023438,-0.048828125,0.984041672,1.000215984
0.1,7,2,3,14,9,1,1.035351493,-0.02561253,-1.02561253,1,0.002929688,0.50390625,-0.84375,1.000004292,0.982769338
0.1,7,2,3,15,9,1,0.994137219,0.02561253,-0.97438747,1,0.022460938,0.563476563,-0.825195313,1.000252215,0.999226271
0.1,7,2,3,16,9,1,0.965077149,1.02561253,0.02561253,0.548828125,0.8515625,0.999023438,0.033203125,1.0130997,0.999575048
0.1,7,2,3,17,9,1,0.981375992,0.97438747,-0.02561253,0.584960938,0.830078125,0.998046875,-0.024414063,1.015484609,0.998345437
0.1,7,2,3,18,9,1,0.966067244,-0.02561253,-1.02561253,0.999023438,-0.0546875,0.518554688,-0.845703125,1.000519141,0.992024566
0.1,7,2,3,19,9,1,0.995245144,0.02561253,-0.97438747,1,0.020507813,0.56640625,-0.834960938,1.000210263,1.008947871
0.1,7,2,3,20,9,1,0.994984833,1.02561253,0.02561253,0.510742188,0.858398438,0.999023438,0.0390625,0.998852071,0.999786831
0.1,7,2,3,21,9,1,1.000870324,0.97438747,-0.02561253,0.549804688,0.8203125,0.998046875,-0.020507813,0.987521034,0.998257549
0.1,7,2,3,22,9,1,0.968985507,-0.02561253,-1.02561253,1,-0.041015625,0.545898438,-0.869140625,1.000840787,1.026357896
0.1,7,2,3,23,9,1,1.000258616,0.02561253,-0.97438747,1,0.030273438,0.57421875,-0.837890625,1.000458136,1.015769596
0.1,7,2,3,24,9,1,0.971621862,1.02561253,0.02561253,0.55859375,0.864257813,1,0.025390625,1.029061973,1.00032229
0.1,7,2,3,25,9,1,1.023093035,0.97438747,-0.02561253,0.55078125,0.840820313,1,-0.032226563,1.005156099,1.000519141
0.1,7,2,3,26,9,1,0.940956312,-0.02561253,-1.02561253,0.997070313,-0.056640625,0.561523438,-0.870117188,0.99867781,1.035573508
0.1,7,2,3,27,9,1,1.074225019,0.02561253,-0.97438747,1,0.0546875,0.520507813,-0.846679688,1.001494245,0.993878703
0.1,7,2,3,28,9,1,0.994704487,1.02561253,0.02561253,0.537109375,0.86328125,1,0.01953125,1.016730543,1.000190717
0.1,7,2,3,29,9,1,0.97595121,0.97438747,-0.02561253,0.564453125,0.846679688,0.999023438,0.006835938,1.017582342,0.999046825
0.1,7,2,3,30,9,1,1.03147302,-0.02561253,-1.02561253,1,-0.013671875,0.495117188,-0.853515625,1.000093456,0.986726888
0.1,7,2,3,31,9,1,1.07920499,0.02561253,-0.97438747,0.999023438,0.091796875,0.530273438,-0.803710938,1.003232024,0.962881711
0.1,7,0,1,0,10,1.087831677,1.062893749,1.543915839,0.456084161,0.03515625,0.999023438,0.899414063,0.459960938,0.999641831,1.010202811
0.1,7,0,1,1,10,1.014618442,1.045038146,1.507309221,0.492690779,0.025390625,1,0.866210938,0.473632813,1.00032229,0.987243349
0.1,7,0,1,2,10,0.985381558,0.941465904,0.492690779,-0.492690779,0.883789063,0.447265625,0.875976563,-0.448242188,0.990519887,0.983999998
0.1,7,0,1,3,10,0.912168323,0.94552625,0.456084161,-0.456084161,0.90625,0.444335938,0.874023438,-0.465820313,1.009318328,0.990406751
0.1,7,0,1,4,10,1.087831677,1.127819817,1.543915839,0.456084161,0.00390625,0.997070313,0.900390625,0.422851563,0.997077964,0.994739524
0.1,7,0,1,5,10,1.014618442,0.995959943,1.507309221,0.492690779,0.077148438,0.997070313,0.870117188,0.47265625,1.000050543,0.990205964
0.1,7,0,1,6,10,0.985381558,0.986922242,0.492690779,-0.492690779,0.877929688,0.453125,0.887695313,-0.497070313,0.987969029,1.01738973
0.1,7,0,1,7,10,0.912168323,0.933775277,0.456084161,-0.456084161,0.900390625,0.458007813,0.893554688,-0.446289063,1.010185346,0.998806241
0.1,7,0,1,8,10,1.087831677,1.075255925,1.543915839,0.456084161,0.033203125,1,0.903320313,0.450195313,1.000551072,1.009288564
0.1,7,0,1,9,10,1.014618442,0.981076121,1.507309221,0.492690779,0.05078125,0.99609375,0.87890625,0.525390625,0.997387334,1.023968508
0.1,7,0,1,10,10,0.985381558,0.966418711,0.492690779,-0.492690779,0.876953125,0.473632813,0.874023438,-0.4453125,0.996681907,0.98092823
0.1,7,0,1,11,10,0.912168323,0.956917481,0.456084161,-0.456084161,0.896484375,0.466796875,0.911132813,-0.470703125,1.010734167,1.025536169
0.1,7,0,1,12,10,1.087831677,1.067683383,1.543915839,0.456084161,0.068359375,1,0.908203125,0.421875,1.002333779,1.001404729
0.1,7,0,1,13,10,1.014618442,1.030713789,1.507309221,0.492690779,0.0546875,0.997070313,0.892578125,0.470703125,0.998568941,1.009087281
0.1,7,0,1,14,10,0.985381558,1.000252268,0.492690779,-0.492690779,0.885742188,0.481445313,0.879882813,-0.483398438,1.008131346,1.003926199
0.1,7,0,1,15,10,0.912168323,0.92642186,0.456084161,-0.456084161,0.896484375,0.44921875,0.896484375,-0.446289063,1.002737114,1.001428061
0.1,7,0,1,16,10,1.087831677,1.069720888,0.543915839,-0.543915839,0.8515625,0.486328125,0.850585938,-0.522460938,0.98064965,0.998229367
0.1,7,0,1,17,10,1.014618442,0.960585376,0.507309221,-0.507309221,0.885742188,0.466796875,0.879882813,-0.453125,1.00121853,0.989705021
0.1,7,0,1,18,10,0.985381558,0.949284412,-0.507309221,-1.492690779,0.872070313,-0.505859375,0.095703125,-0.995117188,1.00816682,0.99970861
0.1,7,0,1,19,10,0.912168323,0.904153511,-0.543915839,-1.456084161,0.852539063,-0.55078125,0.092773438,-0.994140625,1.014979231,0.998460061
0.1,7,0,1,20,10,1.087831677,1.080641507,0.543915839,-0.543915839,0.83984375,0.521484375,0.86328125,-0.5,0.988576491,0.997624437
0.1,7,0,1,21,10,1.014618442,1.013482084,0.507309221,-0.507309221,0.872070313,0.504882813,0.877929688,-0.466796875,1.007677173,0.994313763
0.1,7,0,1,22,10,0.985381558,0.955358407,-0.507309221,-1.492690779,0.888671875,-0.502929688,0.100585938,-0.998046875,1.021115063,1.003102734
0.1,7,0,1,23,10,0.912168323,0.934794031,-0.543915839,-1.456084161,0.862304688,-0.514648438,0.09765625,-0.994140625,1.004207343,0.998925586
0.1,7,0,1,24,10,1.087831677,1.09199918,0.543915839,-0.543915839,0.854492188,0.5390625,0.86328125,-0.504882813,1.010319394,1.000080582
0.1,7,0,1,25,10,1.014618442,1.008894974,0.507309221,-0.507309221,0.861328125,0.479492188,0.86328125,-0.47265625,0.985798609,0.984204474
0.1,7,0,1,26,10,0.985381558,0.975956562,-0.507309221,-1.492690779,0.87109375,-0.502929688,0.071289063,-0.999023438,1.00585416,1.001563757
0.1,7,0,1,27,10,0.912168323,0.901875972,-0.543915839,-1.456084161,0.845703125,-0.499023438,0.135742188,-0.993164063,0.981956296,1.002397524
0.1,7,0,1,28,10,1.087831677,1.111197592,0.543915839,-0.543915839,0.8515625,0.51171875,0.840820313,-0.5390625,0.99348617,0.998782848
0.1,7,0,1,29,10,1.014618442,0.972422773,0.507309221,-0.507309221,0.8828125,0.466796875,0.879882813,-0.46484375,0.998627675,0.995124854
0.1,7,0,1,30,10,0.985381558,1.00889568,-0.507309221,-1.492690779,0.88671875,-0.456054688,0.086914063,-0.998046875,0.997123874,1.001824146
0.1,7,0,1,31,10,0.912168323,0.932675248,-0.543915839,-1.456084161,0.860351563,-0.486328125,0.124023438,-0.998046875,0.988291382,1.005723311
0.1,7,2,3,0,10,1,1.047182878,1.02561253,0.02561253,0.4921875,0.848632813,1,-0.001953125,0.981033223,1.000001907
0.1,7,2,3,1,10,1,1.002067047,0.97438747,-0.02561253,0.5703125,0.81640625,0.999023438,-0.041015625,0.995879266,0.999865046
0.1,7,2,3,2,10,1,0.984854049,-0.02561253,-1.02561253,1,-0.0390625,0.510742188,-0.838867188,1.000762649,0.982117987
0.1,7,2,3,3,10,1,0.990957412,0.02561253,-0.97438747,1,0.024414063,0.568359375,-0.823242188,1.000297979,1.000379967
0.1,7,2,3,4,10,1,1.008078778,1.02561253,0.02561253,0.487304688,0.825195313,1,0.029296875,0.958338751,1.000429061
0.1,7,2,3,5,10,1,1.079385926,0.97438747,-0.02561253,0.53125,0.805664063,1,-0.091796875,0.965049814,1.004204494
0.1,7,2,3,6,10,1,0.99413511,-0.02561253,-1.02561253,1,-0.02734375,0.530273438,-0.866210938,1.00037377,1.015633451
0.1,7,2,3,7,10,1,0.988755864,0.02561253,-0.97438747,1,0.016601563,0.559570313,-0.8203125,1.000137796,0.992991205
0.1,7,2,3,8,10,1,1.029567016,1.02561253,0.02561253,0.510742188,0.8515625,0.998046875,0.000976563,0.992983521,0.998047353
0.1,7,2,3,9,10,1,1.018178348,0.97438747,-0.02561253,0.541992188,0.829101563,1,-0.026367188,0.990537699,1.000347554
0.1,7,2,3,10,10,1,0.975591941,-0.02561253,-1.02561253,0.999023438,-0.0234375,0.541015625,-0.840820313,0.999298326,0.999838339
0.1,7,2,3,11,10,1,0.97312361,0.02561253,-0.97438747,0.998046875,0.002929688,0.55859375,-0.815429688,0.998051175,0.988409102
0.1,7,2,3,12,10,1,0.960657592,1.02561253,0.02561253,0.541015625,0.860351563,1,0.048828125,1.016318217,1.001191383
0.1,7,2,3,13,10,1,0.973977434,0.97438747,-0.02561253,0.577148438,0.830078125,1,-0.010742188,1.011004457,1.000057696
0.1,7,2,3,14,10,1,1.018120303,-0.02561253,-1.02561253,1,-0.002929688,0.525390625,-0.857421875,1.000004292,1.005588176
0.1,7,2,3,15,10,1,1.043430467,0.02561253,-0.97438747,1,0.037109375,0.529296875,-0.8359375,1.000688316,0.989417347
0.1,7,2,3,16,10,1,0.99603779,1.02561253,0.02561253,0.526367188,0.875,1,0.033203125,1.021120667,1.000551072
0.1,7,2,3,17,10,1,0.928922401,0.97438747,-0.02561253,0.591796875,0.836914063,0.999023438,0.026367188,1.025011556,0.999371331
0.1,7,2,3,18,10,1,0.998922814,-0.02561253,-1.02561253,0.999023438,-0.024414063,0.521484375,-0.85546875,0.999321708,1.001884592
0.1,7,2,3,19,10,1,0.973884242,0.02561253,-0.97438747,0.999023438,0.01953125,0.588867188,-0.831054688,0.999214341,1.018536429
0.1,7,2,3,20,10,1,0.941762149,1.02561253,0.02561253,0.529296875,0.844726563,0.999023438,0.069335938,0.996854125,1.001426633
0.1,7,2,3,21,10,1,1.09548584,0.97438747,-0.02561253,0.517578125,0.858398438,1,-0.067382813,1.002364701,1.002267651
0.1,7,2,3,22,10,1,0.991436511,-0.02561253,-1.02561253,0.999023438,-0.029296875,0.518554688,-0.845703125,0.999452918,0.992024566
0.1,7,2,3,23,10,1,0.984004373,0.02561253,-0.97438747,1,0.036132813,0.59765625,-0.83203125,1.000652577,1.02443594
0.1,7,2,3,24,10,1,0.961463211,1.02561253,0.02561253,0.53515625,0.829101563,0.999023438,0.036132813,0.986813869,0.999676652
0.1,7,2,3,25,10,1,0.994973972,0.97438747,-0.02561253,0.573242188,0.842773438,1,-0.021484375,1.019251526,1.000230763
0.1,7,2,3,26,10,1,0.992327508,-0.02561253,-1.02561253,1,-0.006835938,0.537109375,-0.834960938,1.000023365,0.992797184
0.1,7,2,3,27,10,1,1.025668501,0.02561253,-0.97438747,0.999023438,0.041015625,0.569335938,-0.857421875,0.999865046,1.029230626
0.1,7,2,3,28,10,1,0.965998931,1.02561253,0.02561253,0.544921875,0.856445313,0.998046875,0.038085938,1.015105129,0.998773299
0.1,7,2,3,29,10,1,0.993261294,0.97438747,-0.02561253,0.553710938,0.791015625,1,-0.033203125,0.965557622,1.000551072
0.1,7,2,3,30,10,1,1.06069896,-0.02561253,-1.02561253,1,0.013671875,0.498046875,-0.862304688,1.000093456,0.995801217
0.1,7,2,3,31,10,1,0.954052034,0.02561253,-0.97438747,1,-0.005859375,0.577148438,-0.82421875,1.000017166,1.006199218
0.1,7,0,1,0,11,1.087831677,1.10069312,1.543915839,0.456084161,-0.004882813,1,0.890625,0.458007813,1.000011921,1.001490912
0.1,7,0,1,1,11,1.014618442,0.952187349,1.507309221,0.492690779,0.1015625,0.997070313,0.874023438,0.497070313,1.002229589,1.005482901
0.1,7,0,1,2,11,0.985381558,0.987239371,0.492690779,-0.492690779,0.885742188,0.495117188,0.89453125,-0.462890625,1.014731616,1.007201017
0.1,7,0,1,3,11,0.912168323,0.849376848,0.456084161,-0.456084161,0.891601563,0.390625,0.90234375,-0.420898438,0.973417298,0.99568054
0.1,7,0,1,4,11,1.087831677,1.091755806,1.543915839,0.456084161,0.017578125,1,0.895507813,0.4453125,1.000154483,1.000118725
0.1,7,0,1,5,11,1.014618442,1.042763842,1.507309221,0.492690779,0.041992188,0.998046875,0.881835938,0.465820313,0.998929882,0.997307969
0.1,7,0,1,6,11,0.985381558,0.986178508,0.492690779,-0.492690779,0.884765625,0.494140625,0.8828125,-0.456054688,1.013402767,0.993651744
0.1,7,0,1,7,11,0.912168323,0.860930019,0.456084161,-0.456084161,0.884765625,0.440429688,0.91015625,-0.383789063,0.988326121,0.987764367
0.1,7,0,1,8,11,1.087831677,1.104643837,1.543915839,0.456084161,0.025390625,1,0.915039063,0.431640625,1.00032229,1.011736188
0.1,7,0,1,9,11,1.014618442,1.064572918,1.507309221,0.492690779,0.028320313,0.99609375,0.876953125,0.454101563,0.996496261,0.987550005
0.1,7,0,1,10,11,0.985381558,0.976453888,0.492690779,-0.492690779,0.879882813,0.489257813,0.876953125,-0.444335938,1.006760632,0.983097762
0.1,7,0,1,11,11,0.912168323,0.918989414,0.456084161,-0.456084161,0.90625,0.4296875,0.893554688,-0.4609375,1.002955837,1.005436899
0.1,7,0,1,12,11,1.087831677,1.063826042,1.543915839,0.456084161,0.03125,0.998046875,0.904296875,0.465820313,0.998535992,1.017222395
0.1,7,0,1,13,11,1.014618442,1.040362519,1.507309221,0.492690779,0.045898438,0.998046875,0.872070313,0.458984375,0.999101712,0.985481246
0.1,7,0,1,14,11,0.985381558,1.016679316,0.492690779,-0.492690779,0.877929688,0.49609375,0.890625,-0.489257813,1.008399497,1.016162437
0.1,7,0,1,15,11,0.912168323,0.92199553,0.456084161,-0.456084161,0.892578125,0.431640625,0.884765625,-0.451171875,0.991468274,0.993159741
0.1,7,0,1,16,11,1.087831677,1.11842041,0.543915839,-0.543915839,0.861328125,0.5546875,0.854492188,-0.51953125,1.024482485,1.000034809
0.1,7,0,1,17,11,1.014618442,0.986370574,0.507309221,-0.507309221,0.877929688,0.48046875,0.87890625,-0.463867188,1.000805054,0.993805295
0.1,7,0,1,18,11,0.985381558,0.985435684,-0.507309221,-1.492690779,0.877929688,-0.46484375,0.098632813,-0.999023438,0.993398333,1.003880601
0.1,7,0,1,19,11,0.912168323,0.935386165,-0.543915839,-1.456084161,0.86328125,-0.509765625,0.1015625,-0.9921875,1.002554492,0.997372035
0.1,7,0,1,20,11,1.087831677,1.116326058,0.543915839,-0.543915839,0.862304688,0.547851563,0.864257813,-0.530273438,1.021621607,1.013968187
0.1,7,0,1,21,11,1.014618442,0.990267575,0.507309221,-0.507309221,0.877929688,0.475585938,0.879882813,-0.473632813,0.99847009,0.999260629
0.1,7,0,1,22,11,0.985381558,0.964848839,-0.507309221,-1.492690779,0.859375,-0.515625,0.065429688,-0.997070313,1.002194857,0.999214818
0.1,7,0,1,23,11,0.912168323,0.917670337,-0.543915839,-1.456084161,0.862304688,-0.515625,0.114257813,-0.99609375,1.004708174,1.002625357
0.1,7,0,1,24,11,1.087831677,1.06100658,0.543915839,-0.543915839,0.849609375,0.487304688,0.861328125,-0.516601563,0.979439609,1.004372099
0.1,7,0,1,25,11,1.014618442,1.056746613,0.507309221,-0.507309221,0.875,0.50390625,0.86328125,-0.510742188,1.009725957,1.003051394
0.1,7,0,1,26,11,0.985381558,1.027626087,-0.507309221,-1.492690779,0.87109375,-0.455078125,0.061523438,-0.995117188,0.982802331,0.997017227
0.1,7,0,1,27,11,0.912168323,0.926998283,-0.543915839,-1.456084161,0.857421875,-0.495117188,0.120117188,-0.995117188,0.990107722,1.002340439
0.1,7,0,1,28,11,1.087831677,1.07231333,0.543915839,-0.543915839,0.86328125,0.508789063,0.857421875,-0.513671875,1.002058295,0.999515416
0.1,7,0,1,29,11,1.014618442,1.020572597,0.507309221,-0.507309221,0.883789063,0.500976563,0.862304688,-0.4765625,1.015903845,0.985231542
0.1,7,0,1,30,11,0.985381558,0.934446826,-0.507309221,-1.492690779,0.854492188,-0.504882813,0.102539063,-0.995117188,0.992503679,1.000386164
0.1,7,0,1,31,11,0.912168323,0.921753841,-0.543915839,-1.456084161,0.848632813,-0.483398438,0.130859375,-0.991210938,0.976653316,0.999811632
0.1,7,2,3,0,11,1,1.019102487,1.02561253,0.02561253,0.504882813,0.865234375,0.998046875,0.0234375,1.001767028,0.998322033
0.1,7,2,3,1,11,1,0.99864097,0.97438747,-0.02561253,0.5390625,0.828125,1,-0.004882813,0.98811912,1.000011921
0.1,7,2,3,2,11,1,1.008705461,-0.02561253,-1.02561253,1,-0.044921875,0.4921875,-0.865234375,1.001008479,0.995429083
0.1,7,2,3,3,11,1,1.015861813,0.02561253,-0.97438747,1,0.04296875,0.571289063,-0.838867188,1.000922731,1.014923323
0.1,7,2,3,4,11,1,1.006232867,1.02561253,0.02561253,0.49609375,0.86328125,0.999023438,0.04296875,0.995672399,0.99994707
0.1,7,2,3,5,11,1,1.042643091,0.97438747,-0.02561253,0.537109375,0.8671875,0.999023438,-0.026367188,1.020049333,0.999371331
0.1,7,2,3,6,11,1,0.996443958,-0.02561253,-1.02561253,1,-0.026367188,0.518554688,-0.849609375,1.000347554,0.995356747
0.1,7,2,3,7,11,1,0.97303587,0.02561253,-0.97438747,1,0.014648438,0.57421875,-0.817382813,1.000107283,0.998920335
0.1,7,2,3,8,11,1,0.973581154,1.02561253,0.02561253,0.537109375,0.858398438,0.999023438,0.038085938,1.012587951,0.999749152
0.1,7,2,3,9,11,1,1.021037615,0.97438747,-0.02561253,0.548828125,0.818359375,1,-0.041015625,0.98535495,1.000840787
0.1,7,2,3,10,11,1,0.989456106,-0.02561253,-1.02561253,1,-0.026367188,0.52734375,-0.850585938,1.000347554,1.000793619
0.1,7,2,3,11,11,1,0.989047262,0.02561253,-0.97438747,0.999023438,0.045898438,0.59375,-0.818359375,1.000077245,1.011064355
0.1,7,2,3,12,11,1,1.01020137,1.02561253,0.02561253,0.538085938,0.877929688,1,0.010742188,1.029707246,1.000057696
0.1,7,2,3,13,11,1,1.008564252,0.97438747,-0.02561253,0.541992188,0.822265625,0.998046875,-0.020507813,0.984822974,0.998257549
0.1,7,2,3,14,11,1,0.998912286,-0.02561253,-1.02561253,0.998046875,-0.020507813,0.530273438,-0.862304688,0.998257549,1.012303953
0.1,7,2,3,15,11,1,0.989828597,0.02561253,-0.97438747,1,0.016601563,0.557617188,-0.819335938,1.000137796,0.991084409
0.1,7,2,3,16,11,1,1.043747473,1.02561253,0.02561253,0.506835938,0.85546875,1,-0.0078125,0.9943387,1.000030517
0.1,7,2,3,17,11,1,1.027060089,0.97438747,-0.02561253,0.522460938,0.864257813,1,0,1.00990445,1
0.1,7,2,3,18,11,1,0.985421492,-0.02561253,-1.02561253,0.999023438,-0.025390625,0.5234375,-0.834960938,0.999346042,0.985467698
0.1,7,2,3,19,11,1,0.976754409,0.02561253,-0.97438747,1,0.014648438,0.583984375,-0.837890625,1.000107283,1.021321913
0.1,7,2,3,20,11,1,1.035336595,1.02561253,0.02561253,0.5234375,0.853515625,0.999023438,-0.014648438,1.001237104,0.999130825
0.1,7,2,3,21,11,1,1.059873337,0.97438747,-0.02561253,0.540039063,0.83984375,0.999023438,-0.060546875,0.998488715,1.00085651
0.1,7,2,3,22,11,1,1.025400536,-0.02561253,-1.02561253,1,-0.001953125,0.515625,-0.853515625,1.000001907,0.997175041
0.1,7,2,3,23,11,1,1.028797022,0.02561253,-0.97438747,0.999023438,0.071289063,0.568359375,-0.807617188,1.001563757,0.987561593
0.1,7,2,3,24,11,1,1.040199215,1.02561253,0.02561253,0.512695313,0.858398438,1,-0.0078125,0.99985217,1.000030517
0.1,7,2,3,25,11,1,0.989773534,0.97438747,-0.02561253,0.5703125,0.837890625,1,-0.016601563,1.013566499,1.000137796
0.1,7,2,3,26,11,1,1.031183957,-0.02561253,-1.02561253,0.999023438,0.000976563,0.505859375,-0.842773438,0.999023915,0.982934776
0.1,7,2,3,27,11,1,0.992620909,0.02561253,-0.97438747,0.999023438,0.030273438,0.567382813,-0.814453125,0.999482021,0.992601203
0.1,7,2,3,28,11,1,0.994631423,1.02561253,0.02561253,0.515625,0.852539063,1,0.032226563,0.996339296,1.000519141
0.1,7,2,3,29,11,1,0.956322219,0.97438747,-0.02561253,0.571289063,0.823242188,0.999023438,0.0078125,1.00204735,0.999053984
0.1,7,2,3,30,11,1,0.989046928,-0.02561253,-1.02561253,1,-0.025390625,0.538085938,-0.865234375,1.00032229,1.018904804
0.1,7,2,3,31,11,1,0.991242954,0.02561253,-0.97438747,1,0.040039063,0.583007813,-0.817382813,1.000801242,1.003998392
0.1,7,0,1,0,12,1.087831677,1.074844227,1.543915839,0.456084161,0.053710938,0.998046875,0.901367188,0.426757813,0.999491085,0.997288843
0.1,7,0,1,1,12,1.014618442,1.013781793,1.507309221,0.492690779,0.048828125,0.99609375,0.885742188,0.493164063,0.9972898,1.013780063
0.1,7,0,1,2,12,0.985381558,1.002016292,0.492690779,-0.492690779,0.864257813,0.484375,0.8671875,-0.463867188,0.990737456,0.983456622
0.1,7,0,1,3,12,0.912168323,0.91881764,0.456084161,-0.456084161,0.88671875,0.469726563,0.91796875,-0.422851563,1.003450639,1.010678025
0.1,7,0,1,4,12,1.087831677,1.101024174,1.543915839,0.456084161,0.008789063,1,0.880859375,0.4375,1.000038623,0.983524015
0.1,7,0,1,5,12,1.014618442,0.990044894,1.507309221,0.492690779,0.076171875,1,0.875,0.483398438,1.002896881,0.999649463
0.1,7,0,1,6,12,0.985381558,0.93802442,0.492690779,-0.492690779,0.905273438,0.46484375,0.8984375,-0.44921875,1.017644195,1.004483662
0.1,7,0,1,7,12,0.912168323,0.90997021,0.456084161,-0.456084161,0.913085938,0.428710938,0.899414063,-0.458007813,1.008721467,1.009315021
0.1,7,0,1,8,12,1.087831677,1.036076578,1.543915839,0.456084161,0.057617188,1,0.889648438,0.459960938,1.001658495,1.001518051
0.1,7,0,1,9,12,1.014618442,0.968151482,1.507309221,0.492690779,0.090820313,0.997070313,0.877929688,0.493164063,1.001198051,1.006961434
0.1,7,0,1,10,12,0.985381558,1.024941768,0.492690779,-0.492690779,0.880859375,0.48828125,0.874023438,-0.499023438,1.007140416,1.00644988
0.1,7,0,1,11,12,0.912168323,0.866047052,0.456084161,-0.456084161,0.891601563,0.41796875,0.90625,-0.413085938,0.984708699,0.995956352
0.1,7,0,1,12,12,1.087831677,1.092140071,1.543915839,0.456084161,0.021484375,0.999023438,0.905273438,0.4453125,0.999254426,1.008872251
0.1,7,0,1,13,12,1.014618442,1.005998622,1.507309221,0.492690779,0.0625,0.995117188,0.876953125,0.481445313,0.997077964,1.000418099
0.1,7,0,1,14,12,0.985381558,1.003416694,0.492690779,-0.492690779,0.866210938,0.461914063,0.862304688,-0.486328125,0.981675094,0.989992131
0.1,7,0,1,15,12,0.912168323,0.907952367,0.456084161,-0.456084161,0.900390625,0.440429688,0.88671875,-0.431640625,1.00233806,0.986196619
0.1,7,0,1,16,12,1.087831677,1.092609705,0.543915839,-0.543915839,0.852539063,0.53125,0.880859375,-0.522460938,1.004514517,1.024147777
0.1,7,0,1,17,12,1.014618442,1.011087174,0.507309221,-0.507309221,0.854492188,0.5,0.90234375,-0.471679688,0.990028736,1.018187591
0.1,7,0,1,18,12,0.985381558,0.998383054,-0.507309221,-1.492690779,0.870117188,-0.46875,0.078125,-0.99609375,0.988347349,0.999152778
0.1,7,0,1,19,12,0.912168323,0.901309172,-0.543915839,-1.456084161,0.858398438,-0.536132813,0.111328125,-0.997070313,1.012070289,1.003266246
0.1,7,0,1,20,12,1.087831677,1.120450783,0.543915839,-0.543915839,0.841796875,0.544921875,0.853515625,-0.518554688,1.002777058,0.998693089
0.1,7,0,1,21,12,1.014618442,1.029610844,0.507309221,-0.507309221,0.877929688,0.481445313,0.897460938,-0.5234375,1.001274251,1.038952814
0.1,7,0,1,22,12,0.985381558,0.975899936,-0.507309221,-1.492690779,0.870117188,-0.500976563,0.072265625,-0.995117188,1.004032587,0.99773771
0.1,7,0,1,23,12,0.912168323,0.905392224,-0.543915839,-1.456084161,0.860351563,-0.522460938,0.120117188,-0.999023438,1.006563581,1.006218648
0.1,7,0,1,24,12,1.087831677,1.086684968,0.543915839,-0.543915839,0.870117188,0.533203125,0.861328125,-0.512695313,1.020494729,1.002368506
0.1,7,0,1,25,12,1.014618442,1.066588086,0.507309221,-0.507309221,0.875,0.526367188,0.856445313,-0.49609375,1.021120667,0.989751273
0.1,7,0,1,26,12,0.985381558,1.009181687,-0.507309221,-1.492690779,0.895507813,-0.482421875,0.067382813,-0.997070313,1.017184894,0.999344611
0.1,7,0,1,27,12,0.912168323,0.948966159,-0.543915839,-1.456084161,0.852539063,-0.489257813,0.100585938,-0.994140625,0.982952725,0.999216249
0.1,7,0,1,28,12,1.087831677,1.089415586,0.543915839,-0.543915839,0.850585938,0.522460938,0.866210938,-0.517578125,0.998229367,1.009063181
0.1,7,0,1,29,12,1.014618442,1.027436794,0.507309221,-0.507309221,0.865234375,0.497070313,0.893554688,-0.495117188,0.997852404,1.021558128
0.1,7,0,1,30,12,0.985381558,0.988649225,-0.507309221,-1.492690779,0.872070313,-0.470703125,0.086914063,-0.994140625,0.990993472,0.997932681
0.1,7,0,1,31,12,0.912168323,0.928436727,-0.543915839,-1.456084161,0.865234375,-0.52734375,0.094726563,-0.994140625,1.013272892,0.998643432
0.1,7,2,3,0,12,1,0.971821143,1.02561253,0.02561253,0.532226563,0.856445313,1,0.04296875,1.008347007,1.000922731
0.1,7,2,3,1,12,1,0.972749322,0.97438747,-0.02561253,0.557617188,0.8359375,0.999023438,0.009765625,1.004852443,0.999071167
0.1,7,2,3,2,12,1,1.004826278,-0.02561253,-1.02561253,0.998046875,-0.045898438,0.485351563,-0.84765625,0.999101712,0.976773903
0.1,7,2,3,3,12,1,0.979731954,0.02561253,-0.97438747,1,-0.001953125,0.54296875,-0.8125,1.000001907,0.977226337
0.1,7,2,3,4,12,1,0.963300565,1.02561253,0.02561253,0.55859375,0.86328125,1,0.033203125,1.028241943,1.000551072
0.1,7,2,3,5,12,1,1.024976893,0.97438747,-0.02561253,0.541992188,0.837890625,0.999023438,-0.028320313,0.997905923,0.999424769
0.1,7,2,3,6,12,1,0.994751136,-0.02561253,-1.02561253,1,-0.0234375,0.526367188,-0.853515625,1.00027462,1.002771828
0.1,7,2,3,7,12,1,1.020124935,0.02561253,-0.97438747,1,0.056640625,0.578125,-0.83203125,1.001602796,1.013165592
0.1,7,2,3,8,12,1,1.050289362,1.02561253,0.02561253,0.471679688,0.857421875,1,0.017578125,0.978597976,1.000154483
0.1,7,2,3,9,12,1,0.933063736,0.97438747,-0.02561253,0.59765625,0.836914063,0.999023438,0.017578125,1.028405631,0.999178072
0.1,7,2,3,10,12,1,0.977186652,-0.02561253,-1.02561253,0.998046875,-0.032226563,0.524414063,-0.833984375,0.998567031,0.985159909
0.1,7,2,3,11,12,1,0.975913616,0.02561253,-0.97438747,0.999023438,0.026367188,0.583007813,-0.814453125,0.999371331,1.001614698
0.1,7,2,3,12,12,1,1.00429555,1.02561253,0.02561253,0.521484375,0.854492188,1,0.018554688,1.001050874,1.000172123
0.1,7,2,3,13,12,1,1.037761852,0.97438747,-0.02561253,0.551757813,0.821289063,1,-0.05859375,0.989420238,1.001715143
0.1,7,2,3,14,12,1,0.938247399,-0.02561253,-1.02561253,0.999023438,-0.048828125,0.556640625,-0.842773438,1.000215984,1.010007848
0.1,7,2,3,15,12,1,0.96603462,0.02561253,-0.97438747,0.997070313,0.013671875,0.592773438,-0.833007813,0.997164043,1.022390514
0.1,7,2,3,16,12,1,0.964124144,1.02561253,0.02561253,0.538085938,0.845703125,1,0.040039063,1.002372312,1.000801242
0.1,7,2,3,17,12,1,0.99722489,0.97438747,-0.02561253,0.547851563,0.795898438,1,-0.029296875,0.966227539,1.000429061
0.1,7,2,3,18,12,1,1.039892722,-0.02561253,-1.02561253,0.998046875,-0.004882813,0.49609375,-0.854492188,0.998058819,0.988061692
0.1,7,2,3,19,12,1,1.02116073,0.02561253,-0.97438747,1,0.055664063,0.581054688,-0.83984375,1.001548046,1.021255147
0.1,7,2,3,20,12,1,1.005498327,1.02561253,0.02561253,0.509765625,0.850585938,1,0.025390625,0.991643802,1.00032229
0.1,7,2,3,21,12,1,1.002146563,0.97438747,-0.02561253,0.518554688,0.845703125,0.997070313,0.018554688,0.992024566,0.997242942
0.1,7,2,3,22,12,1,0.99026817,-0.02561253,-1.02561253,0.999023438,-0.029296875,0.528320313,-0.859375,0.999452918,1.008785281
0.1,7,2,3,23,12,1,0.980487951,0.02561253,-0.97438747,0.999023438,-0.00390625,0.560546875,-0.84375,0.999031074,1.012979201
0.1,7,2,3,24,12,1,0.985485132,1.02561253,0.02561253,0.509765625,0.849609375,1,0.044921875,0.990806279,1.001008479
0.1,7,2,3,25,12,1,1.036993305,0.97438747,-0.02561253,0.536132813,0.833007813,1,-0.038085938,0.990626271,1.000725007
0.1,7,2,3,26,12,1,1.02631108,-0.02561253,-1.02561253,0.998046875,-0.004882813,0.520507813,-0.869140625,0.998058819,1.013081344
0.1,7,2,3,27,12,1,1.036119227,0.02561253,-0.97438747,1,0.056640625,0.556640625,-0.829101563,1.001602796,0.998628152
0.1,7,2,3,28,12,1,0.977245172,1.02561253,0.02561253,0.53125,0.876953125,0.998046875,0.048828125,1.025316218,0.999240587
0.1,7,2,3,29,12,1,1.033071201,0.97438747,-0.02561253,0.548828125,0.815429688,0.999023438,-0.0546875,0.982923133,1.000519141
0.1,7,2,3,30,12,1,1.027855722,-0.02561253,-1.02561253,1,-0.004882813,0.508789063,-0.852539063,1.000011921,0.992818797
0.1,7,2,3,31,12,1,0.980629571,0.02561253,-0.97438747,1,0.015625,0.572265625,-0.826171875,1.000122063,1.005011399
0.1,7,0,1,0,13,1.087831677,1.100785733,1.543915839,0.456084161,-0.00390625,1,0.908203125,0.465820313,1.000007629,1.020696566
0.1,7,0,1,1,13,1.014618442,1.016597474,1.507309221,0.492690779,0.029296875,0.999023438,0.895507813,0.518554688,0.999452918,1.03481071
0.1,7,0,1,2,13,0.985381558,1.021481496,0.492690779,-0.492690779,0.875,0.4765625,0.87109375,-0.501953125,0.99636179,1.005366232
0.1,7,0,1,3,13,0.912168323,0.94232444,0.456084161,-0.456084161,0.90234375,0.46875,0.901367188,-0.450195313,1.016833716,1.007540881
0.1,7,0,1,4,13,1.087831677,1.088432256,1.543915839,0.456084161,0.02734375,1,0.91015625,0.4453125,1.00037377,1.013255951
0.1,7,0,1,5,13,1.014618442,1.086034478,1.507309221,0.492690779,0.03125,0.997070313,0.883789063,0.430664063,0.997559908,0.983135109
0.1,7,0,1,6,13,0.985381558,0.978636285,0.492690779,-0.492690779,0.879882813,0.5,0.88671875,-0.44140625,1.012024587,0.990509777
0.1,7,0,1,7,13,0.912168323,0.90883518,0.456084161,-0.456084161,0.895507813,0.428710938,0.899414063,-0.448242188,0.992838008,1.004921248
0.1,7,0,1,8,13,1.087831677,1.15952666,1.543915839,0.456084161,-0.037109375,0.999023438,0.903320313,0.434570313,0.999712426,1.002416552
0.1,7,0,1,9,13,1.014618442,1.018057737,1.507309221,0.492690779,0.073242188,0.998046875,0.880859375,0.458007813,1.000730724,0.992816395
0.1,7,0,1,10,13,0.985381558,1.011456979,0.492690779,-0.492690779,0.873046875,0.484375,0.879882813,-0.486328125,0.998413735,1.005340146
0.1,7,0,1,11,13,0.912168323,0.909903066,0.456084161,-0.456084161,0.896484375,0.465820313,0.903320313,-0.415039063,1.010283524,0.99410513
0.1,7,0,1,12,13,1.087831677,1.077204252,1.543915839,0.456084161,0.034179688,0.999023438,0.919921875,0.455078125,0.999607963,1.026329555
0.1,7,0,1,13,13,1.014618442,1.055098008,1.507309221,0.492690779,0.045898438,0.998046875,0.89453125,0.454101563,0.999101712,1.003192098
0.1,7,0,1,14,13,0.985381558,0.985022429,0.492690779,-0.492690779,0.899414063,0.497070313,0.892578125,-0.46484375,1.027630552,1.006367438
0.1,7,0,1,15,13,0.912168323,0.899328057,0.456084161,-0.456084161,0.904296875,0.423828125,0.90234375,-0.448242188,0.998690702,1.007544193
0.1,7,0,1,16,13,1.087831677,1.110486515,0.543915839,-0.543915839,0.861328125,0.551757813,0.85546875,-0.513671875,1.022899224,0.997840457
0.1,7,0,1,17,13,1.014618442,1.045918075,0.507309221,-0.507309221,0.852539063,0.540039063,0.87890625,-0.458984375,1.00919029,0.991535603
0.1,7,0,1,18,13,0.985381558,0.985344041,-0.507309221,-1.492690779,0.8828125,-0.501953125,0.068359375,-0.997070313,1.01553673,0.999410933
0.1,7,0,1,19,13,0.912168323,0.948235214,-0.543915839,-1.456084161,0.854492188,-0.52734375,0.069335938,-0.994140625,1.004115695,0.996555595
0.1,7,0,1,20,13,1.087831677,1.07510665,0.543915839,-0.543915839,0.873046875,0.513671875,0.850585938,-0.513671875,1.012950957,0.993657502
0.1,7,0,1,21,13,1.014618442,1.049064836,0.507309221,-0.507309221,0.864257813,0.5078125,0.8828125,-0.502929688,1.00240466,1.016019774
0.1,7,0,1,22,13,0.985381558,0.964080177,-0.507309221,-1.492690779,0.872070313,-0.537109375,0.0546875,-0.999023438,1.024203647,1.000519141
0.1,7,0,1,23,13,0.912168323,0.9049983,-0.543915839,-1.456084161,0.85546875,-0.526367188,0.114257813,-0.99609375,1.004434766,1.002625357
0.1,7,0,1,24,13,1.087831677,1.046745286,0.543915839,-0.543915839,0.849609375,0.46875,0.86328125,-0.520507813,0.970341513,1.008058976
0.1,7,0,1,25,13,1.014618442,1.034085876,0.507309221,-0.507309221,0.857421875,0.499023438,0.872070313,-0.484375,0.992066864,0.997559908
0.1,7,0,1,26,13,0.985381558,1.02465027,-0.507309221,-1.492690779,0.893554688,-0.474609375,0.057617188,-0.994140625,1.011777663,0.995808879
0.1,7,0,1,27,13,0.912168323,0.954622737,-0.543915839,-1.456084161,0.861328125,-0.5,0.08984375,-0.993164063,0.995934807,0.997219512
0.1,7,0,1,28,13,1.087831677,1.133261054,0.543915839,-0.543915839,0.85546875,0.534179688,0.84375,-0.546875,1.008550802,1.005478159
0.1,7,0,1,29,13,1.014618442,1.016724945,0.507309221,-0.507309221,0.875976563,0.500976563,0.869140625,-0.471679688,1.009114688,0.988881769
0.1,7,0,1,30,13,0.985381558,0.986472225,-0.507309221,-1.492690779,0.866210938,-0.482421875,0.076171875,-0.998046875,0.991489916,1.000949409
0.1,7,0,1,31,13,0.912168323,0.929891105,-0.543915839,-1.456084161,0.848632813,-0.482421875,0.124023438,-0.995117188,0.976170331,1.00281605
0.1,7,2,3,0,13,1,1.055739993,1.02561253,0.02561253,0.481445313,0.858398438,0.999023438,0.00390625,0.984193815,0.999031074
0.1,7,2,3,1,13,1,0.973657067,0.97438747,-0.02561253,0.555664063,0.791992188,0.999023438,-0.014648438,0.967478256,0.999130825
0.1,7,2,3,2,13,1,1.015351198,-0.02561253,-1.02561253,1,-0.012695313,0.51953125,-0.861328125,1.000080582,1.00588213
0.1,7,2,3,3,13,1,1.001861526,0.02561253,-0.97438747,1,0.025390625,0.576171875,-0.852539063,1.00032229,1.028978563
0.1,7,2,3,4,13,1,1.013210154,1.02561253,0.02561253,0.50390625,0.836914063,1,0.015625,0.976906678,1.000122063
0.1,7,2,3,5,13,1,1.026547642,0.97438747,-0.02561253,0.545898438,0.837890625,1,-0.033203125,1.000032901,1.000551072
0.1,7,2,3,6,13,1,0.992767652,-0.02561253,-1.02561253,1,-0.03125,0.51953125,-0.853515625,1.000488162,0.999200501
0.1,7,2,3,7,13,1,1.003297575,0.02561253,-0.97438747,1,0.057617188,0.594726563,-0.82421875,1.001658495,1.0163839
0.1,7,2,3,8,13,1,1.025243074,1.02561253,0.02561253,0.4921875,0.8515625,1,0.021484375,0.983568618,1.000230763
0.1,7,2,3,9,13,1,0.993852486,0.97438747,-0.02561253,0.560546875,0.813476563,0.998046875,-0.026367188,0.987905318,0.998395109
0.1,7,2,3,10,13,1,1.072345534,-0.02561253,-1.02561253,1,0.024414063,0.504882813,-0.875976563,1.000297979,1.011059638
0.1,7,2,3,11,13,1,0.964662027,0.02561253,-0.97438747,1,-0.014648438,0.563476563,-0.838867188,1.000107283,1.010546384
0.1,7,2,3,12,13,1,0.99553243,1.02561253,0.02561253,0.521484375,0.837890625,1,0.018554688,0.986917754,1.000172123
0.1,7,2,3,13,13,1,1.018086677,0.97438747,-0.02561253,0.548828125,0.825195313,0.999023438,-0.034179688,0.991039663,0.999607963
0.1,7,2,3,14,13,1,0.974996595,-0.02561253,-1.02561253,1,-0.045898438,0.524414063,-0.85546875,1.001052779,1.003412623
0.1,7,2,3,15,13,1,0.992387065,0.02561253,-0.97438747,1,0.008789063,0.559570313,-0.840820313,1.000038623,1.009998877
0.1,7,2,3,16,13,1,1.001011854,1.02561253,0.02561253,0.513671875,0.830078125,0.999023438,0.015625,0.976160073,0.99914562
0.1,7,2,3,17,13,1,1.064749099,0.97438747,-0.02561253,0.536132813,0.842773438,0.999023438,-0.060546875,0.998852071,1.00085651
0.1,7,2,3,18,13,1,0.988735392,-0.02561253,-1.02561253,1,-0.033203125,0.52734375,-0.862304688,1.000551072,1.01077238
0.1,7,2,3,19,13,1,1.019222067,0.02561253,-0.97438747,1,0.025390625,0.53515625,-0.822265625,1.00032229,0.981077454
0.1,7,2,3,20,13,1,1.018162319,1.02561253,0.02561253,0.498046875,0.859375,0.998046875,0.02734375,0.993265362,0.998421377
0.1,7,2,3,21,13,1,1.014248416,0.97438747,-0.02561253,0.568359375,0.845703125,0.999023438,-0.03515625,1.018943647,0.999641831
0.1,7,2,3,22,13,1,1.003500816,-0.02561253,-1.02561253,0.999023438,-0.025390625,0.530273438,-0.880859375,0.999346042,1.02815522
0.1,7,2,3,23,13,1,1.004836415,0.02561253,-0.97438747,0.998046875,0.029296875,0.561523438,-0.829101563,0.998476776,1.001358064
0.1,7,2,3,24,13,1,0.988173105,1.02561253,0.02561253,0.521484375,0.853515625,1,0.034179688,1.000217414,1.000583955
0.1,7,2,3,25,13,1,0.976205842,0.97438747,-0.02561253,0.552734375,0.817382813,0.999023438,0,0.986726888,0.999023438
0.1,7,2,3,26,13,1,1.039918266,-0.02561253,-1.02561253,1,-0.014648438,0.4921875,-0.8671875,1.000107283,0.997127221
0.1,7,2,3,27,13,1,1.00555698,0.02561253,-0.97438747,1,0.01953125,0.5546875,-0.837890625,1.000190717,1.004857663
0.1,7,2,3,28,13,1,1.003308481,1.02561253,0.02561253,0.497070313,0.845703125,1,0.036132813,0.980965173,1.000652577
0.1,7,2,3,29,13,1,0.971601089,0.97438747,-0.02561253,0.600585938,0.799804688,1,-0.044921875,1.000195484,1.001008479
0.1,7,2,3,30,13,1,0.976780035,-0.02561253,-1.02561253,0.998046875,-0.05859375,0.491210938,-0.828125,0.999765369,0.962849521
0.1,7,2,3,31,13,1,1.046491692,0.02561253,-0.97438747,0.998046875,0.04296875,0.53515625,-0.83984375,0.99897141,0.995856283
0.1,7,0,1,0,14,1.087831677,1.15163676,1.543915839,0.456084161,0.012695313,1,0.8984375,0.38671875,1.000080582,0.978131552
0.1,7,0,1,1,14,1.014618442,1.022092686,1.507309221,0.492690779,0.048828125,0.998046875,0.869140625,0.474609375,0.999240587,0.990282528
0.1,7,0,1,2,14,0.985381558,0.991982124,0.492690779,-0.492690779,0.870117188,0.471679688,0.900390625,-0.486328125,0.989740192,1.023336857
0.1,7,0,1,3,14,0.912168323,0.907442611,0.456084161,-0.456084161,0.885742188,0.4453125,0.913085938,-0.431640625,0.991384106,1.009970078
0.1,7,0,1,4,14,1.087831677,1.062677437,1.543915839,0.456084161,0.055664063,1,0.881835938,0.428710938,1.001548046,0.980524191
0.1,7,0,1,5,14,1.014618442,0.993324389,1.507309221,0.492690779,0.081054688,0.99609375,0.87109375,0.471679688,0.999386122,0.990598833
0.1,7,0,1,6,14,0.985381558,0.961916419,0.492690779,-0.492690779,0.8671875,0.467773438,0.869140625,-0.438476563,0.985305105,0.973481958
0.1,7,0,1,7,14,0.912168323,0.90644611,0.456084161,-0.456084161,0.896484375,0.44140625,0.908203125,-0.4375,0.999261583,1.008086884
0.1,7,0,1,8,14,1.087831677,1.098716204,1.543915839,0.456084161,0.001953125,1,0.901367188,0.458007813,1.000001907,1.011055865
0.1,7,0,1,9,14,1.014618442,0.971675823,1.507309221,0.492690779,0.095703125,0.998046875,0.8828125,0.486328125,1.002624881,1.007905231
0.1,7,0,1,10,14,0.985381558,0.962539779,0.492690779,-0.492690779,0.90234375,0.452148438,0.881835938,-0.479492188,1.009288092,1.003766596
0.1,7,0,1,11,14,0.912168323,0.937906143,0.456084161,-0.456084161,0.879882813,0.453125,0.899414063,-0.448242188,0.989705021,1.004921248
0.1,7,0,1,12,14,1.087831677,1.076618024,1.543915839,0.456084161,0.024414063,1,0.890625,0.452148438,1.000297979,0.99882486
0.1,7,0,1,13,14,1.014618442,0.962632462,1.507309221,0.492690779,0.077148438,0.995117188,0.870117188,0.510742188,0.99810325,1.008940782
0.1,7,0,1,14,14,0.985381558,0.939802191,0.492690779,-0.492690779,0.900390625,0.462890625,0.907226563,-0.455078125,1.012408518,1.014966076
0.1,7,0,1,15,14,0.912168323,0.946691846,0.456084161,-0.456084161,0.880859375,0.452148438,0.8828125,-0.451171875,0.990126986,0.991420179
0.1,7,0,1,16,14,1.087831677,1.071255905,0.543915839,-0.543915839,0.845703125,0.52734375,0.8515625,-0.48046875,0.996646982,0.977757082
0.1,7,0,1,17,14,1.014618442,1.026631006,0.507309221,-0.507309221,0.875,0.494140625,0.879882813,-0.495117188,1.004888032,1.009621114
0.1,7,0,1,18,14,0.985381558,0.928554657,-0.507309221,-1.492690779,0.870117188,-0.490234375,0.129882813,-1,0.998716007,1.008399497
0.1,7,0,1,19,14,0.912168323,0.865588788,-0.543915839,-1.456084161,0.833007813,-0.530273438,0.138671875,-0.99609375,0.987467435,1.005700078
0.1,7,0,1,20,14,1.087831677,1.099024214,0.543915839,-0.543915839,0.856445313,0.551757813,0.844726563,-0.491210938,1.018791076,0.977164853
0.1,7,0,1,21,14,1.014618442,1.013698444,0.507309221,-0.507309221,0.881835938,0.467773438,0.873046875,-0.506835938,0.998221724,1.009501616
0.1,7,0,1,22,14,0.985381558,0.955067197,-0.507309221,-1.492690779,0.874023438,-0.485351563,0.108398438,-0.9921875,0.999741521,0.998091307
0.1,7,0,1,23,14,0.912168323,0.895306345,-0.543915839,-1.456084161,0.865234375,-0.51953125,0.134765625,-0.994140625,1.009229034,1.00323345
0.1,7,0,1,24,14,1.087831677,1.084681025,0.543915839,-0.543915839,0.853515625,0.518554688,0.849609375,-0.5078125,0.998693089,0.989802821
0.1,7,0,1,25,14,1.014618442,1.040091809,0.507309221,-0.507309221,0.883789063,0.502929688,0.877929688,-0.505859375,1.016868417,1.01323948
0.1,7,0,1,26,14,0.985381558,0.982289897,-0.507309221,-1.492690779,0.883789063,-0.447265625,0.120117188,-0.99609375,0.990519887,1.003309971
0.1,7,0,1,27,14,0.912168323,0.87406839,-0.543915839,-1.456084161,0.836914063,-0.517578125,0.142578125,-0.991210938,0.984028589,1.001412824
0.1,7,0,1,28,14,1.087831677,1.060341345,0.543915839,-0.543915839,0.879882813,0.516601563,0.842773438,-0.493164063,1.020328838,0.976461909
0.1,7,0,1,29,14,1.014618442,1.022284228,0.507309221,-0.507309221,0.888671875,0.502929688,0.866210938,-0.481445313,1.021115063,0.991015125
0.1,7,0,1,30,14,0.985381558,0.950386809,-0.507309221,-1.492690779,0.868164063,-0.489257813,0.107421875,-0.998046875,0.99653502,1.003811249
0.1,7,0,1,31,14,0.912168323,0.903529067,-0.543915839,-1.456084161,0.848632813,-0.521484375,0.116210938,-0.995117188,0.996054017,1.001879833
0.1,7,2,3,0,14,1,1.008895756,1.02561253,0.02561253,0.515625,0.859375,1,0.021484375,1.002194857,1.000230763
0.1,7,2,3,1,14,1,1.048900544,0.97438747,-0.02561253,0.526367188,0.8359375,0.999023438,-0.040039063,0.987853187,0.999825462
0.1,7,2,3,2,14,1,1.005263483,-0.02561253,-1.02561253,0.999023438,-0.010742188,0.528320313,-0.852539063,0.99908119,1.002968198
0.1,7,2,3,3,14,1,1.016738556,0.02561253,-0.97438747,1,0.061523438,0.580078125,-0.8203125,1.001890779,1.004690613
0.1,7,2,3,4,14,1,0.967339454,1.02561253,0.02561253,0.5390625,0.849609375,1,0.038085938,1.006193058,1.000725007
0.1,7,2,3,5,14,1,0.970491933,0.97438747,-0.02561253,0.565429688,0.82421875,1,-0.000976563,0.999523526,1.000000477
0.1,7,2,3,6,14,1,0.974526993,-0.02561253,-1.02561253,1,-0.0234375,0.551757813,-0.85546875,1.00027462,1.017970268
0.1,7,2,3,7,14,1,0.93577129,0.02561253,-0.97438747,1,-0.033203125,0.565429688,-0.823242188,1.000551072,0.998718394
0.1,7,2,3,8,14,1,1.024030791,1.02561253,0.02561253,0.52734375,0.879882813,1,0.006835938,1.025809531,1.000023365
0.1,7,2,3,9,14,1,1.016492874,0.97438747,-0.02561253,0.559570313,0.819335938,1,-0.044921875,0.992184616,1.001008479
0.1,7,2,3,10,14,1,1.006836595,-0.02561253,-1.02561253,0.995117188,0.005859375,0.53125,-0.829101563,0.995134438,0.984700951
0.1,7,2,3,11,14,1,1.000520473,0.02561253,-0.97438747,1,0.0234375,0.557617188,-0.826171875,1.00027462,0.996743144
0.1,7,2,3,12,14,1,0.974385047,1.02561253,0.02561253,0.543945313,0.848632813,0.998046875,0.026367188,1.007995116,0.998395109
0.1,7,2,3,13,14,1,0.96135668,0.97438747,-0.02561253,0.576171875,0.801757813,0.999023438,-0.013671875,0.987314347,0.999116985
0.1,7,2,3,14,14,1,1.005426728,-0.02561253,-1.02561253,0.998046875,-0.016601563,0.514648438,-0.841796875,0.998184941,0.986653431
0.1,7,2,3,15,14,1,0.999866638,0.02561253,-0.97438747,1,0.01171875,0.556640625,-0.844726563,1.000068662,1.011638152
0.1,7,2,3,16,14,1,1.046110851,1.02561253,0.02561253,0.491210938,0.850585938,1,0.000976563,0.982234505,1.000000477
0.1,7,2,3,17,14,1,1.026677916,0.97438747,-0.02561253,0.5546875,0.809570313,1,-0.056640625,0.981367573,1.001602796
0.1,7,2,3,18,14,1,1.031999676,-0.02561253,-1.02561253,0.999023438,-0.002929688,0.506835938,-0.853515625,0.999027733,0.992658849
0.1,7,2,3,19,14,1,0.984056306,0.02561253,-0.97438747,1,-0.002929688,0.534179688,-0.80859375,1.000004292,0.969108761
0.1,7,2,3,20,14,1,0.995502815,1.02561253,0.02561253,0.50390625,0.875,0.998046875,0.052734375,1.009725957,0.999439082
0.1,7,2,3,21,14,1,1.029356796,0.97438747,-0.02561253,0.572265625,0.83984375,0.998046875,-0.056640625,1.016280212,0.999652802
0.1,7,2,3,22,14,1,0.975676126,-0.02561253,-1.02561253,1,-0.051757813,0.521484375,-0.86328125,1.00133854,1.008563568
0.1,7,2,3,23,14,1,0.972230697,0.02561253,-0.97438747,0.999023438,0.012695313,0.587890625,-0.838867188,0.999104098,1.024360066
0.1,7,2,3,24,14,1,1.011854771,1.02561253,0.02561253,0.512695313,0.856445313,1,0.01953125,0.998175865,1.000190717
0.1,7,2,3,25,14,1,1.03300229,0.97438747,-0.02561253,0.568359375,0.8515625,1,-0.05078125,1.023812029,1.001288538
0.1,7,2,3,26,14,1,0.989787417,-0.02561253,-1.02561253,0.999023438,-0.048828125,0.504882813,-0.857421875,1.000215984,0.995027098
0.1,7,2,3,27,14,1,0.997444843,0.02561253,-0.97438747,0.999023438,-0.001953125,0.538085938,-0.836914063,0.999025347,0.994968152
0.1,7,2,3,28,14,1,1.018480811,1.02561253,0.02561253,0.5,0.87109375,1,0.03125,1.004392514,1.000488162
0.1,7,2,3,29,14,1,0.968484522,0.97438747,-0.02561253,0.55078125,0.842773438,0.999023438,0.0234375,1.006790471,0.999298326
0.1,7,2,3,30,14,1,1.017366834,-0.02561253,-1.02561253,0.999023438,-0.009765625,0.508789063,-0.841796875,0.999071167,0.983609826
0.1,7,2,3,31,14,1,0.99633258,0.02561253,-0.97438747,1,0.0625,0.596679688,-0.806640625,1.001951221,1.003342288
0.1,7,0,1,0,15,1.087831677,1.059775715,1.543915839,0.456084161,0.047851563,1,0.883789063,0.44140625,1.001144231,0.987887941
0.1,7,0,1,1,15,1.014618442,1.037519706,1.507309221,0.492690779,0.040039063,0.997070313,0.874023438,0.469726563,0.997873907,0.992249975
0.1,7,0,1,2,15,0.985381558,1.024838008,0.492690779,-0.492690779,0.875,0.504882813,0.890625,-0.48828125,1.010213668,1.015692606
0.1,7,0,1,3,15,0.912168323,0.900610021,0.456084161,-0.456084161,0.887695313,0.432617188,0.90625,-0.434570313,0.987502202,1.005057421
0.1,7,0,1,4,15,1.087831677,1.16113358,1.543915839,0.456084161,-0.022460938,0.999023438,0.931640625,0.4296875,0.999275899,1.025955945
0.1,7,0,1,5,15,1.014618442,0.982860399,1.507309221,0.492690779,0.08984375,0.995117188,0.896484375,0.487304688,0.999164709,1.020367626
0.1,7,0,1,6,15,0.985381558,1.012076343,0.492690779,-0.492690779,0.872070313,0.4921875,0.875976563,-0.4765625,1.001376635,0.997219512
0.1,7,0,1,7,15,0.912168323,0.885442206,0.456084161,-0.456084161,0.889648438,0.4296875,0.900390625,-0.418945313,0.987980612,0.99308532
0.1,7,0,1,8,15,1.087831677,1.128463745,1.543915839,0.456084161,0.015625,1,0.904296875,0.411132813,1.000122063,0.993369532
0.1,7,0,1,9,15,1.014618442,1.048881805,1.507309221,0.492690779,0.04296875,0.999023438,0.887695313,0.4609375,0.99994707,1.000233146
0.1,7,0,1,10,15,0.985381558,1.008120067,0.492690779,-0.492690779,0.869140625,0.501953125,0.89453125,-0.470703125,1.003674432,1.010815309
0.1,7,0,1,11,15,0.912168323,0.909153174,0.456084161,-0.456084161,0.896484375,0.447265625,0.889648438,-0.42578125,1.00186365,0.986287998
0.1,7,0,1,12,15,1.087831677,1.044772395,1.543915839,0.456084161,0.049804688,0.998046875,0.899414063,0.463867188,0.999288783,1.011987363
0.1,7,0,1,13,15,1.014618442,1.033674272,1.507309221,0.492690779,0.083984375,0.997070313,0.892578125,0.434570313,1.000601111,0.992747232
0.1,7,0,1,14,15,0.985381558,0.970880284,0.492690779,-0.492690779,0.888671875,0.4765625,0.87890625,-0.456054688,1.008389566,0.990182849
0.1,7,0,1,15,15,0.912168323,0.935046044,0.456084161,-0.456084161,0.905273438,0.452148438,0.903320313,-0.4609375,1.0119082,1.014125715
0.1,7,0,1,16,15,1.087831677,1.107289059,0.543915839,-0.543915839,0.865234375,0.504882813,0.837890625,-0.547851563,1.001767028,1.001100412
0.1,7,0,1,17,15,1.014618442,1.052040778,0.507309221,-0.507309221,0.889648438,0.52734375,0.869140625,-0.494140625,1.03419813,0.99979017
0.1,7,0,1,18,15,0.985381558,1.006682072,-0.507309221,-1.492690779,0.884765625,-0.5078125,0.04296875,-0.997070313,1.020139082,0.997995752
0.1,7,0,1,19,15,0.912168323,0.919589894,-0.543915839,-1.456084161,0.869140625,-0.526367188,0.106445313,-0.994140625,1.016104248,0.999823078
0.1,7,0,1,20,15,1.087831677,1.081822582,0.543915839,-0.543915839,0.865234375,0.516601563,0.866210938,-0.5234375,1.007724019,1.012081126
0.1,7,0,1,21,15,1.014618442,0.976804211,0.507309221,-0.507309221,0.8671875,0.448242188,0.881835938,-0.481445313,0.976184009,1.004701055
0.1,7,0,1,22,15,0.985381558,0.98551023,-0.507309221,-1.492690779,0.874023438,-0.486328125,0.077148438,-0.993164063,1.000215984,0.99615598
0.1,7,0,1,23,15,0.912168323,0.949891058,-0.543915839,-1.456084161,0.84765625,-0.500976563,0.086914063,-0.995117188,0.984631217,0.998905537
0.1,7,0,1,24,15,1.087831677,1.101087231,0.543915839,-0.543915839,0.833007813,0.530273438,0.858398438,-0.5078125,0.987467435,0.997357214
0.1,7,0,1,25,15,1.014618442,1.010548314,0.507309221,-0.507309221,0.875976563,0.49609375,0.887695313,-0.479492188,1.006699532,1.008918097
0.1,7,0,1,26,15,0.985381558,1.048870525,-0.507309221,-1.492690779,0.890625,-0.474609375,0.032226563,-0.997070313,1.009191235,0.997590978
0.1,7,0,1,27,15,0.912168323,0.900589867,-0.543915839,-1.456084161,0.84765625,-0.52734375,0.11328125,-0.9921875,0.998304838,0.998633405
0.1,7,0,1,28,15,1.087831677,1.086389021,0.543915839,-0.543915839,0.849609375,0.505859375,0.831054688,-0.508789063,0.988802203,0.974432247
0.1,7,0,1,29,15,1.014618442,0.983847233,0.507309221,-0.507309221,0.87890625,0.486328125,0.890625,-0.461914063,1.004485561,1.003283356
0.1,7,0,1,30,15,0.985381558,0.973909963,-0.507309221,-1.492690779,0.860351563,-0.493164063,0.076171875,-0.995117188,0.991673133,0.998028242
0.1,7,0,1,31,15,0.912168323,0.918672744,-0.543915839,-1.456084161,0.848632813,-0.514648438,0.106445313,-0.991210938,0.992492148,0.99691009
0.1,7,2,3,0,15,1,0.963611489,1.02561253,0.02561253,0.538085938,0.861328125,1,0.048828125,1.015589787,1.001191383
0.1,7,2,3,1,15,1,0.953049871,0.97438747,-0.02561253,0.569335938,0.81640625,1,0.008789063,0.995320338,1.000038623
0.1,7,2,3,2,15,1,1.018913885,-0.02561253,-1.02561253,0.999023438,-0.005859375,0.512695313,-0.84375,0.99904062,0.987304688
0.1,7,2,3,3,15,1,0.978852924,0.02561253,-0.97438747,0.999023438,0.014648438,0.564453125,-0.813476563,0.999130825,0.990126986
0.1,7,2,3,4,15,1,0.99298424,1.02561253,0.02561253,0.509765625,0.83984375,0.998046875,0.032226563,0.982445172,0.998567031
0.1,7,2,3,5,15,1,0.979797841,0.97438747,-0.02561253,0.584960938,0.829101563,1,-0.0234375,1.014686503,1.00027462
0.1,7,2,3,6,15,1,0.976477831,-0.02561253,-1.02561253,0.998046875,-0.041015625,0.528320313,-0.85546875,0.998889306,1.005459663
0.1,7,2,3,7,15,1,1.003247245,0.02561253,-0.97438747,1,0.026367188,0.564453125,-0.8359375,1.000347554,1.008661903
0.1,7,2,3,8,15,1,0.98710183,1.02561253,0.02561253,0.526367188,0.86328125,0.999023438,0.036132813,1.011096896,0.999676652
0.1,7,2,3,9,15,1,0.973166987,0.97438747,-0.02561253,0.5703125,0.815429688,1,-0.012695313,0.995078853,1.000080582
0.1,7,2,3,10,15,1,1.014137742,-0.02561253,-1.02561253,1,-0.025390625,0.500976563,-0.852539063,1.00032229,0.988837888
0.1,7,2,3,11,15,1,0.977068783,0.02561253,-0.97438747,1,0.02734375,0.567382813,-0.79296875,1.00037377,0.975050098
0.1,7,2,3,12,15,1,1.025752797,1.02561253,0.02561253,0.51171875,0.849609375,0.998046875,0.002929688,0.991812568,0.998051175
0.1,7,2,3,13,15,1,1.02354042,0.97438747,-0.02561253,0.547851563,0.830078125,1,-0.036132813,0.994570776,1.000652577
0.1,7,2,3,14,15,1,1.039155385,-0.02561253,-1.02561253,1,-0.015625,0.477539063,-0.841796875,1.000122063,0.967814825
0.1,7,2,3,15,15,1,1.0100029,0.02561253,-0.97438747,0.999023438,0.022460938,0.536132813,-0.8125,0.999275899,0.97344473
0.1,7,2,3,16,15,1,0.960106145,1.02561253,0.02561253,0.5546875,0.836914063,1,0.025390625,1.00404351,1.00032229
0.1,7,2,3,17,15,1,0.998854179,0.97438747,-0.02561253,0.551757813,0.840820313,1,-0.008789063,1.005691544,1.000038623
0.1,7,2,3,18,15,1,0.968429162,-0.02561253,-1.02561253,1,-0.041015625,0.536132813,-0.852539063,1.000840787,1.00710538
0.1,7,2,3,19,15,1,0.992631775,0.02561253,-0.97438747,1,0.065429688,0.600585938,-0.80078125,1.002138236,1.000976563
0.1,7,2,3,20,15,1,1.014007254,1.02561253,0.02561253,0.526367188,0.84375,0.999023438,-0.000976563,0.994472965,0.999023915
0.1,7,2,3,21,15,1,1.022234676,0.97438747,-0.02561253,0.551757813,0.8515625,1,-0.026367188,1.014689793,1.000347554
0.1,7,2,3,22,15,1,0.992688798,-0.02561253,-1.02561253,1,-0.03515625,0.509765625,-0.844726563,1.00061779,0.9866225
0.1,7,2,3,23,15,1,0.971705446,0.02561253,-0.97438747,0.998046875,0.01953125,0.579101563,-0.813476563,0.998237965,0.998550318
0.1,7,2,3,24,15,1,0.986950683,1.02561253,0.02561253,0.525390625,0.86328125,0.999023438,0.037109375,1.010588851,0.999712426
0.1,7,2,3,25,15,1,1.062214485,0.97438747,-0.02561253,0.51953125,0.828125,1,-0.051757813,0.97760101,1.00133854
0.1,7,2,3,26,15,1,1.053852118,-0.02561253,-1.02561253,0.999023438,0.002929688,0.494140625,-0.86328125,0.999027733,0.994700696
0.1,7,2,3,27,15,1,0.981905183,0.02561253,-0.97438747,0.999023438,0.043945313,0.607421875,-0.828125,0.99998951,1.027011368
0.1,7,2,3,28,15,1,0.97359078,1.02561253,0.02561253,0.548828125,0.84375,1,0.020507813,1.006541789,1.000210263
0.1,7,2,3,29,15,1,0.994197485,0.97438747,-0.02561253,0.548828125,0.826171875,1,-0.009765625,0.991852952,1.000047683
0.1,7,2,3,30,15,1,1.010388759,-0.02561253,-1.02561253,1,-0.01171875,0.517578125,-0.846679688,1.000068662,0.992347524
0.1,7,2,3,31,15,1,0.982862553,0.02561253,-0.97438747,1,0.021484375,0.59375,-0.850585938,1.000230763,1.03732131
0.1,7,0,1,0,16,1.087831677,1.031870498,1.543915839,0.456084161,0.071289063,0.997070313,0.899414063,0.454101563,0.999615595,1.007548453
0.1,7,0,1,1,16,1.014618442,1.014101709,1.507309221,0.492690779,0.071289063,1,0.8828125,0.465820313,1.002537845,0.998171565
0.1,7,0,1,2,16,0.985381558,0.987074475,0.492690779,-0.492690779,0.880859375,0.474609375,0.869140625,-0.466796875,1.000583478,0.986562085
0.1,7,0,1,3,16,0.912168323,0.929862722,0.456084161,-0.456084161,0.893554688,0.426757813,0.8984375,-0.47265625,0.990233412,1.015181694
0.1,7,0,1,4,16,1.087831677,1.13510227,1.543915839,0.456084161,-0.004882813,0.999023438,0.890625,0.419921875,0.99903537,0.984655915
0.1,7,0,1,5,16,1.014618442,1.042746998,1.507309221,0.492690779,0.04296875,0.998046875,0.885742188,0.466796875,0.99897141,1.00121853
0.1,7,0,1,6,16,0.985381558,1.002762886,0.492690779,-0.492690779,0.899414063,0.477539063,0.89453125,-0.505859375,1.018326673,1.027657465
0.1,7,0,1,7,16,0.912168323,0.933172908,0.456084161,-0.456084161,0.899414063,0.4375,0.899414063,-0.46875,1.000175937,1.014234794
0.1,7,0,1,8,16,1.087831677,1.10860569,1.543915839,0.456084161,0.025390625,1,0.899414063,0.419921875,1.00032229,0.992612733
0.1,7,0,1,9,16,1.014618442,1.037240463,1.507309221,0.492690779,0.036132813,1,0.897460938,0.487304688,1.000652577,1.021225731
0.1,7,0,1,10,16,0.985381558,1.024732532,0.492690779,-0.492690779,0.861328125,0.491210938,0.883789063,-0.490234375,0.991551473,1.010649716
0.1,7,0,1,11,16,0.912168323,0.853301633,0.456084161,-0.456084161,0.903320313,0.376953125,0.897460938,-0.442382813,0.978816247,1.000569182
0.1,7,0,1,12,16,1.087831677,1.053632064,1.543915839,0.456084161,0.040039063,0.999023438,0.893554688,0.461914063,0.999825462,1.005884974
0.1,7,0,1,13,16,1.014618442,1.031614894,1.507309221,0.492690779,0.049804688,0.997070313,0.887695313,0.47265625,0.998313435,1.005687277
0.1,7,0,1,14,16,0.985381558,1.010839941,0.492690779,-0.492690779,0.881835938,0.481445313,0.8671875,-0.486328125,1.004701055,0.99424806
0.1,7,0,1,15,16,0.912168323,0.959236641,0.456084161,-0.456084161,0.893554688,0.463867188,0.901367188,-0.469726563,1.006783367,1.016418147
0.1,7,0,1,16,16,1.087831677,1.085218289,0.543915839,-0.543915839,0.849609375,0.51953125,0.857421875,-0.509765625,0.995865859,0.997513541
0.1,7,0,1,17,16,1.014618442,1.004085083,0.507309221,-0.507309221,0.8828125,0.479492188,0.864257813,-0.479492188,1.00462464,0.988359411
0.1,7,0,1,18,16,0.985381558,0.951672362,-0.507309221,-1.492690779,0.864257813,-0.484375,0.108398438,-0.997070313,0.990737456,1.002945377
0.1,7,0,1,19,16,0.912168323,0.927372851,-0.543915839,-1.456084161,0.877929688,-0.515625,0.112304688,-0.995117188,1.018150125,1.001434251
0.1,7,0,1,20,16,1.087831677,1.116117212,0.543915839,-0.543915839,0.850585938,0.485351563,0.840820313,-0.572265625,0.979317403,1.017087382
0.1,7,0,1,21,16,1.014618442,1.024170734,0.507309221,-0.507309221,0.880859375,0.482421875,0.872070313,-0.502929688,1.004312752,1.006700005
0.1,7,0,1,22,16,0.985381558,0.969689527,-0.507309221,-1.492690779,0.866210938,-0.497070313,0.080078125,-0.997070313,0.998699296,1.000280818
0.1,7,0,1,23,16,0.912168323,0.912414029,-0.543915839,-1.456084161,0.857421875,-0.514648438,0.1171875,-0.990234375,1.000017643,0.997144437
0.1,7,0,1,24,16,1.087831677,1.13436663,0.543915839,-0.543915839,0.849609375,0.53515625,0.853515625,-0.549804688,1.004105723,1.015270465
0.1,7,0,1,25,16,1.014618442,0.971737189,0.507309221,-0.507309221,0.884765625,0.461914063,0.88671875,-0.473632813,0.998085574,1.005285125
0.1,7,0,1,26,16,0.985381558,1.009084609,-0.507309221,-1.492690779,0.876953125,-0.466796875,0.072265625,-0.994140625,0.993451612,0.996763715
0.1,7,0,1,27,16,0.912168323,0.889302215,-0.543915839,-1.456084161,0.862304688,-0.514648438,0.143554688,-0.994140625,1.004207343,1.004451856
0.1,7,0,1,28,16,1.087831677,1.048256685,0.543915839,-0.543915839,0.857421875,0.482421875,0.865234375,-0.513671875,0.983820683,1.006225282
0.1,7,0,1,29,16,1.014618442,1.026492573,0.507309221,-0.507309221,0.876953125,0.501953125,0.879882813,-0.48828125,1.010447289,1.006286412
0.1,7,0,1,30,16,0.985381558,0.995733324,-0.507309221,-1.492690779,0.865234375,-0.477539063,0.0703125,-0.9921875,0.988268223,0.994675768
0.1,7,0,1,31,16,0.912168323,0.925170058,-0.543915839,-1.456084161,0.865234375,-0.524414063,0.100585938,-0.995117188,1.01175127,1.000187856
0.1,7,2,3,0,16,1,1.018182655,1.02561253,0.02561253,0.515625,0.864257813,0.997070313,0.014648438,1.00638497,0.99717791
0.1,7,2,3,1,16,1,1.036883882,0.97438747,-0.02561253,0.5703125,0.84375,1,-0.060546875,1.018415637,1.001831285
0.1,7,2,3,2,16,1,0.974052626,-0.02561253,-1.02561253,1,-0.05078125,0.529296875,-0.87109375,1.001288538,1.01929363
0.1,7,2,3,3,16,1,1.02530784,0.02561253,-0.97438747,1,0.025390625,0.546875,-0.8515625,1.00032229,1.012042962
0.1,7,2,3,4,16,1,0.991918312,1.02561253,0.02561253,0.522460938,0.864257813,1,0.03515625,1.00990445,1.00061779
0.1,7,2,3,5,16,1,1.012683665,0.97438747,-0.02561253,0.557617188,0.833984375,1,-0.03125,1.003228222,1.000488162
0.1,7,2,3,6,16,1,1.014862822,-0.02561253,-1.02561253,0.998046875,-0.029296875,0.499023438,-0.858398438,0.998476776,0.992911007
0.1,7,2,3,7,16,1,1.000644161,0.02561253,-0.97438747,1,0.017578125,0.547851563,-0.822265625,1.000154483,0.988059762
0.1,7,2,3,8,16,1,1.049558592,1.02561253,0.02561253,0.505859375,0.87109375,1,-0.004882813,1.007322207,1.000011921
0.1,7,2,3,9,16,1,1.008191045,0.97438747,-0.02561253,0.553710938,0.859375,1,-0.009765625,1.022311691,1.000047683
0.1,7,2,3,10,16,1,1.000197512,-0.02561253,-1.02561253,1,-0.025390625,0.525390625,-0.866210938,1.00032229,1.01309264
0.1,7,2,3,11,16,1,0.98301823,0.02561253,-0.97438747,0.999023438,-0.006835938,0.546875,-0.833007813,0.999046825,0.996480949
0.1,7,2,3,12,16,1,1.014402659,1.02561253,0.02561253,0.520507813,0.836914063,0.999023438,0,0.985572692,0.999023438
0.1,7,2,3,13,16,1,0.98602855,0.97438747,-0.02561253,0.5703125,0.817382813,0.999023438,-0.024414063,0.996679994,0.999321708
0.1,7,2,3,14,16,1,0.940596327,-0.02561253,-1.02561253,1,-0.069335938,0.533203125,-0.848632813,1.002400854,1.002239105
0.1,7,2,3,15,16,1,0.997531079,0.02561253,-0.97438747,1,0.020507813,0.551757813,-0.817382813,1.000210263,0.986180179
0.1,7,2,3,16,16,1,0.951169214,1.02561253,0.02561253,0.524414063,0.83984375,1,0.061523438,0.990125059,1.001890779
0.1,7,2,3,17,16,1,0.981716808,0.97438747,-0.02561253,0.580078125,0.80859375,0.999023438,-0.033203125,0.995145459,0.999575048
0.1,7,2,3,18,16,1,0.970630174,-0.02561253,-1.02561253,1,-0.052734375,0.518554688,-0.850585938,1.001389492,0.996190444
0.1,7,2,3,19,16,1,0.99701938,0.02561253,-0.97438747,0.999023438,0.013671875,0.5546875,-0.833007813,0.999116985,1.000789807
0.1,7,2,3,20,16,1,1.021845898,1.02561253,0.02561253,0.536132813,0.861328125,1,-0.0078125,1.014556323,1.000030517
0.1,7,2,3,21,16,1,0.981373159,0.97438747,-0.02561253,0.590820313,0.834960938,0.999023438,-0.026367188,1.022853073,0.999371331
0.1,7,2,3,22,16,1,0.984942808,-0.02561253,-1.02561253,1,-0.040039063,0.513671875,-0.845703125,1.000801242,0.98948096
0.1,7,2,3,23,16,1,1.035540362,0.02561253,-0.97438747,0.999023438,0.006835938,0.514648438,-0.854492188,0.999046825,0.997506848
0.1,7,2,3,24,16,1,1.018117185,1.02561253,0.02561253,0.540039063,0.862304688,1,-0.006835938,1.01745347,1.000023365
0.1,7,2,3,25,16,1,1.070108593,0.97438747,-0.02561253,0.525390625,0.848632813,1,-0.053710938,0.998104684,1.001441394
0.1,7,2,3,26,16,1,0.99515281,-0.02561253,-1.02561253,0.999023438,-0.033203125,0.518554688,-0.860351563,0.999575048,1.004541575
0.1,7,2,3,27,16,1,0.991181468,0.02561253,-0.97438747,0.997070313,0.028320313,0.572265625,-0.822265625,0.99747243,1.001802727
0.1,7,2,3,28,16,1,1.027613897,1.02561253,0.02561253,0.516601563,0.861328125,1,0.002929688,1.004372099,1.000004292
0.1,7,2,3,29,16,1,0.923373587,0.97438747,-0.02561253,0.58984375,0.807617188,0.999023438,0.016601563,1.000080582,0.999161369
0.1,7,2,3,30,16,1,0.981645313,-0.02561253,-1.02561253,1,-0.028320313,0.541015625,-0.861328125,1.00040094,1.017145046
0.1,7,2,3,31,16,1,0.930351715,0.02561253,-0.97438747,1,-0.015625,0.581054688,-0.805664063,1.000122063,0.99333737
0.1,7,0,1,0,17,1.087831677,1.084769774,1.543915839,0.456084161,0.034179688,0.999023438,0.897460938,0.435546875,0.999607963,0.997565644
0.1,7,0,1,1,17,1.014618442,0.994933803,1.507309221,0.492690779,0.084960938,0.995117188,0.897460938,0.479492188,0.998737492,1.017520954
0.1,7,0,1,2,17,0.985381558,0.988099952,0.492690779,-0.492690779,0.891601563,0.455078125,0.8828125,-0.500976563,1.001024199,1.015054396
0.1,7,0,1,3,17,0.912168323,0.904961714,0.456084161,-0.456084161,0.897460938,0.436523438,0.896484375,-0.435546875,0.997992408,0.99668717
0.1,7,0,1,4,17,1.087831677,1.089862114,1.543915839,0.456084161,0.034179688,1,0.88671875,0.424804688,1.000583955,0.983223863
0.1,7,0,1,5,17,1.014618442,1.017726267,1.507309221,0.492690779,0.04296875,0.999023438,0.88671875,0.49609375,0.99994707,1.016060604
0.1,7,0,1,6,17,0.985381558,0.980251452,0.492690779,-0.492690779,0.883789063,0.47265625,0.876953125,-0.466796875,1.002241008,0.993451612
0.1,7,0,1,7,17,0.912168323,0.937816476,0.456084161,-0.456084161,0.896484375,0.478515625,0.903320313,-0.43359375,1.016199507,1.001993576
0.1,7,0,1,8,17,1.087831677,1.083676101,1.543915839,0.456084161,0.02734375,0.999023438,0.905273438,0.448242188,0.999397573,1.010168825
0.1,7,0,1,9,17,1.014618442,1.012436819,1.507309221,0.492690779,0.08203125,0.997070313,0.891601563,0.459960938,1.000439071,1.003253413
0.1,7,0,1,10,17,0.985381558,1.013926039,0.492690779,-0.492690779,0.880859375,0.486328125,0.874023438,-0.48828125,1.006194953,1.001167093
0.1,7,0,1,11,17,0.912168323,0.95752091,0.456084161,-0.456084161,0.88671875,0.4453125,0.892578125,-0.478515625,0.992256703,1.01275511
0.1,7,0,1,12,17,1.087831677,1.087581101,1.543915839,0.456084161,0.015625,1,0.889648438,0.44921875,1.000122063,0.996630236
0.1,7,0,1,13,17,1.014618442,1.006748635,1.507309221,0.492690779,0.051757813,0.999023438,0.892578125,0.501953125,1.000363284,1.024037426
0.1,7,0,1,14,17,0.985381558,0.971327648,0.492690779,-0.492690779,0.884765625,0.463867188,0.87109375,-0.462890625,0.99899098,0.986444145
0.1,7,0,1,15,17,0.912168323,0.946298202,0.456084161,-0.456084161,0.904296875,0.486328125,0.911132813,-0.443359375,1.026775479,1.013277128
0.1,7,0,1,16,17,1.087831677,1.109973678,0.543915839,-0.543915839,0.83203125,0.520507813,0.853515625,-0.524414063,0.981429765,1.001747988
0.1,7,0,1,17,17,1.014618442,0.978914938,0.507309221,-0.507309221,0.86328125,0.461914063,0.885742188,-0.469726563,0.979090965,1.002587785
0.1,7,0,1,18,17,0.985381558,0.949654222,-0.507309221,-1.492690779,0.879882813,-0.490234375,0.112304688,-0.991210938,1.007235576,0.997552738
0.1,7,0,1,19,17,0.912168323,0.891990668,-0.543915839,-1.456084161,0.869140625,-0.53125,0.129882813,-0.9921875,1.018642228,1.000652577
0.1,7,0,1,20,17,1.087831677,1.080154499,0.543915839,-0.543915839,0.85546875,0.495117188,0.849609375,-0.52734375,0.988416821,0.99996376
0.1,7,0,1,21,17,1.014618442,1.023446864,0.507309221,-0.507309221,0.86328125,0.485351563,0.872070313,-0.489257813,0.990363901,0.999939917
0.1,7,0,1,22,17,0.985381558,1.017512796,-0.507309221,-1.492690779,0.885742188,-0.499023438,0.040039063,-0.995117188,1.016643307,0.995922358
0.1,7,0,1,23,17,0.912168323,0.916337789,-0.543915839,-1.456084161,0.856445313,-0.513671875,0.114257813,-0.99609375,0.99867781,1.002625357
0.1,7,0,1,24,17,1.087831677,1.069234314,0.543915839,-0.543915839,0.858398438,0.514648438,0.846679688,-0.495117188,1.00085508,0.980819822
0.1,7,0,1,25,17,1.014618442,0.988661612,0.507309221,-0.507309221,0.873046875,0.4921875,0.865234375,-0.4453125,1.00222721,0.973105208
0.1,7,0,1,26,17,0.985381558,0.944275428,-0.507309221,-1.492690779,0.874023438,-0.51171875,0.096679688,-0.995117188,1.012804546,0.99980257
0.1,7,0,1,27,17,0.912168323,0.900586663,-0.543915839,-1.456084161,0.845703125,-0.532226563,0.108398438,-0.995117188,0.999239155,1.001003715
0.1,7,0,1,28,17,1.087831677,1.099963429,0.543915839,-0.543915839,0.850585938,0.5078125,0.864257813,-0.543945313,0.990641192,1.02118464
0.1,7,0,1,29,17,1.014618442,1.030037953,0.507309221,-0.507309221,0.865234375,0.469726563,0.856445313,-0.504882813,0.984516921,0.994185711
0.1,7,0,1,30,17,0.985381558,0.98795574,-0.507309221,-1.492690779,0.868164063,-0.478515625,0.079101563,-0.998046875,0.991305222,1.001176619
0.1,7,0,1,31,17,0.912168323,0.922552955,-0.543915839,-1.456084161,0.844726563,-0.497070313,0.116210938,-0.994140625,0.980123391,1.000909868
0.1,7,2,3,0,17,1,1.01695214,1.02561253,0.02561253,0.515625,0.846679688,1,0.006835938,0.991330235,1.000023365
0.1,7,2,3,1,17,1,0.982084517,0.97438747,-0.02561253,0.560546875,0.846679688,0.999023438,0.00390625,1.015420746,0.999031074
0.1,7,2,3,2,17,1,0.95314015,-0.02561253,-1.02561253,0.999023438,-0.049804688,0.541992188,-0.849609375,1.000264133,1.007765658
0.1,7,2,3,3,17,1,0.998535166,0.02561253,-0.97438747,0.999023438,0.0234375,0.571289063,-0.842773438,0.999298326,1.01815434
0.1,7,2,3,4,17,1,1.010418015,1.02561253,0.02561253,0.501953125,0.877929688,1,0.041015625,1.01129495,1.000840787
0.1,7,2,3,5,17,1,1.034286843,0.97438747,-0.02561253,0.556640625,0.831054688,1,-0.053710938,1.000250308,1.001441394
0.1,7,2,3,6,17,1,0.966444669,-0.02561253,-1.02561253,1,-0.067382813,0.51171875,-0.859375,1.002267651,1.000190717
0.1,7,2,3,7,17,1,0.997175242,0.02561253,-0.97438747,0.999023438,0.020507813,0.54296875,-0.803710938,0.999233906,0.969931098
0.1,7,2,3,8,17,1,0.972664119,1.02561253,0.02561253,0.525390625,0.837890625,1,0.038085938,0.988987365,1.000725007
0.1,7,2,3,9,17,1,1.004978685,0.97438747,-0.02561253,0.540039063,0.825195313,1,-0.013671875,0.98619952,1.000093456
0.1,7,2,3,10,17,1,0.993107374,-0.02561253,-1.02561253,0.999023438,-0.022460938,0.53125,-0.856445313,0.999275899,1.007831899
0.1,7,2,3,11,17,1,0.998168513,0.02561253,-0.97438747,1,0.040039063,0.575195313,-0.818359375,1.000801242,1.000280818
0.1,7,2,3,12,17,1,0.983489414,1.02561253,0.02561253,0.525390625,0.858398438,1,0.038085938,1.006420979,1.000725007
0.1,7,2,3,13,17,1,0.992739392,0.97438747,-0.02561253,0.578125,0.84765625,1,-0.020507813,1.026035883,1.000210263
0.1,7,2,3,14,17,1,0.981433003,-0.02561253,-1.02561253,1,-0.043945313,0.518554688,-0.854492188,1.00096513,0.99952782
0.1,7,2,3,15,17,1,1.007016887,0.02561253,-0.97438747,1,0.0546875,0.573242188,-0.805664063,1.001494245,0.988787736
0.1,7,2,3,16,17,1,0.997890424,1.02561253,0.02561253,0.54296875,0.854492188,0.999023438,0.006835938,1.012408989,0.999046825
0.1,7,2,3,17,17,1,1.019054422,0.97438747,-0.02561253,0.553710938,0.837890625,1,-0.032226563,1.004318924,1.000519141
0.1,7,2,3,18,17,1,0.981236461,-0.02561253,-1.02561253,0.999023438,-0.055664063,0.509765625,-0.862304688,1.000572994,1.001713715
0.1,7,2,3,19,17,1,1.044619579,0.02561253,-0.97438747,1,0.068359375,0.56640625,-0.837890625,1.002333779,1.011373689
0.1,7,2,3,20,17,1,1.014584833,1.02561253,0.02561253,0.500976563,0.849609375,1,0.0234375,0.986313138,1.00027462
0.1,7,2,3,21,17,1,1.065637071,0.97438747,-0.02561253,0.564453125,0.83203125,0.99609375,-0.090820313,1.00542694,1.000225519
0.1,7,2,3,22,17,1,1.009911145,-0.02561253,-1.02561253,1,-0.040039063,0.490234375,-0.854492188,1.000801242,0.985132804
0.1,7,2,3,23,17,1,0.978080149,0.02561253,-0.97438747,0.998046875,0.00390625,0.564453125,-0.831054688,0.998054519,1.004618945
0.1,7,2,3,24,17,1,0.986168693,1.02561253,0.02561253,0.506835938,0.859375,0.999023438,0.051757813,0.997701387,1.000363284
0.1,7,2,3,25,17,1,0.961837025,0.97438747,-0.02561253,0.56640625,0.798828125,1,-0.0078125,0.979256051,1.000030517
0.1,7,2,3,26,17,1,0.990182574,-0.02561253,-1.02561253,1,-0.010742188,0.540039063,-0.842773438,1.000057696,1.000954173
0.1,7,2,3,27,17,1,0.965935398,0.02561253,-0.97438747,0.999023438,0.005859375,0.560546875,-0.80078125,0.99904062,0.977478086
0.1,7,2,3,28,17,1,0.96896124,1.02561253,0.02561253,0.543945313,0.845703125,1,0.030273438,1.00552985,1.000458136
0.1,7,2,3,29,17,1,0.98007383,0.97438747,-0.02561253,0.575195313,0.82421875,0.999023438,-0.018554688,1.005080194,0.999195729
0.1,7,2,3,30,17,1,1.026357961,-0.02561253,-1.02561253,0.999023438,-0.029296875,0.489257813,-0.864257813,0.999452918,0.993133815
0.1,7,2,3,31,17,1,0.97952539,0.02561253,-0.97438747,0.999023438,0.029296875,0.584960938,-0.818359375,0.999452918,1.005928111
0.1,7,0,1,0,18,1.087831677,1.06420965,1.543915839,0.456084161,0.038085938,1,0.879882813,0.4453125,1.000725007,0.986152618
0.1,7,0,1,1,18,1.014618442,1.035140424,1.507309221,0.492690779,0.014648438,0.998046875,0.859375,0.493164063,0.998154368,0.990826011
0.1,7,0,1,2,18,0.985381558,1.0255208,0.492690779,-0.492690779,0.87890625,0.483398438,0.891601563,-0.513671875,1.003070409,1.028985977
0.1,7,0,1,3,18,0.912168323,0.877696766,0.456084161,-0.456084161,0.896484375,0.432617188,0.905273438,-0.413085938,0.995410401,0.995067831
0.1,7,0,1,4,18,1.087831677,1.118214799,1.543915839,0.456084161,-0.022460938,0.999023438,0.884765625,0.455078125,0.999275899,0.994940356
0.1,7,0,1,5,18,1.014618442,1.048671142,1.507309221,0.492690779,0.04296875,0.998046875,0.877929688,0.456054688,0.99897141,0.989316135
0.1,7,0,1,6,18,0.985381558,0.953339003,0.492690779,-0.492690779,0.8984375,0.45703125,0.890625,-0.466796875,1.008001739,1.005540757
0.1,7,0,1,7,18,0.912168323,0.91902377,0.456084161,-0.456084161,0.904296875,0.448242188,0.895507813,-0.442382813,1.009293761,0.998817699
0.1,7,0,1,8,18,1.087831677,1.088309578,1.543915839,0.456084161,0.038085938,1,0.881835938,0.419921875,1.000725007,0.976713367
0.1,7,0,1,9,18,1.014618442,1.01496354,1.507309221,0.492690779,0.03515625,0.999023438,0.904296875,0.518554688,0.999641831,1.042425922
0.1,7,0,1,10,18,0.985381558,1.008845715,0.492690779,-0.492690779,0.884765625,0.494140625,0.887695313,-0.484375,1.013402767,1.011247798
0.1,7,0,1,11,18,0.912168323,0.903335703,0.456084161,-0.456084161,0.916992188,0.458984375,0.891601563,-0.418945313,1.025446892,0.985123607
0.1,7,0,1,12,18,1.087831677,1.116822808,1.543915839,0.456084161,-0.008789063,0.998046875,0.900390625,0.44921875,0.998085574,1.006230969
0.1,7,0,1,13,18,1.014618442,1.023952068,1.507309221,0.492690779,0.086914063,1,0.89453125,0.443359375,1.003769921,0.998375527
0.1,7,0,1,14,18,0.985381558,0.990419622,0.492690779,-0.492690779,0.880859375,0.45703125,0.877929688,-0.493164063,0.992366264,1.006961434
0.1,7,0,1,15,18,0.912168323,0.887518906,0.456084161,-0.456084161,0.903320313,0.43359375,0.90234375,-0.424804688,1.001993576,0.99733809
0.1,7,0,1,16,18,1.087831677,1.087919448,0.543915839,-0.543915839,0.837890625,0.516601563,0.864257813,-0.512695313,0.98434642,1.004887083
0.1,7,0,1,17,18,1.014618442,1.018514874,0.507309221,-0.507309221,0.8828125,0.4921875,0.881835938,-0.493164063,1.01074549,1.010368949
0.1,7,0,1,18,18,0.985381558,1.005537008,-0.507309221,-1.492690779,0.896484375,-0.47265625,0.080078125,-0.998046875,1.013453583,1.001254249
0.1,7,0,1,19,18,0.912168323,0.944875339,-0.543915839,-1.456084161,0.87109375,-0.504882813,0.100585938,-0.99609375,1.006832149,1.001159473
0.1,7,0,1,20,18,1.087831677,1.089763767,0.543915839,-0.543915839,0.841796875,0.510742188,0.861328125,-0.521484375,0.984621532,1.006892294
0.1,7,0,1,21,18,1.014618442,0.977249715,0.507309221,-0.507309221,0.858398438,0.458984375,0.872070313,-0.4609375,0.973403582,0.986392421
0.1,7,0,1,22,18,0.985381558,0.979693787,-0.507309221,-1.492690779,0.875,-0.495117188,0.076171875,-0.998046875,1.005368604,1.000949409
0.1,7,0,1,23,18,0.912168323,0.916069807,-0.543915839,-1.456084161,0.84765625,-0.533203125,0.092773438,-0.9921875,1.001412348,0.996515402
0.1,7,0,1,24,18,1.087831677,1.026533221,0.543915839,-0.543915839,0.860351563,0.482421875,0.865234375,-0.490234375,0.986375018,0.994464814
0.1,7,0,1,25,18,1.014618442,1.007601095,0.507309221,-0.507309221,0.885742188,0.46875,0.861328125,-0.494140625,1.002130623,0.993006091
0.1,7,0,1,26,18,0.985381558,1.022253507,-0.507309221,-1.492690779,0.876953125,-0.4609375,0.064453125,-0.99609375,0.990711947,0.99817682
0.1,7,0,1,27,18,0.912168323,0.881170899,-0.543915839,-1.456084161,0.82421875,-0.532226563,0.116210938,-0.995117188,0.981122654,1.001879833
0.1,7,0,1,28,18,1.087831677,1.11639985,0.543915839,-0.543915839,0.838867188,0.52734375,0.876953125,-0.543945313,0.99085296,1.031951204
0.1,7,0,1,29,18,1.014618442,0.988194038,0.507309221,-0.507309221,0.880859375,0.489257813,0.8828125,-0.4609375,1.007614235,0.995902249
0.1,7,0,1,30,18,0.985381558,1.036229947,-0.507309221,-1.492690779,0.8671875,-0.439453125,0.065429688,-0.997070313,0.972179618,0.999214818
0.1,7,0,1,31,18,0.912168323,0.862059315,-0.543915839,-1.456084161,0.84375,-0.505859375,0.168945313,-0.9921875,0.983772214,1.006468357
0.1,7,2,3,0,18,1,1.023698784,1.02561253,0.02561253,0.465820313,0.868164063,1,0.0546875,0.985239769,1.001494245
0.1,7,2,3,1,18,1,0.979644928,0.97438747,-0.02561253,0.55859375,0.8046875,0.998046875,-0.015625,0.979565695,0.998169177
0.1,7,2,3,2,18,1,1.014910146,-0.02561253,-1.02561253,1,-0.010742188,0.514648438,-0.848632813,1.000057696,0.992492148
0.1,7,2,3,3,18,1,1.02192148,0.02561253,-0.97438747,1,0.034179688,0.541015625,-0.8203125,1.000583955,0.982654825
0.1,7,2,3,4,18,1,0.985215627,1.02561253,0.02561253,0.518554688,0.852539063,0.998046875,0.0390625,0.997858616,0.998811015
0.1,7,2,3,5,18,1,0.96637791,0.97438747,-0.02561253,0.59375,0.8046875,0.999023438,-0.03125,1.000030517,0.999512077
0.1,7,2,3,6,18,1,1.007998294,-0.02561253,-1.02561253,0.999023438,-0.005859375,0.525390625,-0.84375,0.99904062,0.993956423
0.1,7,2,3,7,18,1,0.987777334,0.02561253,-0.97438747,1,-0.010742188,0.541015625,-0.83984375,1.000057696,0.999017233
0.1,7,2,3,8,18,1,0.988608047,1.02561253,0.02561253,0.534179688,0.852539063,1,0.022460938,1.006066992,1.000252215
0.1,7,2,3,9,18,1,1.056029924,0.97438747,-0.02561253,0.530273438,0.830078125,0.999023438,-0.053710938,0.984997265,1.000466238
0.1,7,2,3,10,18,1,1.022339254,-0.02561253,-1.02561253,1,-0.001953125,0.529296875,-0.870117188,1.000001907,1.01845918
0.1,7,2,3,11,18,1,1.009569134,0.02561253,-0.97438747,0.999023438,0.044921875,0.569335938,-0.821289063,1.000032901,0.999329342
0.1,7,2,3,12,18,1,0.976008634,1.02561253,0.02561253,0.516601563,0.844726563,0.999023438,0.045898438,0.990171773,1.000077245
0.1,7,2,3,13,18,1,0.968971315,0.97438747,-0.02561253,0.565429688,0.81640625,1,-0.00390625,0.993091082,1.000007629
0.1,7,2,3,14,18,1,1.017298652,-0.02561253,-1.02561253,0.999023438,-0.0234375,0.505859375,-0.86328125,0.999298326,1.000573947
0.1,7,2,3,15,18,1,0.964031593,0.02561253,-0.97438747,0.998046875,-0.0078125,0.55859375,-0.818359375,0.998077452,0.990827454
0.1,7,2,3,16,18,1,1.006216818,1.02561253,0.02561253,0.529296875,0.846679688,0.997070313,0.005859375,0.998509727,0.997087529
0.1,7,2,3,17,18,1,0.985118412,0.97438747,-0.02561253,0.55078125,0.809570313,0.999023438,-0.01171875,0.979164989,0.999092167
0.1,7,2,3,18,18,1,1.029110486,-0.02561253,-1.02561253,1,-0.002929688,0.516601563,-0.864257813,1.000004292,1.006885664
0.1,7,2,3,19,18,1,1.045637155,0.02561253,-0.97438747,1,0.037109375,0.543945313,-0.86328125,1.000688316,1.02035828
0.1,7,2,3,20,18,1,0.950514324,1.02561253,0.02561253,0.541992188,0.857421875,1,0.056640625,1.014360785,1.001602796
0.1,7,2,3,21,18,1,1.033479157,0.97438747,-0.02561253,0.528320313,0.833984375,0.999023438,-0.02734375,0.987244798,0.999397573
0.1,7,2,3,22,18,1,1.004937891,-0.02561253,-1.02561253,1,-0.014648438,0.528320313,-0.859375,1.000107283,1.008785281
0.1,7,2,3,23,18,1,1.015574939,0.02561253,-0.97438747,0.999023438,0.0390625,0.553710938,-0.819335938,0.999786831,0.988891895
0.1,7,2,3,24,18,1,0.990527802,1.02561253,0.02561253,0.510742188,0.8515625,1,0.040039063,0.992983521,1.000801242
0.1,7,2,3,25,18,1,1.037937401,0.97438747,-0.02561253,0.540039063,0.840820313,1,-0.038085938,0.999310256,1.000725007
0.1,7,2,3,26,18,1,0.988566972,-0.02561253,-1.02561253,0.998046875,-0.0390625,0.514648438,-0.852539063,0.998811015,0.995834257
0.1,7,2,3,27,18,1,0.983456722,0.02561253,-0.97438747,1,0.00390625,0.55859375,-0.83203125,1.000007629,1.00214918
0.1,7,2,3,28,18,1,1.020519796,1.02561253,0.02561253,0.521484375,0.861328125,0.999023438,0.005859375,1.006892294,0.99904062
0.1,7,2,3,29,18,1,1.027226992,0.97438747,-0.02561253,0.559570313,0.826171875,0.999023438,-0.051757813,0.997837112,1.000363284
0.1,7,2,3,30,18,1,0.933324682,-0.02561253,-1.02561253,0.999023438,-0.068359375,0.549804688,-0.859375,1.001359492,1.020201247
0.1,7,2,3,31,18,1,1.030293101,0.02561253,-0.97438747,0.998046875,0.043945313,0.555664063,-0.83984375,0.999013891,1.00702536
0.1,7,0,1,0,19,1.087831677,1.064696949,1.543915839,0.456084161,0.05078125,1,0.899414063,0.440429688,1.001288538,1.001460916
0.1,7,0,1,1,19,1.014618442,1.025662687,1.507309221,0.492690779,0.068359375,0.998046875,0.888671875,0.458984375,1.00038521,1.000202159
0.1,7,0,1,2,19,0.985381558,0.998433861,0.492690779,-0.492690779,0.874023438,0.49609375,0.876953125,-0.458984375,1.005000487,0.989804748
0.1,7,0,1,3,19,0.912168323,0.923740442,0.456084161,-0.456084161,0.913085938,0.431640625,0.899414063,-0.470703125,1.009970078,1.01513895
0.1,7,0,1,4,19,1.087831677,1.060178344,1.543915839,0.456084161,0.041015625,1,0.912109375,0.462890625,1.000840787,1.022844682
0.1,7,0,1,5,19,1.014618442,1.03182225,1.507309221,0.492690779,0.043945313,0.997070313,0.884765625,0.477539063,0.998038275,1.005412238
0.1,7,0,1,6,19,0.985381558,1.004742915,0.492690779,-0.492690779,0.86328125,0.474609375,0.876953125,-0.481445313,0.985143936,1.000418099
0.1,7,0,1,7,19,0.912168323,0.899999268,0.456084161,-0.456084161,0.899414063,0.418945313,0.891601563,-0.446289063,0.992199995,0.997059313
0.1,7,0,1,8,19,1.087831677,1.124733604,1.543915839,0.456084161,0.014648438,0.998046875,0.91015625,0.418945313,0.998154368,1.00194789
0.1,7,0,1,9,19,1.014618442,1.045907592,1.507309221,0.492690779,0.05859375,0.999023438,0.880859375,0.443359375,1.000740254,0.986144398
0.1,7,0,1,10,19,0.985381558,0.952579604,0.492690779,-0.492690779,0.881835938,0.450195313,0.893554688,-0.465820313,0.990106277,1.007684744
0.1,7,0,1,11,19,0.912168323,0.890653469,0.456084161,-0.456084161,0.888671875,0.418945313,0.901367188,-0.435546875,0.982472837,1.001081359
0.1,7,0,1,12,19,1.087831677,1.073184903,1.543915839,0.456084161,0.021484375,0.999023438,0.903320313,0.465820313,0.999254426,1.016354343
0.1,7,0,1,13,19,1.014618442,1.0190158,1.507309221,0.492690779,0.048828125,0.99609375,0.870117188,0.478515625,0.9972898,0.993016175
0.1,7,0,1,14,19,0.985381558,0.999422021,0.492690779,-0.492690779,0.879882813,0.46484375,0.879882813,-0.49609375,0.995124854,1.010100377
0.1,7,0,1,15,19,0.912168323,0.91726865,0.456084161,-0.456084161,0.8828125,0.44921875,0.899414063,-0.430664063,0.990532885,0.997204688
0.1,7,0,1,16,19,1.087831677,1.065052393,0.543915839,-0.543915839,0.856445313,0.508789063,0.848632813,-0.49609375,0.996175127,0.982998809
0.1,7,0,1,17,19,1.014618442,1.037313213,0.507309221,-0.507309221,0.8671875,0.501953125,0.85546875,-0.481445313,1.001983583,0.981639634
0.1,7,0,1,18,19,0.985381558,0.977956675,-0.507309221,-1.492690779,0.881835938,-0.479492188,0.094726563,-0.99609375,1.003766596,1.000587767
0.1,7,0,1,19,19,0.912168323,0.882937192,-0.543915839,-1.456084161,0.836914063,-0.521484375,0.130859375,-0.99609375,0.98608879,1.004652644
0.1,7,0,1,20,19,1.087831677,1.126538819,0.543915839,-0.543915839,0.831054688,0.506835938,0.87109375,-0.569335938,0.973413869,1.040647746
0.1,7,0,1,21,19,1.014618442,0.996794401,0.507309221,-0.507309221,0.854492188,0.46875,0.893554688,-0.482421875,0.974619649,1.015465827
0.1,7,0,1,22,19,0.985381558,0.95379645,-0.507309221,-1.492690779,0.875,-0.482421875,0.11328125,-0.997070313,0.999177595,1.003484853
0.1,7,0,1,23,19,0.912168323,0.917411721,-0.543915839,-1.456084161,0.872070313,-0.526367188,0.110351563,-0.99609375,1.018611332,1.00218772
0.1,7,0,1,24,19,1.087831677,1.083817546,0.543915839,-0.543915839,0.864257813,0.5234375,0.86328125,-0.516601563,1.010410007,1.006047559
0.1,7,0,1,25,19,1.014618442,1.001348896,0.507309221,-0.507309221,0.87890625,0.493164063,0.876953125,-0.467773438,1.007812973,0.993910847
0.1,7,0,1,26,19,0.985381558,0.936967298,-0.507309221,-1.492690779,0.874023438,-0.521484375,0.095703125,-0.995117188,1.017773512,0.99970861
0.1,7,0,1,27,19,0.912168323,0.903940118,-0.543915839,-1.456084161,0.854492188,-0.50390625,0.133789063,-0.9921875,0.992007262,1.001167093
0.1,7,0,1,28,19,1.087831677,1.076583069,0.543915839,-0.543915839,0.853515625,0.498046875,0.86328125,-0.52734375,0.988200188,1.011605628
0.1,7,0,1,29,19,1.014618442,1.007979217,0.507309221,-0.507309221,0.858398438,0.473632813,0.876953125,-0.483398438,0.980395797,1.001359492
0.1,7,0,1,30,19,0.985381558,0.978526407,-0.507309221,-1.492690779,0.875,-0.477539063,0.092773438,-0.998046875,0.996829251,1.002349478
0.1,7,0,1,31,19,0.912168323,0.916225559,-0.543915839,-1.456084161,0.849609375,-0.498046875,0.124023438,-0.9921875,0.9848283,0.99990892
0.1,7,2,3,0,19,1,1.003397431,1.02561253,0.02561253,0.529296875,0.850585938,0.998046875,0.010742188,1.001824146,0.998104684
0.1,7,2,3,1,19,1,0.971492352,0.97438747,-0.02561253,0.560546875,0.815429688,0.999023438,-0.002929688,0.989514211,0.999027733
0.1,7,2,3,2,19,1,1.010910996,-0.02561253,-1.02561253,0.999023438,-0.017578125,0.5078125,-0.842773438,0.999178072,0.983941361
0.1,7,2,3,3,19,1,1.007838468,0.02561253,-0.97438747,1,0.037109375,0.55859375,-0.81640625,1.000688316,0.989214912
0.1,7,2,3,4,19,1,1.031006833,1.02561253,0.02561253,0.499023438,0.857421875,0.999023438,0.012695313,0.992066864,0.999104098
0.1,7,2,3,5,19,1,0.960671208,0.97438747,-0.02561253,0.58203125,0.815429688,0.998046875,-0.009765625,1.00184128,0.998094651
0.1,7,2,3,6,19,1,0.991519505,-0.02561253,-1.02561253,0.999023438,-0.010742188,0.5390625,-0.84375,0.99908119,1.001250439
0.1,7,2,3,7,19,1,1.004273528,0.02561253,-0.97438747,0.999023438,0.038085938,0.57421875,-0.831054688,0.999749152,1.010138142
0.1,7,2,3,8,19,1,0.982446738,1.02561253,0.02561253,0.53125,0.860351563,0.999023438,0.03515625,1.011153487,0.999641831
0.1,7,2,3,9,19,1,0.957522464,0.97438747,-0.02561253,0.57421875,0.795898438,1,-0.01171875,0.981418104,1.000068662
0.1,7,2,3,10,19,1,1.04361407,-0.02561253,-1.02561253,1,-0.000976563,0.491210938,-0.845703125,1.000000477,0.978009182
0.1,7,2,3,11,19,1,1.030339271,0.02561253,-0.97438747,1,0.047851563,0.557617188,-0.8359375,1.001144231,1.004852443
0.1,7,2,3,12,19,1,1.007952426,1.02561253,0.02561253,0.477539063,0.8515625,0.999023438,0.051757813,0.976320771,1.000363284
0.1,7,2,3,13,19,1,1.045903815,0.97438747,-0.02561253,0.545898438,0.833984375,0.999023438,-0.0546875,0.996762279,1.000519141
0.1,7,2,3,14,19,1,1.052367875,-0.02561253,-1.02561253,1,0.004882813,0.494140625,-0.856445313,1.000011921,0.988773751
0.1,7,2,3,15,19,1,0.956467841,0.02561253,-0.97438747,1,-0.005859375,0.567382813,-0.814453125,1.000017166,0.992601203
0.1,7,2,3,16,19,1,1.041247781,1.02561253,0.02561253,0.505859375,0.864257813,1,0,1.001416633,1
0.1,7,2,3,17,19,1,0.976262372,0.97438747,-0.02561253,0.555664063,0.818359375,0.998046875,-0.001953125,0.989178759,0.998048786
0.1,7,2,3,18,19,1,0.989726705,-0.02561253,-1.02561253,0.999023438,-0.030273438,0.533203125,-0.868164063,0.999482021,1.018829923
0.1,7,2,3,19,19,1,0.992312081,0.02561253,-0.97438747,1,0.012695313,0.5703125,-0.849609375,1.000080582,1.023275348
0.1,7,2,3,20,19,1,0.974768312,1.02561253,0.02561253,0.541015625,0.844726563,0.999023438,0.026367188,1.003125551,0.999371331
0.1,7,2,3,21,19,1,0.962972012,0.97438747,-0.02561253,0.595703125,0.830078125,1,-0.014648438,1.021710285,1.000107283
0.1,7,2,3,22,19,1,1.008867925,-0.02561253,-1.02561253,0.999023438,-0.01171875,0.528320313,-0.861328125,0.999092167,1.010449648
0.1,7,2,3,23,19,1,0.957759363,0.02561253,-0.97438747,1,-0.008789063,0.568359375,-0.823242188,1.000038623,1.000379967
0.1,7,2,3,24,19,1,0.977383894,1.02561253,0.02561253,0.516601563,0.862304688,1,0.053710938,1.005209704,1.001441394
0.1,7,2,3,25,19,1,1.051085825,0.97438747,-0.02561253,0.563476563,0.83984375,0.999023438,-0.071289063,1.011357188,1.001563757
0.1,7,2,3,26,19,1,1.004078261,-0.02561253,-1.02561253,0.999023438,-0.03125,0.515625,-0.869140625,0.999512077,1.010581301
0.1,7,2,3,27,19,1,1.022121823,0.02561253,-0.97438747,0.999023438,0.044921875,0.567382813,-0.840820313,1.000032901,1.014348093
0.1,7,2,3,28,19,1,1.016195927,1.02561253,0.02561253,0.517578125,0.844726563,1,0.004882813,0.990681624,1.000011921
0.1,7,2,3,29,19,1,0.99302057,0.97438747,-0.02561253,0.549804688,0.837890625,1,-0.002929688,1.002170591,1.000004292
0.1,7,2,3,30,19,1,0.999000569,-0.02561253,-1.02561253,1,-0.0234375,0.516601563,-0.845703125,1.00027462,0.99100502
0.1,7,2,3,31,19,1,1.027448364,0.02561253,-0.97438747,1,0.03515625,0.529296875,-0.810546875,1.00061779,0.968060648
0,2,0,1,0,0,1,0.941514058,0.5,-0.5,0.876953125,0.446289063,0.875,-0.4453125,0.983982068,0.981798463
0,2,0,1,0,1,1,1.042716879,0.5,-0.5,0.87890625,0.4921875,0.845703125,-0.498046875,1.007335461,0.981460374
0,2,0,1,0,2,1,1.031362157,0.5,-0.5,0.887695313,0.51171875,0.869140625,-0.484375,1.024626296,0.994999782
0,2,0,1,0,3,1,0.985669456,0.5,-0.5,0.891601563,0.489257813,0.8828125,-0.463867188,1.017018463,0.997261589
0,2,0,1,0,4,1,0.987603571,0.5,-0.5,0.889648438,0.46875,0.8828125,-0.485351563,1.005584857,1.00743439
0,2,0,1,0,5,1,1.026336375,0.5,-0.5,0.857421875,0.483398438,0.872070313,-0.491210938,0.984299914,1.000897005
0,2,0,1,0,6,1,0.969830744,0.5,-0.5,0.872070313,0.4609375,0.872070313,-0.458007813,0.986392421,0.985026795
0,2,0,1,0,7,1,1.043837254,0.5,-0.5,0.87890625,0.5,0.870117188,-0.505859375,1.011175651,1.006477832
0,2,0,1,0,8,1,0.975956003,0.5,-0.5,0.872070313,0.452148438,0.880859375,-0.478515625,0.982316059,1.002442239
0,2,0,1,0,9,1,1.016023745,0.5,-0.5,0.877929688,0.509765625,0.87890625,-0.46875,1.015195316,0.99609375
0,2,0,1,0,10,1,0.97798804,0.5,-0.5,0.877929688,0.442382813,0.880859375,-0.494140625,0.983088546,1.009994156
0,2,0,1,0,11,1,0.984476747,0.5,-0.5,0.87109375,0.453125,0.873046875,-0.482421875,0.981899479,0.997467649
0,2,0,1,0,12,1,0.949501132,0.5,-0.5,0.8984375,0.458984375,0.887695313,-0.458984375,1.008888794,0.999334591
0,2,0,1,0,13,1,1.025117,0.5,-0.5,0.861328125,0.487304688,0.891601563,-0.499023438,0.989622149,1.021752288
0,2,0,1,0,14,1,0.961732006,0.5,-0.5,0.86328125,0.4921875,0.883789063,-0.419921875,0.993731881,0.978477127
0,2,0,1,0,15,1,1.014880801,0.5,-0.5,0.877929688,0.486328125,0.866210938,-0.483398438,1.003631198,0.991965442
0,2,0,1,0,16,1,0.998231047,0.5,-0.5,0.907226563,0.470703125,0.874023438,-0.5,1.022067252,1.006934441
0,2,0,1,0,17,1,0.992862757,0.5,-0.5,0.8828125,0.474609375,0.875,-0.477539063,1.002303332,0.996829251
0,2,0,1,0,18,1,1.032980855,0.5,-0.5,0.89453125,0.508789063,0.859375,-0.487304688,1.029102749,0.987922694
0,2,0,1,0,19,1,0.99418755,0.5,-0.5,0.885742188,0.482421875,0.881835938,-0.4765625,1.008598081,1.002370409
0,3,0,1,0,0,1,0.941514058,0.5,-0.5,0.876953125,0.446289063,0.875,-0.4453125,0.983982068,0.981798463
0,3,0,1,1,0,1,1.02747488,0.5,-0.5,0.8671875,0.49609375,0.889648438,-0.495117188,0.999061144,1.0181431
0,3,0,1,0,1,1,1.042716879,0.5,-0.5,0.87890625,0.4921875,0.845703125,-0.498046875,1.007335461,0.981460374
0,3,0,1,1,1,1,0.994490659,0.5,-0.5,0.875,0.46484375,0.880859375,-0.48828125,0.990810129,1.007140416
0,3,0,1,0,2,1,1.031362157,0.5,-0.5,0.887695313,0.51171875,0.869140625,-0.484375,1.024626296,0.994999782
0,3,0,1,1,2,1,1.01304914,0.5,-0.5,0.870117188,0.482421875,0.858398438,-0.4765625,0.99490441,0.981814491
0,3,0,1,0,3,1,0.985669456,0.5,-0.5,0.891601563,0.489257813,0.8828125,-0.463867188,1.017018463,0.997261589
0,3,0,1,1,3,1,1.015737516,0.5,-0.5,0.874023438,0.510742188,0.879882813,-0.465820313,1.012311489,0.995581402
0,3,0,1,0,4,1,0.987603571,0.5,-0.5,0.889648438,0.46875,0.8828125,-0.485351563,1.005584857,1.00743439
0,3,0,1,1,4,1,1.022847042,0.5,-0.5,0.877929688,0.514648438,0.889648438,-0.477539063,1.01765591,1.00971179
0,3,0,1,0,5,1,1.026336375,0.5,-0.5,0.857421875,0.483398438,0.872070313,-0.491210938,0.984299914,1.000897005
0,3,0,1,1,5,1,1.005239525,0.5,-0.5,0.875976563,0.484375,0.872070313,-0.4765625,1.000976563,0.993789941
0,3,0,1,0,6,1,0.969830744,0.5,-0.5,0.872070313,0.4609375,0.872070313,-0.458007813,0.986392421,0.985026795
0,3,0,1,1,6,1,0.998486933,0.5,-0.5,0.868164063,0.479492188,0.877929688,-0.47265625,0.99177699,0.997077964
0,3,0,1,0,7,1,1.043837254,0.5,-0.5,0.87890625,0.5,0.870117188,-0.505859375,1.011175651,1.006477832
0,3,0,1,1,7,1,1.028451367,0.5,-0.5,0.857421875,0.485351563,0.857421875,-0.483398438,0.98526058,0.984299914
0,3,0,1,0,8,1,0.975956003,0.5,-0.5,0.872070313,0.452148438,0.880859375,-0.478515625,0.982316059,1.002442239
0,3,0,1,1,8,1,1.055740217,0.5,-0.5,0.873046875,0.510742188,0.87890625,-0.510742188,1.011468451,1.016530264
0,3,0,1,0,9,1,1.016023745,0.5,-0.5,0.877929688,0.509765625,0.87890625,-0.46875,1.015195316,0.99609375
0,3,0,1,1,9,1,1.001169601,0.5,-0.5,0.87890625,0.481445313,0.895507813,-0.489257813,1.002130623,1.020444731
0,3,0,1,0,10,1,0.97798804,0.5,-0.5,0.877929688,0.442382813,0.880859375,-0.494140625,0.983088546,1.009994156
0,3,0,1,1,10,1,1.053472229,0.5,-0.5,0.861328125,0.529296875,0.858398438,-0.471679688,1.010960593,0.979453728
0,3,0,1,0,11,1,0.984476747,0.5,-0.5,0.87109375,0.453125,0.873046875,-0.482421875,0.981899479,0.997467649
0,3,0,1,1,11,1,0.972344774,0.5,-0.5,0.890625,0.439453125,0.876953125,-0.495117188,0.993142457,1.007068922
0,3,0,1,0,12,1,0.949501132,0.5,-0.5,0.8984375,0.458984375,0.887695313,-0.458984375,1.008888794,0.999334591
0,3,0,1,1,12,1,1.021704121,0.5,-0.5,0.865234375,0.478515625,0.883789063,-0.501953125,0.988740475,1.016385777
0,3,0,1,0,13,1,1.025117,0.5,-0.5,0.861328125,0.487304688,0.891601563,-0.499023438,0.989622149,1.021752288
0,3,0,1,1,13,1,1.031468842,0.5,-0.5,0.862304688,0.469726563,0.89453125,-0.52734375,0.981943185,1.038401458
0,3,0,1,0,14,1,0.961732006,0.5,-0.5,0.86328125,0.4921875,0.883789063,-0.419921875,0.993731881,0.978477127
0,3,0,1,1,14,1,0.980316783,0.5,-0.5,0.8671875,0.447265625,0.869140625,-0.479492188,0.975735978,0.992631948
0,3,0,1,0,15,1,1.014880801,0.5,-0.5,0.877929688,0.486328125,0.866210938,-0.483398438,1.003631198,0.991965442
0,3,0,1,1,15,1,0.986906054,0.5,-0.5,0.864257813,0.455078125,0.873046875,-0.479492188,0.976748517,0.996054017
0,3,0,1,0,16,1,0.998231047,0.5,-0.5,0.907226563,0.470703125,0.874023438,-0.5,1.022067252,1.006934441
0,3,0,1,1,16,1,0.985000202,0.5,-0.5,0.876953125,0.466796875,0.8828125,-0.477539063,0.993451612,1.003693911
0,3,0,1,0,17,1,0.992862757,0.5,-0.5,0.8828125,0.474609375,0.875,-0.477539063,1.002303332,0.996829251
0,3,0,1,1,17,1,0.987338456,0.5,-0.5,0.885742188,0.474609375,0.89453125,-0.483398438,1.004884711,1.016789165
0,3,0,1,0,18,1,1.032980855,0.5,-0.5,0.89453125,0.508789063,0.859375,-0.487304688,1.029102749,0.987922694
0,3,0,1,1,18,1,1.019945029,0.5,-0.5,0.853515625,0.458007813,0.858398438,-0.5,0.96863826,0.993402173
0,3,0,1,0,19,1,0.99418755,0.5,-0.5,0.885742188,0.482421875,0.881835938,-0.4765625,1.008598081,1.002370409
0,3,0,1,1,19,1,0.957149761,0.5,-0.5,0.8828125,0.455078125,0.8828125,-0.4609375,0.993203912,0.995902249
0,4,0,1,0,0,1,0.995714767,1,-4.00E-15,0.541992188,0.8203125,1,-0.008789063,0.983192824,1.000038623
0,4,0,1,1,0,1,1.009128971,1,0,0.528320313,0.850585938,1,0.005859375,1.001308539,1.000017166
0,4,0,1,2,0,1,0.96437106,0,-1,1,-0.028320313,0.553710938,-0.848632813,1.00040094,1.013298304
0,4,0,1,3,0,1,1.009160167,-4.00E-15,-1,0.999023438,-0.041015625,0.49609375,-0.865234375,0.999865046,0.997366298
0,4,2,3,0,0,1,0.983472291,1,2.00E-15,0.54296875,0.817382813,0.999023438,0.000976563,0.981289828,0.999023915
0,4,2,3,1,0,1,1.054252618,1,-2.00E-15,0.526367188,0.8515625,1,-0.037109375,1.001109938,1.000688316
0,4,2,3,2,0,1,1.045560715,-2.00E-15,-1,0.998046875,0.00390625,0.495117188,-0.846679688,0.998054519,0.980819822
0,4,2,3,3,0,1,0.976112759,2.00E-15,-1,0.999023438,-0.026367188,0.540039063,-0.845703125,0.999371331,1.003422127
0,4,0,1,0,1,1,1.003533273,1,-4.00E-15,0.537109375,0.846679688,1,0.001953125,1.002672915,1.000001907
0,4,0,1,1,1,1,1.007335245,1,0,0.540039063,0.833007813,1,-0.01171875,0.992745791,1.000068662
0,4,0,1,2,1,1,0.999196304,0,-1,0.999023438,-0.00390625,0.544921875,-0.854492188,0.999031074,1.013457818
0,4,0,1,3,1,1,0.976151439,-4.00E-15,-1,0.999023438,0.001953125,0.56640625,-0.833984375,0.999025347,1.00813986
0,4,2,3,0,1,1,0.999806978,1,2.00E-15,0.54296875,0.83984375,1,-0.002929688,1.000076291,1.000004292
0,4,2,3,1,1,1,1.004360415,1,-2.00E-15,0.565429688,0.827148438,1,-0.033203125,1.001940751,1.000551072
0,4,2,3,2,1,1,0.987068924,-2.00E-15,-1,1,-0.014648438,0.532226563,-0.83203125,1.000107283,0.987694849
0,4,2,3,3,1,1,1.004389675,2.00E-15,-1,1,-0.022460938,0.515625,-0.852539063,1.000252215,0.996339296
0,4,0,1,0,2,1,0.964690286,1,-4.00E-15,0.560546875,0.865234375,1,0.03125,1.030942929,1.000488162
0,4,0,1,1,2,1,1.03290732,1,0,0.533203125,0.838867188,1,-0.028320313,0.993983768,1.00040094
0,4,0,1,2,2,1,0.972550716,0,-1,1,-0.025390625,0.54296875,-0.841796875,1.00032229,1.001717047
0,4,0,1,3,2,1,0.990828123,-4.00E-15,-1,1,0.005859375,0.55078125,-0.830078125,1.000017166,0.996187572
0,4,2,3,0,2,1,0.986450132,1,2.00E-15,0.544921875,0.83984375,1,0.008789063,1.00113804,1.000038623
0,4,2,3,1,2,1,0.975682562,1,-2.00E-15,0.545898438,0.818359375,1,0.006835938,0.983726167,1.000023365
0,4,2,3,2,2,1,0.976089013,-2.00E-15,-1,0.998046875,-0.034179688,0.528320313,-0.841796875,0.998631972,0.993853275
0,4,2,3,3,2,1,1.044423264,2.00E-15,-1,1,0.012695313,0.508789063,-0.850585938,1.000080582,0.991142143
0,4,0,1,0,3,1,0.974443018,1,-4.00E-15,0.563476563,0.849609375,1,0.010742188,1.019481205,1.000057696
0,4,0,1,1,3,1,1.036755886,1,0,0.53515625,0.858398438,1,-0.0234375,1.011553305,1.00027462
0,4,0,1,2,3,1,0.956633046,0,-1,0.999023438,-0.018554688,0.560546875,-0.827148438,0.999195729,0.999193343
0,4,0,1,3,3,1,0.988214437,-4.00E-15,-1,0.999023438,-0.009765625,0.541015625,-0.838867188,0.999071167,0.998196406
0,4,2,3,0,3,1,1.006337332,1,2.00E-15,0.52734375,0.831054688,1,-0.000976563,0.984247593,1.000000477
0,4,2,3,1,3,1,1.033776524,1,-2.00E-15,0.526367188,0.8515625,0.999023438,-0.016601563,1.001109938,0.999161369
0,4,2,3,2,3,1,0.986982266,-2.00E-15,-1,1,0.000976563,0.55859375,-0.84375,1.000000477,1.011899718
0,4,2,3,3,3,1,0.979224631,2.00E-15,-1,1,-0.026367188,0.528320313,-0.833007813,1.000347554,0.986419976
0,4,0,1,0,4,1,0.924971567,1,-4.00E-15,0.559570313,0.838867188,1,0.057617188,1.008373489,1.001658495
0,4,0,1,1,4,1,0.986583244,1,0,0.529296875,0.861328125,1,0.033203125,1.010960593,1.000551072
0,4,0,1,2,4,1,1.041266712,0,-1,0.998046875,0.0078125,0.50390625,-0.845703125,0.998077452,0.984446689
0,4,0,1,3,4,1,1.042146608,-4.00E-15,-1,1,0.030273438,0.5234375,-0.836914063,1.000458136,0.987123075
0,4,2,3,0,4,1,1.007364875,1,2.00E-15,0.536132813,0.8359375,0.999023438,-0.006835938,0.993091082,0.999046825
0,4,2,3,1,4,1,1.009388026,1,-2.00E-15,0.547851563,0.83984375,1,-0.016601563,1.002735687,1.000137796
0,4,2,3,2,4,1,1.007226514,-2.00E-15,-1,1,0.00390625,0.5390625,-0.845703125,1.000007629,1.002896881
0,4,2,3,3,4,1,1.013057917,2.00E-15,-1,1,0.030273438,0.55078125,-0.826171875,1.000458136,0.992935019
0,4,0,1,0,5,1,1.031561049,1,-4.00E-15,0.508789063,0.842773438,1,-0.00390625,0.984445721,1.000007629
0,4,0,1,1,5,1,0.976786757,1,0,0.5390625,0.841796875,0.999023438,0.024414063,0.999605101,0.999321708
0,4,0,1,2,5,1,1.01812041,0,-1,1,0.014648438,0.541992188,-0.850585938,1.000107283,1.008589098
0,4,0,1,3,5,1,1.030313511,-4.00E-15,-1,1,0.00390625,0.524414063,-0.866210938,1.000007629,1.012586538
0,4,2,3,0,5,1,0.969005007,1,2.00E-15,0.5390625,0.822265625,0.999023438,0.021484375,0.983213678,0.999254426
0,4,2,3,1,5,1,0.950621136,1,-2.00E-15,0.56640625,0.840820313,0.999023438,0.02734375,1.013802169,0.999397573
0,4,2,3,2,5,1,0.993861875,-2.00E-15,-1,1,0.001953125,0.552734375,-0.845703125,1.000001907,1.01031137
0,4,2,3,3,5,1,1.012171693,2.00E-15,-1,1,0.01953125,0.541015625,-0.829101563,1.000190717,0.990003691
0,4,0,1,0,6,1,0.965347477,1,-4.00E-15,0.537109375,0.83203125,1,0.032226563,0.99033453,1.000519141
0,4,0,1,1,6,1,1.021497147,1,0,0.532226563,0.837890625,1,-0.016601563,0.992635791,1.000137796
0,4,0,1,2,6,1,1.012203622,0,-1,0.999023438,0.014648438,0.547851563,-0.848632813,0.999130825,1.010108403
0,4,0,1,3,6,1,1.006363902,-4.00E-15,-1,0.999023438,-0.008789063,0.534179688,-0.860351563,0.999062098,1.012695783
0,4,2,3,0,6,1,1.053286791,1,2.00E-15,0.518554688,0.861328125,1,-0.024414063,1.005378089,1.000297979
0,4,2,3,1,6,1,1.051712757,1,-2.00E-15,0.528320313,0.828125,1,-0.048828125,0.98230004,1.001191383
0,4,2,3,2,6,1,1.050336148,-2.00E-15,-1,1,0.041015625,0.521484375,-0.829101563,1.000840787,0.979466872
0,4,2,3,3,6,1,0.966949633,2.00E-15,-1,1,-0.002929688,0.581054688,-0.84765625,1.000004292,1.02768948
0,4,0,1,0,7,1,0.992153534,1,-4.00E-15,0.549804688,0.852539063,1,0.005859375,1.014449628,1.000017166
0,4,0,1,1,7,1,1.002093113,1,0,0.5078125,0.840820313,1,0.025390625,0.982268972,1.00032229
0,4,0,1,2,7,1,1.041646452,0,-1,1,0.034179688,0.52734375,-0.834960938,1.000583955,0.987548074
0,4,0,1,3,7,1,1.040316192,-4.00E-15,-1,1,0.038085938,0.532226563,-0.833007813,1.000725007,0.988517642
0,4,2,3,0,7,1,1.001246685,1,2.00E-15,0.533203125,0.856445313,1,0.012695313,1.008862798,1.000080582
0,4,2,3,1,7,1,1.001360329,1,-2.00E-15,0.541015625,0.850585938,1,0.002929688,1.008064652,1.000004292
0,4,2,3,2,7,1,1.048646356,-2.00E-15,-1,1,0.045898438,0.532226563,-0.833984375,1.001052779,0.989340716
0,4,2,3,3,7,1,0.998149483,2.00E-15,-1,1,-0.012695313,0.528320313,-0.842773438,1.000080582,0.994680562
0,4,0,1,0,8,1,0.983272165,1,-4.00E-15,0.540039063,0.821289063,1,0.005859375,0.982933321,1.000017166
0,4,0,1,1,8,1,0.982443125,1,0,0.537109375,0.860351563,1,0.030273438,1.014244197,1.000458136
0,4,0,1,2,8,1,0.987402249,0,-1,1,-0.009765625,0.541992188,-0.838867188,1.000047683,0.998726033
0,4,0,1,3,8,1,1.013516544,-4.00E-15,-1,0.998046875,0.01171875,0.545898438,-0.853515625,0.998115672,1.013160415
0,4,2,3,0,8,1,1.000589123,1,2.00E-15,0.588867188,0.836914063,1,-0.04296875,1.023322878,1.000922731
0,4,2,3,1,8,1,1.007470208,1,-2.00E-15,0.557617188,0.828125,1,-0.029296875,0.998362631,1.000429061
0,4,2,3,2,8,1,0.997560334,-2.00E-15,-1,0.998046875,-0.001953125,0.54296875,-0.844726563,0.998048786,1.004180277
0,4,2,3,3,8,1,0.967443964,2.00E-15,-1,1,-0.002929688,0.579101563,-0.845703125,1.000004292,1.024974339
0,4,0,1,0,9,1,1.004427441,1,-4.00E-15,0.54296875,0.861328125,1,0.00390625,1.01818525,1.000007629
0,4,0,1,1,9,1,0.990809622,1,0,0.543945313,0.842773438,1,0.006835938,1.003067081,1.000023365
0,4,0,1,2,9,1,1.015501642,0,-1,0.999023438,-0.017578125,0.504882813,-0.846679688,0.999178072,0.985785548
0,4,0,1,3,9,1,0.990467062,-4.00E-15,-1,1,-0.004882813,0.551757813,-0.850585938,1.000011921,1.013870367
0,4,2,3,0,9,1,1.00959939,1,2.00E-15,0.545898438,0.840820313,1,-0.014648438,1.002488854,1.000107283
0,4,2,3,1,9,1,1.042124239,1,-2.00E-15,0.53125,0.833007813,1,-0.0390625,0.987992195,1.000762649
0,4,2,3,2,9,1,1.029976168,-2.00E-15,-1,1,0.012695313,0.524414063,-0.848632813,1.000080582,0.997590978
0,4,2,3,3,9,1,1.000072347,2.00E-15,-1,1,0.001953125,0.545898438,-0.846679688,1.000001907,1.007408357
0,4,0,1,0,10,1,0.991330429,1,-4.00E-15,0.546875,0.81640625,1,-0.010742188,0.982645119,1.000057696
0,4,0,1,1,10,1,1.046070656,1,0,0.508789063,0.87109375,1,-0.00390625,1.008796625,1.000007629
0,4,0,1,2,10,1,0.997414854,0,-1,1,0.001953125,0.53515625,-0.825195313,1.000001907,0.983534197
0,4,0,1,3,10,1,1.074942796,-4.00E-15,-1,1,0.028320313,0.495117188,-0.856445313,1.00040094,0.989262151
0,4,2,3,0,10,1,1.015736624,1,2.00E-15,0.520507813,0.848632813,1,0.004882813,0.995543085,1.000011921
0,4,2,3,1,10,1,0.96659035,1,-2.00E-15,0.546875,0.84765625,1,0.03125,1.008758338,1.000488162
0,4,2,3,2,10,1,0.987747475,-2.00E-15,-1,1,-0.013671875,0.548828125,-0.857421875,1.000093456,1.018029755
0,4,2,3,3,10,1,1.022463396,2.00E-15,-1,1,0.01171875,0.530273438,-0.845703125,1.000068662,0.998200227
0,4,0,1,0,11,1,1.037734735,1,-4.00E-15,0.52734375,0.82421875,1,-0.036132813,0.978482488,1.000652577
0,4,0,1,1,11,1,0.97924642,1,0,0.572265625,0.8203125,1,-0.017578125,1.000200252,1.000154483
0,4,0,1,2,11,1,0.982472415,0,-1,1,0.008789063,0.568359375,-0.8359375,1.000038623,1.010853047
0,4,0,1,3,11,1,0.985258873,-4.00E-15,-1,1,-0.008789063,0.538085938,-0.827148438,1.000038623,0.986767964
0,4,2,3,0,11,1,0.985840443,1,2.00E-15,0.521484375,0.83984375,1,0.029296875,0.988576491,1.000429061
0,4,2,3,1,11,1,1.014670935,1,-2.00E-15,0.522460938,0.853515625,1,0.006835938,1.000726912,1.000023365
0,4,2,3,2,11,1,1.009439808,-2.00E-15,-1,1,0.01953125,0.54296875,-0.827148438,1.000190717,0.989439034
0,4,2,3,3,11,1,1.009074052,2.00E-15,-1,1,0.053710938,0.565429688,-0.799804688,1.001441394,0.97948878
0,4,0,1,0,12,1,0.976248814,1,-4.00E-15,0.571289063,0.829101563,1,-0.008789063,1.006866721,1.000038623
0,4,0,1,1,12,1,1.007276973,1,0,0.525390625,0.836914063,1,0.002929688,0.988160137,1.000004292
0,4,0,1,2,12,1,1.010010057,0,-1,0.999023438,-0.006835938,0.514648438,-0.83203125,0.999046825,0.978334818
0,4,0,1,3,12,1,0.96963012,-4.00E-15,-1,1,0.0078125,0.576171875,-0.826171875,1.000030517,1.007240784
0,4,2,3,0,12,1,0.981108385,1,2.00E-15,0.561523438,0.825195313,1,-0.0078125,0.998126182,1.000030517
0,4,2,3,1,12,1,0.967928218,1,-2.00E-15,0.552734375,0.859375,0.998046875,0.03125,1.021783088,0.998535992
0,4,2,3,2,12,1,0.989199839,-2.00E-15,-1,1,0.029296875,0.577148438,-0.82421875,1.000429061,1.006199218
0,4,2,3,3,12,1,1.006091544,2.00E-15,-1,0.999023438,-0.010742188,0.52734375,-0.852539063,0.99908119,1.00245413
0,4,0,1,0,13,1,1.030113841,1,-4.00E-15,0.5078125,0.849609375,0.999023438,0.001953125,0.989802821,0.999025347
0,4,0,1,1,13,1,1.026484821,1,0,0.504882813,0.8359375,1,0.000976563,0.976574707,1.000000477
0,4,0,1,2,13,1,1.037538081,0,-1,1,0.014648438,0.524414063,-0.859375,1.000107283,1.006745002
0,4,0,1,3,13,1,0.993657971,-4.00E-15,-1,1,-0.005859375,0.54296875,-0.844726563,1.000017166,1.004180277
0,4,2,3,0,13,1,1.011590758,1,2.00E-15,0.549804688,0.813476563,1,-0.03515625,0.981849944,1.00061779
0,4,2,3,1,13,1,1.002129576,1,-2.00E-15,0.514648438,0.830078125,1,0.013671875,0.97667431,1.000093456
0,4,2,3,2,13,1,1.004243519,-2.00E-15,-1,1,0.026367188,0.5546875,-0.823242188,1.000347554,0.992676142
0,4,2,3,3,13,1,0.960134761,2.00E-15,-1,1,-0.036132813,0.546875,-0.844726563,1.000652577,1.006297784
0,4,0,1,0,14,1,1.014013328,1,-4.00E-15,0.522460938,0.846679688,1,0.00390625,0.994902972,1.000007629
0,4,0,1,1,14,1,0.998389061,1,0,0.5234375,0.819335938,1,0.00390625,0.972264468,1.000007629
0,4,0,1,2,14,1,0.962499107,0,-1,0.999023438,-0.006835938,0.581054688,-0.846679688,0.999046825,1.026884143
0,4,0,1,3,14,1,0.985350165,-4.00E-15,-1,0.999023438,0.006835938,0.564453125,-0.838867188,0.999046825,1.011091237
0,4,2,3,0,14,1,0.981719825,1,2.00E-15,0.551757813,0.83984375,1,0.0078125,1.00487522,1.000030517
0,4,2,3,1,14,1,0.951354597,1,-2.00E-15,0.549804688,0.834960938,0.999023438,0.037109375,0.999722442,0.999712426
0,4,2,3,2,14,1,1.033690469,-2.00E-15,-1,1,0.028320313,0.520507813,-0.8203125,1.00040094,0.971514787
0,4,2,3,3,14,1,0.947919398,2.00E-15,-1,1,-0.03515625,0.561523438,-0.842773438,1.00061779,1.012707084
0,4,0,1,0,15,1,1.009735879,1,-4.00E-15,0.541992188,0.84765625,0.998046875,-0.0078125,1.0061196,0.998077452
0,4,0,1,1,15,1,1.022205607,1,0,0.521484375,0.822265625,1,-0.016601563,0.973687173,1.000137796
0,4,0,1,2,15,1,0.943706002,0,-1,0.999023438,-0.047851563,0.557617188,-0.852539063,1.000168786,1.018704953
0,4,0,1,3,15,1,0.989407039,-4.00E-15,-1,1,0.00390625,0.552734375,-0.833984375,1.000007629,1.000522477
0,4,2,3,0,15,1,1.002929171,1,2.00E-15,0.504882813,0.83203125,1,0.022460938,0.973233094,1.000252215
0,4,2,3,1,15,1,0.962327417,1,-2.00E-15,0.5625,0.834960938,1,0.015625,1.006760159,1.000122063
0,4,2,3,2,15,1,0.98641168,-2.00E-15,-1,1,-0.018554688,0.537109375,-0.845703125,1.000172123,1.00184842
0,4,2,3,3,15,1,0.952307069,2.00E-15,-1,1,-0.028320313,0.5546875,-0.828125,1.00040094,0.99672927
0,4,0,1,0,16,1,0.98251987,1,-4.00E-15,0.586914063,0.834960938,1,-0.024414063,1.020601726,1.000297979
0,4,0,1,1,16,1,0.997834746,1,0,0.543945313,0.8359375,1,-0.00390625,0.99733044,1.000007629
0,4,0,1,2,16,1,1.014990646,0,-1,1,0.001953125,0.521484375,-0.8359375,1.000001907,0.985260096
0,4,0,1,3,16,1,1.00384605,-4.00E-15,-1,0.999023438,0,0.545898438,-0.857421875,0.999023438,1.016453332
0,4,2,3,0,16,1,1.04030708,1,2.00E-15,0.509765625,0.861328125,1,-0.00390625,1.000873184,1.000007629
0,4,2,3,1,16,1,1.0193483,1,-2.00E-15,0.521484375,0.834960938,1,-0.006835938,0.984431674,1.000023365
0,4,2,3,2,16,1,0.992634637,-2.00E-15,-1,1,0.008789063,0.5703125,-0.857421875,1.000038623,1.029771149
0,4,2,3,3,16,1,0.990709029,2.00E-15,-1,1,-0.016601563,0.54296875,-0.859375,1.000137796,1.016533548
0,4,0,1,0,17,1,0.986180843,1,-4.00E-15,0.549804688,0.837890625,0.999023438,0.00390625,1.002170591,0.999031074
0,4,0,1,1,17,1,0.998956826,1,0,0.556640625,0.8359375,1,-0.015625,1.004310853,1.000122063
0,4,0,1,2,17,1,0.98884171,0,-1,1,-0.018554688,0.541015625,-0.856445313,1.000172123,1.013013563
0,4,0,1,3,17,1,1.002659704,-4.00E-15,-1,1,0.009765625,0.541992188,-0.831054688,1.000047683,0.992173082
0,4,2,3,0,17,1,0.989227066,1,2.00E-15,0.553710938,0.84765625,1,0.002929688,1.012480578,1.000004292
0,4,2,3,1,17,1,0.990117272,1,-2.00E-15,0.528320313,0.8515625,1,0.025390625,1.002138236,1.00032229
0,4,2,3,2,17,1,0.982914709,-2.00E-15,-1,1,-0.026367188,0.528320313,-0.83984375,1.000347554,0.992199515
0,4,2,3,3,17,1,0.939240471,2.00E-15,-1,0.999023438,-0.040039063,0.561523438,-0.8359375,0.999825462,1.00702536
0,4,0,1,0,18,1,1.009728894,1,-4.00E-15,0.569335938,0.862304688,0.999023438,-0.022460938,1.033301884,0.999275899
0,4,0,1,1,18,1,1.026767039,1,0,0.49609375,0.831054688,1,0.005859375,0.967864093,1.000017166
0,4,0,1,2,18,1,0.954782606,0,-1,0.999023438,-0.0390625,0.560546875,-0.861328125,0.999786831,1.027666745
0,4,0,1,3,18,1,0.975203736,-4.00E-15,-1,1,0,0.560546875,-0.827148438,1,0.999193343
0,4,2,3,0,18,1,1.03141606,1,2.00E-15,0.524414063,0.833007813,0.999023438,-0.022460938,0.98433334,0.999275899
0,4,2,3,1,18,1,1.011730105,1,-2.00E-15,0.5234375,0.833007813,1,-0.001953125,0.983813413,1.000001907
0,4,2,3,2,18,1,0.95240906,-2.00E-15,-1,1,-0.026367188,0.563476563,-0.837890625,1.000347554,1.009735874
0,4,2,3,3,18,1,1.018786553,2.00E-15,-1,1,0.020507813,0.540039063,-0.837890625,1.000210263,0.996846472
0,4,0,1,0,19,1,0.980580457,1,-4.00E-15,0.560546875,0.845703125,1,0.004882813,1.014606611,1.000011921
0,4,0,1,1,19,1,0.969462538,1,0,0.548828125,0.829101563,1,0.016601563,0.99429458,1.000137796
0,4,0,1,2,19,1,0.963345584,0,-1,1,-0.0390625,0.528320313,-0.827148438,1.000762649,0.981476892
0,4,0,1,3,19,1,0.98132157,-4.00E-15,-1,1,-0.030273438,0.5390625,-0.861328125,1.000458136,1.016107533
0,4,2,3,0,19,1,0.974680036,1,2.00E-15,0.553710938,0.838867188,1,0.012695313,1.005133802,1.000080582
0,4,2,3,1,19,1,1.03826202,1,-2.00E-15,0.522460938,0.828125,0.999023438,-0.030273438,0.979161093,0.999482021
0,4,2,3,2,19,1,0.987431996,-2.00E-15,-1,1,-0.025390625,0.530273438,-0.849609375,1.00032229,1.001511861
0,4,2,3,3,19,1,0.979038469,2.00E-15,-1,1,-0.030273438,0.533203125,-0.84765625,1.000458136,1.001412348
0,5,0,1,0,0,1,0.995714767,1,-4.00E-15,0.541992188,0.8203125,1,-0.008789063,0.983192824,1.000038623
0,5,0,1,1,0,1,1.009128971,1,0,0.528320313,0.850585938,1,0.005859375,1.001308539,1.000017166
0,5,0,1,2,0,1,0.96437106,0,-1,1,-0.028320313,0.553710938,-0.848632813,1.00040094,1.013298304
0,5,0,1,3,0,1,1.009160167,-4.00E-15,-1,0.999023438,-0.041015625,0.49609375,-0.865234375,0.999865046,0.997366298
0,5,0,1,4,0,1,0.983472291,1,-4.00E-15,0.54296875,0.817382813,0.999023438,0.000976563,0.981289828,0.999023915
0,5,0,1,5,0,1,1.054252618,1,0,0.526367188,0.8515625,1,-0.037109375,1.001109938,1.000688316
0,5,0,1,6,0,1,1.045560715,0,-1,0.998046875,0.00390625,0.495117188,-0.846679688,0.998054519,0.980819822
0,5,0,1,7,0,1,0.976112759,-4.00E-15,-1,0.999023438,-0.026367188,0.540039063,-0.845703125,0.999371331,1.003422127
0,5,2,3,0,0,1,0.9927977,1,2.00E-15,0.53515625,0.858398438,0.999023438,0.020507813,1.011553305,0.999233906
0,5,2,3,1,0,1,1.027570497,1,-2.00E-15,0.53515625,0.844726563,1,-0.021484375,0.999977588,1.000230763
0,5,2,3,2,0,1,0.967602264,-2.00E-15,-1,1,-0.014648438,0.552734375,-0.828125,1.000107283,0.995643664
0,5,2,3,3,0,1,1.005651221,2.00E-15,-1,1,0.010742188,0.547851563,-0.84375,1.000057696,1.006009641
0,5,2,3,4,0,1,0.993239647,1,2.00E-15,0.538085938,0.813476563,1,-0.006835938,0.975336144,1.000023365
0,5,2,3,5,0,1,1.010848796,1,-2.00E-15,0.556640625,0.850585938,1,-0.01953125,1.016535893,1.000190717
0,5,2,3,6,0,1,1.008357217,-2.00E-15,-1,1,0.00390625,0.5234375,-0.823242188,1.000007629,0.975558566
0,5,2,3,7,0,1,1.019849109,2.00E-15,-1,1,0.032226563,0.5546875,-0.840820313,1.000519141,1.007301852
0,5,0,1,0,1,1,1.003533273,1,-4.00E-15,0.537109375,0.846679688,1,0.001953125,1.002672915,1.000001907
0,5,0,1,1,1,1,1.007335245,1,0,0.540039063,0.833007813,1,-0.01171875,0.992745791,1.000068662
0,5,0,1,2,1,1,0.999196304,0,-1,0.999023438,-0.00390625,0.544921875,-0.854492188,0.999031074,1.013457818
0,5,0,1,3,1,1,0.976151439,-4.00E-15,-1,0.999023438,0.001953125,0.56640625,-0.833984375,0.999025347,1.00813986
0,5,0,1,4,1,1,0.999806978,1,-4.00E-15,0.54296875,0.83984375,1,-0.002929688,1.000076291,1.000004292
0,5,0,1,5,1,1,1.004360415,1,0,0.565429688,0.827148438,1,-0.033203125,1.001940751,1.000551072
0,5,0,1,6,1,1,0.987068924,0,-1,1,-0.014648438,0.532226563,-0.83203125,1.000107283,0.987694849
0,5,0,1,7,1,1,1.004389675,-4.00E-15,-1,1,-0.022460938,0.515625,-0.852539063,1.000252215,0.996339296
0,5,2,3,0,1,1,0.987508947,1,2.00E-15,0.557617188,0.848632813,1,0.001953125,1.015438121,1.000001907
0,5,2,3,1,1,1,1.027985004,1,-2.00E-15,0.52734375,0.834960938,1,-0.020507813,0.987548074,1.000210263
0,5,2,3,2,1,1,1.033447048,-2.00E-15,-1,1,0.026367188,0.530273438,-0.838867188,1.000347554,0.992415274
0,5,2,3,3,1,1,1.012715141,2.00E-15,-1,1,-0.0078125,0.506835938,-0.826171875,1.000030517,0.96924849
0,5,2,3,4,1,1,1.004717315,1,2.00E-15,0.545898438,0.840820313,1,-0.009765625,1.002488854,1.000047683
0,5,2,3,5,1,1,0.987579189,1,-2.00E-15,0.52734375,0.837890625,1,0.021484375,0.990026328,1.000230763
0,5,2,3,6,1,1,1.029107993,-2.00E-15,-1,1,0.0390625,0.551757813,-0.840820313,1.000762649,1.005691544
0,5,2,3,7,1,1,1.046353399,2.00E-15,-1,1,0.018554688,0.50390625,-0.834960938,1.000172123,0.97523396
0,5,0,1,0,2,1,0.964690286,1,-4.00E-15,0.560546875,0.865234375,1,0.03125,1.030942929,1.000488162
0,5,0,1,1,2,1,1.03290732,1,0,0.533203125,0.838867188,1,-0.028320313,0.993983768,1.00040094
0,5,0,1,2,2,1,0.972550716,0,-1,1,-0.025390625,0.54296875,-0.841796875,1.00032229,1.001717047
0,5,0,1,3,2,1,0.990828123,-4.00E-15,-1,1,0.005859375,0.55078125,-0.830078125,1.000017166,0.996187572
0,5,0,1,4,2,1,0.986450132,1,-4.00E-15,0.544921875,0.83984375,1,0.008789063,1.00113804,1.000038623
0,5,0,1,5,2,1,0.975682562,1,0,0.545898438,0.818359375,1,0.006835938,0.983726167,1.000023365
0,5,0,1,6,2,1,0.976089013,0,-1,0.998046875,-0.034179688,0.528320313,-0.841796875,0.998631972,0.993853275
0,5,0,1,7,2,1,1.044423264,-4.00E-15,-1,1,0.012695313,0.508789063,-0.850585938,1.000080582,0.991142143
0,5,2,3,0,2,1,0.964143751,1,2.00E-15,0.5703125,0.842773438,0.999023438,0.01171875,1.017606709,0.999092167
0,5,2,3,1,2,1,0.991138527,1,-2.00E-15,0.541992188,0.817382813,1,-0.005859375,0.980749812,1.000017166
0,5,2,3,2,2,1,1.022535492,-2.00E-15,-1,0.999023438,0.017578125,0.55078125,-0.8671875,0.999178072,1.027314044
0,5,2,3,3,2,1,0.963820868,2.00E-15,-1,1,-0.022460938,0.557617188,-0.842773438,1.000252215,1.010546384
0,5,2,3,4,2,1,1.050542218,1,2.00E-15,0.513671875,0.834960938,0.999023438,-0.03125,0.980315542,0.999512077
0,5,2,3,5,2,1,1.02732064,1,-2.00E-15,0.498046875,0.844726563,1,0.010742188,0.980619016,1.000057696
0,5,2,3,6,2,1,0.980278686,-2.00E-15,-1,1,-0.006835938,0.552734375,-0.836914063,1.000023365,1.002965821
0,5,2,3,7,2,1,0.985719198,2.00E-15,-1,1,0.01171875,0.571289063,-0.840820313,1.000068662,1.016538239
0,5,0,1,0,3,1,0.974443018,1,-4.00E-15,0.563476563,0.849609375,1,0.010742188,1.019481205,1.000057696
0,5,0,1,1,3,1,1.036755886,1,0,0.53515625,0.858398438,1,-0.0234375,1.011553305,1.00027462
0,5,0,1,2,3,1,0.956633046,0,-1,0.999023438,-0.018554688,0.560546875,-0.827148438,0.999195729,0.999193343
0,5,0,1,3,3,1,0.988214437,-4.00E-15,-1,0.999023438,-0.009765625,0.541015625,-0.838867188,0.999071167,0.998196406
0,5,0,1,4,3,1,1.006337332,1,-4.00E-15,0.52734375,0.831054688,1,-0.000976563,0.984247593,1.000000477
0,5,0,1,5,3,1,1.033776524,1,0,0.526367188,0.8515625,0.999023438,-0.016601563,1.001109938,0.999161369
0,5,0,1,6,3,1,0.986982266,0,-1,1,0.000976563,0.55859375,-0.84375,1.000000477,1.011899718
0,5,0,1,7,3,1,0.979224631,-4.00E-15,-1,1,-0.026367188,0.528320313,-0.833007813,1.000347554,0.986419976
0,5,2,3,0,3,1,0.990691522,1,2.00E-15,0.53515625,0.837890625,1,0.01171875,0.994209692,1.000068662
0,5,2,3,1,3,1,0.97503637,1,-2.00E-15,0.555664063,0.830078125,1,0.005859375,0.998895512,1.000017166
0,5,2,3,2,3,1,1.037895797,-2.00E-15,-1,0.999023438,0.014648438,0.512695313,-0.840820313,0.999130825,0.984802153
0,5,2,3,3,3,1,0.964662027,2.00E-15,-1,1,-0.014648438,0.563476563,-0.838867188,1.000107283,1.010546384
0,5,2,3,4,3,1,1.013088384,1,2.00E-15,0.530273438,0.842773438,1,-0.00390625,0.995719331,1.000007629
0,5,2,3,5,3,1,1.018330441,1,-2.00E-15,0.547851563,0.833007813,1,-0.029296875,0.997017227,1.000429061
0,5,2,3,6,3,1,1.002719736,-2.00E-15,-1,0.999023438,-0.016601563,0.516601563,-0.83984375,0.999161369,0.986009482
0,5,2,3,7,3,1,1.006444748,2.00E-15,-1,1,0.005859375,0.534179688,-0.833007813,1.000017166,0.989570591
0,5,0,1,0,4,1,0.924971567,1,-4.00E-15,0.559570313,0.838867188,1,0.057617188,1.008373489,1.001658495
0,5,0,1,1,4,1,0.986583244,1,0,0.529296875,0.861328125,1,0.033203125,1.010960593,1.000551072
0,5,0,1,2,4,1,1.041266712,0,-1,0.998046875,0.0078125,0.50390625,-0.845703125,0.998077452,0.984446689
0,5,0,1,3,4,1,1.042146608,-4.00E-15,-1,1,0.030273438,0.5234375,-0.836914063,1.000458136,0.987123075
0,5,0,1,4,4,1,1.007364875,1,-4.00E-15,0.536132813,0.8359375,0.999023438,-0.006835938,0.993091082,0.999046825
0,5,0,1,5,4,1,1.009388026,1,0,0.547851563,0.83984375,1,-0.016601563,1.002735687,1.000137796
0,5,0,1,6,4,1,1.007226514,0,-1,1,0.00390625,0.5390625,-0.845703125,1.000007629,1.002896881
0,5,0,1,7,4,1,1.013057917,-4.00E-15,-1,1,0.030273438,0.55078125,-0.826171875,1.000458136,0.992935019
0,5,2,3,0,4,1,1.047391696,1,2.00E-15,0.532226563,0.838867188,1,-0.041992188,0.993460252,1.000881284
0,5,2,3,1,4,1,1.015517265,1,-2.00E-15,0.512695313,0.844726563,0.999023438,0.009765625,0.988139387,0.999071167
0,5,2,3,2,4,1,1.018478564,-2.00E-15,-1,1,0.000976563,0.512695313,-0.830078125,1.000000477,0.975646543
0,5,2,3,3,4,1,1.005823014,2.00E-15,-1,1,0.009765625,0.543945313,-0.83984375,1.000047683,1.00060683
0,5,2,3,4,4,1,1.014010062,1,2.00E-15,0.543945313,0.819335938,1,-0.029296875,0.983457107,1.000429061
0,5,2,3,5,4,1,1.016486519,1,-2.00E-15,0.517578125,0.858398438,1,0.01171875,1.002364701,1.000068662
0,5,2,3,6,4,1,1.006885098,-2.00E-15,-1,1,0.015625,0.560546875,-0.856445313,1.000122063,1.023577731
0,5,2,3,7,4,1,1.009822495,2.00E-15,-1,1,0.001953125,0.536132813,-0.849609375,1.000001907,1.004626539
0,5,0,1,0,5,1,1.031561049,1,-4.00E-15,0.508789063,0.842773438,1,-0.00390625,0.984445721,1.000007629
0,5,0,1,1,5,1,0.976786757,1,0,0.5390625,0.841796875,0.999023438,0.024414063,0.999605101,0.999321708
0,5,0,1,2,5,1,1.01812041,0,-1,1,0.014648438,0.541992188,-0.850585938,1.000107283,1.008589098
0,5,0,1,3,5,1,1.030313511,-4.00E-15,-1,1,0.00390625,0.524414063,-0.866210938,1.000007629,1.012586538
0,5,0,1,4,5,1,0.969005007,1,-4.00E-15,0.5390625,0.822265625,0.999023438,0.021484375,0.983213678,0.999254426
0,5,0,1,5,5,1,0.950621136,1,0,0.56640625,0.840820313,0.999023438,0.02734375,1.013802169,0.999397573
0,5,0,1,6,5,1,0.993861875,0,-1,1,0.001953125,0.552734375,-0.845703125,1.000001907,1.01031137
0,5,0,1,7,5,1,1.012171693,-4.00E-15,-1,1,0.01953125,0.541015625,-0.829101563,1.000190717,0.990003691
0,5,2,3,0,5,1,0.958262061,1,2.00E-15,0.564453125,0.85546875,1,0.029296875,1.02490688,1.000429061
0,5,2,3,1,5,1,1.005345648,1,-2.00E-15,0.499023438,0.83984375,0.999023438,0.029296875,0.976914487,0.999452918
0,5,2,3,2,5,1,0.965118875,-2.00E-15,-1,1,-0.028320313,0.541992188,-0.83203125,1.00040094,0.992991205
0,5,2,3,3,5,1,1.007110291,2.00E-15,-1,1,0.006835938,0.543945313,-0.84765625,1.000023365,1.007173084
0,5,2,3,4,5,1,1.005727547,1,2.00E-15,0.522460938,0.84765625,0.999023438,0.012695313,0.995734176,0.999104098
0,5,2,3,5,5,1,1.004606617,1,-2.00E-15,0.530273438,0.837890625,1,0.001953125,0.991589944,1.000001907
0,5,2,3,6,5,1,1.025206409,-2.00E-15,-1,1,0.00390625,0.510742188,-0.833984375,1.000007629,0.977950674
0,5,2,3,7,5,1,0.972473586,2.00E-15,-1,1,-0.006835938,0.563476563,-0.838867188,1.000023365,1.010546384
0,5,0,1,0,6,1,0.965347477,1,-4.00E-15,0.537109375,0.83203125,1,0.032226563,0.99033453,1.000519141
0,5,0,1,1,6,1,1.021497147,1,0,0.532226563,0.837890625,1,-0.016601563,0.992635791,1.000137796
0,5,0,1,2,6,1,1.012203622,0,-1,0.999023438,0.014648438,0.547851563,-0.848632813,0.999130825,1.010108403
0,5,0,1,3,6,1,1.006363902,-4.00E-15,-1,0.999023438,-0.008789063,0.534179688,-0.860351563,0.999062098,1.012695783
0,5,0,1,4,6,1,1.053286791,1,-4.00E-15,0.518554688,0.861328125,1,-0.024414063,1.005378089,1.000297979
0,5,0,1,5,6,1,1.051712757,1,0,0.528320313,0.828125,1,-0.048828125,0.98230004,1.001191383
0,5,0,1,6,6,1,1.050336148,0,-1,1,0.041015625,0.521484375,-0.829101563,1.000840787,0.979466872
0,5,0,1,7,6,1,0.966949633,-4.00E-15,-1,1,-0.002929688,0.581054688,-0.84765625,1.000004292,1.02768948
0,5,2,3,0,6,1,1.027895153,1,2.00E-15,0.53125,0.861328125,1,-0.009765625,1.011984536,1.000047683
0,5,2,3,1,6,1,1.023150524,1,-2.00E-15,0.506835938,0.831054688,1,0,0.973413869,1
0,5,2,3,2,6,1,0.988935383,-2.00E-15,-1,1,0.002929688,0.55859375,-0.84375,1.000004292,1.011899718
0,5,2,3,3,6,1,0.997312571,2.00E-15,-1,0.999023438,0.018554688,0.559570313,-0.83203125,0.999195729,1.002693839
0,5,2,3,4,6,1,0.994430862,1,2.00E-15,0.5546875,0.8515625,1,-0.000976563,1.016285843,1.000000477
0,5,2,3,5,6,1,0.998630739,1,-2.00E-15,0.537109375,0.833984375,1,0,0.991976017,1
0,5,2,3,6,6,1,0.99738929,-2.00E-15,-1,0.999023438,0,0.553710938,-0.857421875,0.999023438,1.020670404
0,5,2,3,7,6,1,1.018165803,2.00E-15,-1,1,0.022460938,0.536132813,-0.827148438,1.000252215,0.985704281
0,5,0,1,0,7,1,0.992153534,1,-4.00E-15,0.549804688,0.852539063,1,0.005859375,1.014449628,1.000017166
0,5,0,1,1,7,1,1.002093113,1,0,0.5078125,0.840820313,1,0.025390625,0.982268972,1.00032229
0,5,0,1,2,7,1,1.041646452,0,-1,1,0.034179688,0.52734375,-0.834960938,1.000583955,0.987548074
0,5,0,1,3,7,1,1.040316192,-4.00E-15,-1,1,0.038085938,0.532226563,-0.833007813,1.000725007,0.988517642
0,5,0,1,4,7,1,1.001246685,1,-4.00E-15,0.533203125,0.856445313,1,0.012695313,1.008862798,1.000080582
0,5,0,1,5,7,1,1.001360329,1,0,0.541015625,0.850585938,1,0.002929688,1.008064652,1.000004292
0,5,0,1,6,7,1,1.048646356,0,-1,1,0.045898438,0.532226563,-0.833984375,1.001052779,0.989340716
0,5,0,1,7,7,1,0.998149483,-4.00E-15,-1,1,-0.012695313,0.528320313,-0.842773438,1.000080582,0.994680562
0,5,2,3,0,7,1,0.981214777,1,2.00E-15,0.572265625,0.85546875,1,0,1.029230163,1
0,5,2,3,1,7,1,1.028659302,1,-2.00E-15,0.528320313,0.850585938,1,-0.013671875,1.001308539,1.000093456
0,5,2,3,2,7,1,1.018534076,-2.00E-15,-1,0.999023438,0.010742188,0.538085938,-0.852539063,0.99908119,1.008146482
0,5,2,3,3,7,1,0.97981255,2.00E-15,-1,1,-0.01953125,0.540039063,-0.83984375,1.000190717,0.998488715
0,5,2,3,4,7,1,0.984111253,1,2.00E-15,0.572265625,0.827148438,1,-0.018554688,1.005814338,1.000172123
0,5,2,3,5,7,1,0.94114717,1,-2.00E-15,0.565429688,0.831054688,1,0.032226563,1.005167959,1.000519141
0,5,2,3,6,7,1,1.023577889,-2.00E-15,-1,1,0.004882813,0.526367188,-0.854492188,1.000011921,1.003603166
0,5,2,3,7,7,1,0.972806212,2.00E-15,-1,1,-0.004882813,0.563476563,-0.8359375,1.000011921,1.008115738
0,5,0,1,0,8,1,0.983272165,1,-4.00E-15,0.540039063,0.821289063,1,0.005859375,0.982933321,1.000017166
0,5,0,1,1,8,1,0.982443125,1,0,0.537109375,0.860351563,1,0.030273438,1.014244197,1.000458136
0,5,0,1,2,8,1,0.987402249,0,-1,1,-0.009765625,0.541992188,-0.838867188,1.000047683,0.998726033
0,5,0,1,3,8,1,1.013516544,-4.00E-15,-1,0.998046875,0.01171875,0.545898438,-0.853515625,0.998115672,1.013160415
0,5,0,1,4,8,1,1.000589123,1,-4.00E-15,0.588867188,0.836914063,1,-0.04296875,1.023322878,1.000922731
0,5,0,1,5,8,1,1.007470208,1,0,0.557617188,0.828125,1,-0.029296875,0.998362631,1.000429061
0,5,0,1,6,8,1,0.997560334,0,-1,0.998046875,-0.001953125,0.54296875,-0.844726563,0.998048786,1.004180277
0,5,0,1,7,8,1,0.967443964,-4.00E-15,-1,1,-0.002929688,0.579101563,-0.845703125,1.000004292,1.024974339
0,5,2,3,0,8,1,1.03248952,1,2.00E-15,0.557617188,0.83984375,1,-0.047851563,1.008104386,1.001144231
0,5,2,3,1,8,1,1.00707151,1,-2.00E-15,0.538085938,0.845703125,1,-0.002929688,1.002372312,1.000004292
0,5,2,3,2,8,1,0.991727963,-2.00E-15,-1,1,0.012695313,0.5625,-0.836914063,1.000080582,1.008380582
0,5,2,3,3,8,1,1.008747374,2.00E-15,-1,1,0.022460938,0.555664063,-0.83984375,1.000252215,1.00702536
0,5,2,3,4,8,1,0.965655913,1,2.00E-15,0.543945313,0.848632813,1,0.03515625,1.007995116,1.00061779
0,5,2,3,5,8,1,0.914334057,1,-2.00E-15,0.575195313,0.833984375,1,0.052734375,1.013103936,1.001389492
0,5,2,3,6,8,1,0.997746851,-2.00E-15,-1,1,-0.01171875,0.524414063,-0.833984375,1.000068662,0.985159909
0,5,2,3,7,8,1,0.963402473,2.00E-15,-1,1,-0.018554688,0.538085938,-0.805664063,1.000172123,0.968829736
0,5,0,1,0,9,1,1.004427441,1,-4.00E-15,0.54296875,0.861328125,1,0.00390625,1.01818525,1.000007629
0,5,0,1,1,9,1,0.990809622,1,0,0.543945313,0.842773438,1,0.006835938,1.003067081,1.000023365
0,5,0,1,2,9,1,1.015501642,0,-1,0.999023438,-0.017578125,0.504882813,-0.846679688,0.999178072,0.985785548
0,5,0,1,3,9,1,0.990467062,-4.00E-15,-1,1,-0.004882813,0.551757813,-0.850585938,1.000011921,1.013870367
0,5,0,1,4,9,1,1.00959939,1,-4.00E-15,0.545898438,0.840820313,1,-0.014648438,1.002488854,1.000107283
0,5,0,1,5,9,1,1.042124239,1,0,0.53125,0.833007813,1,-0.0390625,0.987992195,1.000762649
0,5,0,1,6,9,1,1.029976168,0,-1,1,0.012695313,0.524414063,-0.848632813,1.000080582,0.997590978
0,5,0,1,7,9,1,1.000072347,-4.00E-15,-1,1,0.001953125,0.545898438,-0.846679688,1.000001907,1.007408357
0,5,2,3,0,9,1,0.949162186,1,2.00E-15,0.567382813,0.846679688,1,0.03125,1.019210356,1.000488162
0,5,2,3,1,9,1,0.980480824,1,-2.00E-15,0.55078125,0.8203125,1,-0.000976563,0.98806507,1.000000477
0,5,2,3,2,9,1,1.036682766,-2.00E-15,-1,1,0.029296875,0.541015625,-0.856445313,1.000429061,1.013013563
0,5,2,3,3,9,1,0.986169187,2.00E-15,-1,1,-0.022460938,0.525390625,-0.833984375,1.000252215,0.985680093
0,5,2,3,4,9,1,0.961866967,1,2.00E-15,0.587890625,0.85546875,1,0.006835938,1.037999118,1.000023365
0,5,2,3,5,9,1,0.984778582,1,-2.00E-15,0.547851563,0.818359375,0.999023438,-0.00390625,0.984811353,0.999031074
0,5,2,3,6,9,1,1.031244625,-2.00E-15,-1,0.999023438,0.0234375,0.526367188,-0.833984375,0.999298326,0.98620097
0,5,2,3,7,9,1,0.967011173,2.00E-15,-1,0.999023438,-0.030273438,0.546875,-0.846679688,0.999482021,1.007937874
0,5,0,1,0,10,1,0.991330429,1,-4.00E-15,0.546875,0.81640625,1,-0.010742188,0.982645119,1.000057696
0,5,0,1,1,10,1,1.046070656,1,0,0.508789063,0.87109375,1,-0.00390625,1.008796625,1.000007629
0,5,0,1,2,10,1,0.997414854,0,-1,1,0.001953125,0.53515625,-0.825195313,1.000001907,0.983534197
0,5,0,1,3,10,1,1.074942796,-4.00E-15,-1,1,0.028320313,0.495117188,-0.856445313,1.00040094,0.989262151
0,5,0,1,4,10,1,1.015736624,1,-4.00E-15,0.520507813,0.848632813,1,0.004882813,0.995543085,1.000011921
0,5,0,1,5,10,1,0.96659035,1,0,0.546875,0.84765625,1,0.03125,1.008758338,1.000488162
0,5,0,1,6,10,1,0.987747475,0,-1,1,-0.013671875,0.548828125,-0.857421875,1.000093456,1.018029755
0,5,0,1,7,10,1,1.022463396,-4.00E-15,-1,1,0.01171875,0.530273438,-0.845703125,1.000068662,0.998200227
0,5,2,3,0,10,1,0.960887223,1,2.00E-15,0.559570313,0.858398438,1,0.032226563,1.024678882,1.000519141
0,5,2,3,1,10,1,1.019987294,1,-2.00E-15,0.533203125,0.833007813,0.999023438,-0.018554688,0.989043775,0.999195729
0,5,2,3,2,10,1,0.956109357,-2.00E-15,-1,0.999023438,-0.046875,0.526367188,-0.825195313,1.00012254,0.97877971
0,5,2,3,3,10,1,0.999468241,2.00E-15,-1,1,0.002929688,0.556640625,-0.860351563,1.000004292,1.024721229
0,5,2,3,4,10,1,0.972638767,1,2.00E-15,0.576171875,0.834960938,0.999023438,-0.005859375,1.014462319,0.99904062
0,5,2,3,5,10,1,0.981666793,1,-2.00E-15,0.53125,0.84765625,1,0.029296875,1.00037377,1.000429061
0,5,2,3,6,10,1,1.011432501,-2.00E-15,-1,1,-0.002929688,0.530273438,-0.852539063,1.000004292,1.003998392
0,5,2,3,7,10,1,0.993119414,2.00E-15,-1,1,-0.008789063,0.541992188,-0.84765625,1.000038623,1.0061196
0,5,0,1,0,11,1,1.037734735,1,-4.00E-15,0.52734375,0.82421875,1,-0.036132813,0.978482488,1.000652577
0,5,0,1,1,11,1,0.97924642,1,0,0.572265625,0.8203125,1,-0.017578125,1.000200252,1.000154483
0,5,0,1,2,11,1,0.982472415,0,-1,1,0.008789063,0.568359375,-0.8359375,1.000038623,1.010853047
0,5,0,1,3,11,1,0.985258873,-4.00E-15,-1,1,-0.008789063,0.538085938,-0.827148438,1.000038623,0.986767964
0,5,0,1,4,11,1,0.985840443,1,-4.00E-15,0.521484375,0.83984375,1,0.029296875,0.988576491,1.000429061
0,5,0,1,5,11,1,1.014670935,1,0,0.522460938,0.853515625,1,0.006835938,1.000726912,1.000023365
0,5,0,1,6,11,1,1.009439808,0,-1,1,0.01953125,0.54296875,-0.827148438,1.000190717,0.989439034
0,5,0,1,7,11,1,1.009074052,-4.00E-15,-1,1,0.053710938,0.565429688,-0.799804688,1.001441394,0.97948878
0,5,2,3,0,11,1,1.007342444,1,2.00E-15,0.53125,0.830078125,1,-0.005859375,0.985523341,1.000017166
0,5,2,3,1,11,1,0.997977948,1,-2.00E-15,0.509765625,0.827148438,1,0.020507813,0.971614908,1.000210263
0,5,2,3,2,11,1,0.991147483,-2.00E-15,-1,1,0.005859375,0.540039063,-0.814453125,1.000017166,0.977228777
0,5,2,3,3,11,1,1.009792036,2.00E-15,-1,1,-0.004882813,0.529296875,-0.8515625,1.000011921,1.002653416
0,5,2,3,4,11,1,0.993246182,1,2.00E-15,0.5390625,0.837890625,1,0.005859375,0.99631776,1.000017166
0,5,2,3,5,11,1,0.993716572,1,-2.00E-15,0.522460938,0.837890625,1,0.01953125,0.987434115,1.000190717
0,5,2,3,6,11,1,1.026525764,-2.00E-15,-1,0.999023438,0.03515625,0.5546875,-0.84765625,0.999641831,1.013014976
0,5,2,3,7,11,1,1.056867801,2.00E-15,-1,1,0.041992188,0.525390625,-0.845703125,1.000881284,0.995614928
0,5,0,1,0,12,1,0.976248814,1,-4.00E-15,0.571289063,0.829101563,1,-0.008789063,1.006866721,1.000038623
0,5,0,1,1,12,1,1.007276973,1,0,0.525390625,0.836914063,1,0.002929688,0.988160137,1.000004292
0,5,0,1,2,12,1,1.010010057,0,-1,0.999023438,-0.006835938,0.514648438,-0.83203125,0.999046825,0.978334818
0,5,0,1,3,12,1,0.96963012,-4.00E-15,-1,1,0.0078125,0.576171875,-0.826171875,1.000030517,1.007240784
0,5,0,1,4,12,1,0.981108385,1,-4.00E-15,0.561523438,0.825195313,1,-0.0078125,0.998126182,1.000030517
0,5,0,1,5,12,1,0.967928218,1,0,0.552734375,0.859375,0.998046875,0.03125,1.021783088,0.998535992
0,5,0,1,6,12,1,0.989199839,0,-1,1,0.029296875,0.577148438,-0.82421875,1.000429061,1.006199218
0,5,0,1,7,12,1,1.006091544,-4.00E-15,-1,0.999023438,-0.010742188,0.52734375,-0.852539063,0.99908119,1.00245413
0,5,2,3,0,12,1,0.988921416,1,2.00E-15,0.559570313,0.83984375,1,-0.005859375,1.009186038,1.000017166
0,5,2,3,1,12,1,0.980497366,1,-2.00E-15,0.55859375,0.840820313,1,0.00390625,1.009458159,1.000007629
0,5,2,3,2,12,1,1.063377637,-2.00E-15,-1,1,0.041015625,0.524414063,-0.858398438,1.000840787,1.00591152
0,5,2,3,3,12,1,0.99412892,2.00E-15,-1,1,0.012695313,0.553710938,-0.828125,1.000080582,0.996186136
0,5,2,3,4,12,1,0.969446127,1,2.00E-15,0.540039063,0.849609375,1,0.03515625,1.006716583,1.00061779
0,5,2,3,5,12,1,0.957283795,1,-2.00E-15,0.546875,0.818359375,1,0.024414063,0.984268425,1.000297979
0,5,2,3,6,12,1,1.017036914,-2.00E-15,-1,1,-0.00390625,0.51953125,-0.84765625,1.000007629,0.9942001
0,5,2,3,7,12,1,1.005206981,2.00E-15,-1,1,-0.004882813,0.522460938,-0.83203125,1.000011921,0.982467013
0,5,0,1,0,13,1,1.030113841,1,-4.00E-15,0.5078125,0.849609375,0.999023438,0.001953125,0.989802821,0.999025347
0,5,0,1,1,13,1,1.026484821,1,0,0.504882813,0.8359375,1,0.000976563,0.976574707,1.000000477
0,5,0,1,2,13,1,1.037538081,0,-1,1,0.014648438,0.524414063,-0.859375,1.000107283,1.006745002
0,5,0,1,3,13,1,0.993657971,-4.00E-15,-1,1,-0.005859375,0.54296875,-0.844726563,1.000017166,1.004180277
0,5,0,1,4,13,1,1.011590758,1,-4.00E-15,0.549804688,0.813476563,1,-0.03515625,0.981849944,1.00061779
0,5,0,1,5,13,1,1.002129576,1,0,0.514648438,0.830078125,1,0.013671875,0.97667431,1.000093456
0,5,0,1,6,13,1,1.004243519,0,-1,1,0.026367188,0.5546875,-0.823242188,1.000347554,0.992676142
0,5,0,1,7,13,1,0.960134761,-4.00E-15,-1,1,-0.036132813,0.546875,-0.844726563,1.000652577,1.006297784
0,5,2,3,0,13,1,1.0534553,1,2.00E-15,0.489257813,0.834960938,1,-0.012695313,0.967746338,1.000080582
0,5,2,3,1,13,1,1.003636164,1,-2.00E-15,0.541992188,0.831054688,1,-0.010742188,0.992173082,1.000057696
0,5,2,3,2,13,1,1.028894432,-2.00E-15,-1,0.998046875,0.03125,0.545898438,-0.845703125,0.998535992,1.006587741
0,5,2,3,3,13,1,1.030835062,2.00E-15,-1,1,0.045898438,0.55078125,-0.830078125,1.001052779,0.996187572
0,5,2,3,4,13,1,0.993962193,1,2.00E-15,0.553710938,0.87890625,1,0.014648438,1.038783904,1.000107283
0,5,2,3,5,13,1,0.968426703,1,-2.00E-15,0.52734375,0.82421875,1,0.033203125,0.978482488,1.000551072
0,5,2,3,6,13,1,0.936416097,-2.00E-15,-1,1,-0.041015625,0.5625,-0.833984375,1.000840787,1.00595039
0,5,2,3,7,13,1,0.988615419,2.00E-15,-1,0.999023438,-0.001953125,0.553710938,-0.844726563,0.999025347,1.010029093
0,5,0,1,0,14,1,1.014013328,1,-4.00E-15,0.522460938,0.846679688,1,0.00390625,0.994902972,1.000007629
0,5,0,1,1,14,1,0.998389061,1,0,0.5234375,0.819335938,1,0.00390625,0.972264468,1.000007629
0,5,0,1,2,14,1,0.962499107,0,-1,0.999023438,-0.006835938,0.581054688,-0.846679688,0.999046825,1.026884143
0,5,0,1,3,14,1,0.985350165,-4.00E-15,-1,0.999023438,0.006835938,0.564453125,-0.838867188,0.999046825,1.011091237
0,5,0,1,4,14,1,0.981719825,1,-4.00E-15,0.551757813,0.83984375,1,0.0078125,1.00487522,1.000030517
0,5,0,1,5,14,1,0.951354597,1,0,0.549804688,0.834960938,0.999023438,0.037109375,0.999722442,0.999712426
0,5,0,1,6,14,1,1.033690469,0,-1,1,0.028320313,0.520507813,-0.8203125,1.00040094,0.971514787
0,5,0,1,7,14,1,0.947919398,-4.00E-15,-1,1,-0.03515625,0.561523438,-0.842773438,1.00061779,1.012707084
0,5,2,3,0,14,1,1.000794255,1,2.00E-15,0.521484375,0.834960938,1,0.01171875,0.984431674,1.000068662
0,5,2,3,1,14,1,0.949336054,1,-2.00E-15,0.563476563,0.844726563,1,0.033203125,1.015415581,1.000551072
0,5,2,3,2,14,1,1.017234151,-2.00E-15,-1,1,0.0078125,0.536132813,-0.852539063,1.000030517,1.00710538
0,5,2,3,3,14,1,0.92944384,2.00E-15,-1,0.998046875,-0.068359375,0.546875,-0.84765625,1.00038521,1.008758338
0,5,2,3,4,14,1,1.007899476,1,2.00E-15,0.521484375,0.842773438,1,0.008789063,0.991066607,1.000038623
0,5,2,3,5,14,1,0.985607058,1,-2.00E-15,0.55078125,0.82421875,1,-0.00390625,0.991310513,1.000007629
0,5,2,3,6,14,1,0.945975241,-2.00E-15,-1,1,-0.014648438,0.581054688,-0.831054688,1.000107283,1.014039666
0,5,2,3,7,14,1,1.042737446,2.00E-15,-1,1,0.016601563,0.51171875,-0.844726563,1.000137796,0.987633052
0,5,0,1,0,15,1,1.009735879,1,-4.00E-15,0.541992188,0.84765625,0.998046875,-0.0078125,1.0061196,0.998077452
0,5,0,1,1,15,1,1.022205607,1,0,0.521484375,0.822265625,1,-0.016601563,0.973687173,1.000137796
0,5,0,1,2,15,1,0.943706002,0,-1,0.999023438,-0.047851563,0.557617188,-0.852539063,1.000168786,1.018704953
0,5,0,1,3,15,1,0.989407039,-4.00E-15,-1,1,0.00390625,0.552734375,-0.833984375,1.000007629,1.000522477
0,5,0,1,4,15,1,1.002929171,1,-4.00E-15,0.504882813,0.83203125,1,0.022460938,0.973233094,1.000252215
0,5,0,1,5,15,1,0.962327417,1,0,0.5625,0.834960938,1,0.015625,1.006760159,1.000122063
0,5,0,1,6,15,1,0.98641168,0,-1,1,-0.018554688,0.537109375,-0.845703125,1.000172123,1.00184842
0,5,0,1,7,15,1,0.952307069,-4.00E-15,-1,1,-0.028320313,0.5546875,-0.828125,1.00040094,0.99672927
0,5,2,3,0,15,1,1.017421482,1,2.00E-15,0.5078125,0.849609375,1,0.014648438,0.989802821,1.000107283
0,5,2,3,1,15,1,1.007687062,1,-2.00E-15,0.517578125,0.837890625,1,0.009765625,0.984859287,1.000047683
0,5,2,3,2,15,1,0.962726598,-2.00E-15,-1,1,-0.01953125,0.55859375,-0.836914063,1.000190717,1.006206801
0,5,2,3,3,15,1,1.023122857,2.00E-15,-1,0.998046875,0.012695313,0.521484375,-0.831054688,0.998127615,0.98112071
0,5,2,3,4,15,1,1.016150138,1,2.00E-15,0.540039063,0.82421875,1,-0.025390625,0.985382533,1.00032229
0,5,2,3,5,15,1,0.959413209,1,-2.00E-15,0.559570313,0.827148438,1,0.016601563,0.998645819,1.000137796
0,5,2,3,6,15,1,1.0231414,-2.00E-15,-1,1,0.01953125,0.53125,-0.833984375,1.000190717,0.988815706
0,5,2,3,7,15,1,1.027202877,2.00E-15,-1,1,0.0234375,0.541015625,-0.849609375,1.00027462,1.007240784
0,5,0,1,0,16,1,0.98251987,1,-4.00E-15,0.586914063,0.834960938,1,-0.024414063,1.020601726,1.000297979
0,5,0,1,1,16,1,0.997834746,1,0,0.543945313,0.8359375,1,-0.00390625,0.99733044,1.000007629
0,5,0,1,2,16,1,1.014990646,0,-1,1,0.001953125,0.521484375,-0.8359375,1.000001907,0.985260096
0,5,0,1,3,16,1,1.00384605,-4.00E-15,-1,0.999023438,0,0.545898438,-0.857421875,0.999023438,1.016453332
0,5,0,1,4,16,1,1.04030708,1,-4.00E-15,0.509765625,0.861328125,1,-0.00390625,1.000873184,1.000007629
0,5,0,1,5,16,1,1.0193483,1,0,0.521484375,0.834960938,1,-0.006835938,0.984431674,1.000023365
0,5,0,1,6,16,1,0.992634637,0,-1,1,0.008789063,0.5703125,-0.857421875,1.000038623,1.029771149
0,5,0,1,7,16,1,0.990709029,-4.00E-15,-1,1,-0.016601563,0.54296875,-0.859375,1.000137796,1.016533548
0,5,2,3,0,16,1,1.010775383,1,2.00E-15,0.544921875,0.837890625,1,-0.016601563,0.99950015,1.000137796
0,5,2,3,1,16,1,1.005975048,1,-2.00E-15,0.514648438,0.842773438,1,0.016601563,0.98748675,1.000137796
0,5,2,3,2,16,1,0.996920596,-2.00E-15,-1,1,-0.0078125,0.54296875,-0.854492188,1.000030517,1.012408989
0,5,2,3,3,16,1,1.027722809,2.00E-15,-1,1,0.030273438,0.541015625,-0.837890625,1.000458136,0.99737586
0,5,2,3,4,16,1,0.997595015,1,2.00E-15,0.551757813,0.834960938,1,-0.010742188,1.000797907,1.000057696
0,5,2,3,5,16,1,0.976079911,1,-2.00E-15,0.522460938,0.8359375,1,0.036132813,0.985777325,1.000652577
0,5,2,3,6,16,1,1.041111687,-2.00E-15,-1,0.999023438,0.006835938,0.505859375,-0.850585938,0.999046825,0.989641422
0,5,2,3,7,16,1,0.973613084,2.00E-15,-1,1,-0.026367188,0.553710938,-0.862304688,1.000347554,1.024775671
0,5,0,1,0,17,1,0.986180843,1,-4.00E-15,0.549804688,0.837890625,0.999023438,0.00390625,1.002170591,0.999031074
0,5,0,1,1,17,1,0.998956826,1,0,0.556640625,0.8359375,1,-0.015625,1.004310853,1.000122063
0,5,0,1,2,17,1,0.98884171,0,-1,1,-0.018554688,0.541015625,-0.856445313,1.000172123,1.013013563
0,5,0,1,3,17,1,1.002659704,-4.00E-15,-1,1,0.009765625,0.541992188,-0.831054688,1.000047683,0.992173082
0,5,0,1,4,17,1,0.989227066,1,-4.00E-15,0.553710938,0.84765625,1,0.002929688,1.012480578,1.000004292
0,5,0,1,5,17,1,0.990117272,1,0,0.528320313,0.8515625,1,0.025390625,1.002138236,1.00032229
0,5,0,1,6,17,1,0.982914709,0,-1,1,-0.026367188,0.528320313,-0.83984375,1.000347554,0.992199515
0,5,0,1,7,17,1,0.939240471,-4.00E-15,-1,0.999023438,-0.040039063,0.561523438,-0.8359375,0.999825462,1.00702536
0,5,2,3,0,17,1,0.986566969,1,2.00E-15,0.56640625,0.836914063,1,-0.010742188,1.010564787,1.000057696
0,5,2,3,1,17,1,0.991419072,1,-2.00E-15,0.553710938,0.83203125,1,-0.0078125,0.999435742,1.000030517
0,5,2,3,2,17,1,0.975404828,-2.00E-15,-1,1,-0.044921875,0.521484375,-0.849609375,1.001008479,0.996886174
0,5,2,3,3,17,1,1.023030681,2.00E-15,-1,0.999023438,0.008789063,0.537109375,-0.86328125,0.999062098,1.016730543
0,5,2,3,4,17,1,1.041765504,1,2.00E-15,0.502929688,0.83203125,0.999023438,-0.014648438,0.972221308,0.999130825
0,5,2,3,5,17,1,0.979587286,1,-2.00E-15,0.52734375,0.846679688,1,0.034179688,0.997475776,1.000583955
0,5,2,3,6,17,1,1.008393528,-2.00E-15,-1,1,-0.000976563,0.526367188,-0.836914063,1.000000477,0.988679708
0,5,2,3,7,17,1,0.974712666,2.00E-15,-1,1,-0.004882813,0.56640625,-0.84375,1.000011921,1.016233291
0,5,0,1,0,18,1,1.009728894,1,-4.00E-15,0.569335938,0.862304688,0.999023438,-0.022460938,1.033301884,0.999275899
0,5,0,1,1,18,1,1.026767039,1,0,0.49609375,0.831054688,1,0.005859375,0.967864093,1.000017166
0,5,0,1,2,18,1,0.954782606,0,-1,0.999023438,-0.0390625,0.560546875,-0.861328125,0.999786831,1.027666745
0,5,0,1,3,18,1,0.975203736,-4.00E-15,-1,1,0,0.560546875,-0.827148438,1,0.999193343
0,5,0,1,4,18,1,1.03141606,1,-4.00E-15,0.524414063,0.833007813,0.999023438,-0.022460938,0.98433334,0.999275899
0,5,0,1,5,18,1,1.011730105,1,0,0.5234375,0.833007813,1,-0.001953125,0.983813413,1.000001907
0,5,0,1,6,18,1,0.95240906,0,-1,1,-0.026367188,0.563476563,-0.837890625,1.000347554,1.009735874
0,5,0,1,7,18,1,1.018786553,-4.00E-15,-1,1,0.020507813,0.540039063,-0.837890625,1.000210263,0.996846472
0,5,2,3,0,18,1,0.947608234,1,2.00E-15,0.57421875,0.848632813,1,0.028320313,1.024648634,1.00040094
0,5,2,3,1,18,1,0.988441203,1,-2.00E-15,0.512695313,0.856445313,1,0.04296875,0.998175865,1.000922731
0,5,2,3,2,18,1,1.012661684,-2.00E-15,-1,1,0.020507813,0.553710938,-0.84765625,1.000210263,1.012480578
0,5,2,3,3,18,1,1.025285399,2.00E-15,-1,1,0.0234375,0.528320313,-0.826171875,1.00027462,0.980654026
0,5,2,3,4,18,1,1.014319614,1,2.00E-15,0.522460938,0.818359375,1,-0.01171875,0.970915804,1.000068662
0,5,2,3,5,18,1,0.967233004,1,-2.00E-15,0.560546875,0.853515625,1,0.022460938,1.021127671,1.000252215
0,5,2,3,6,18,1,1.007880119,-2.00E-15,-1,1,-0.005859375,0.532226563,-0.854492188,1.000017166,1.006688637
0,5,2,3,7,18,1,1.005307821,2.00E-15,-1,0.998046875,0.010742188,0.540039063,-0.831054688,0.998104684,0.991107503
0,5,0,1,0,19,1,0.980580457,1,-4.00E-15,0.560546875,0.845703125,1,0.004882813,1.014606611,1.000011921
0,5,0,1,1,19,1,0.969462538,1,0,0.548828125,0.829101563,1,0.016601563,0.99429458,1.000137796
0,5,0,1,2,19,1,0.963345584,0,-1,1,-0.0390625,0.528320313,-0.827148438,1.000762649,0.981476892
0,5,0,1,3,19,1,0.98132157,-4.00E-15,-1,1,-0.030273438,0.5390625,-0.861328125,1.000458136,1.016107533
0,5,0,1,4,19,1,0.974680036,1,-4.00E-15,0.553710938,0.838867188,1,0.012695313,1.005133802,1.000080582
0,5,0,1,5,19,1,1.03826202,1,0,0.522460938,0.828125,0.999023438,-0.030273438,0.979161093,0.999482021
0,5,0,1,6,19,1,0.987431996,0,-1,1,-0.025390625,0.530273438,-0.849609375,1.00032229,1.001511861
0,5,0,1,7,19,1,0.979038469,-4.00E-15,-1,1,-0.030273438,0.533203125,-0.84765625,1.000458136,1.001412348
0,5,2,3,0,19,1,0.956708363,1,2.00E-15,0.528320313,0.831054688,1,0.047851563,0.984771164,1.001144231
0,5,2,3,1,19,1,0.990381243,1,-2.00E-15,0.534179688,0.846679688,1,0.017578125,1.001106604,1.000154483
0,5,2,3,2,19,1,0.996451916,-2.00E-15,-1,1,0.021484375,0.563476563,-0.831054688,1.000230763,1.00407058
0,5,2,3,3,19,1,1.005643754,2.00E-15,-1,1,0.013671875,0.548828125,-0.83984375,1.000093456,1.003269573
0,5,2,3,4,19,1,0.987932454,1,2.00E-15,0.541992188,0.83984375,1,0.009765625,0.999546425,1.000047683
0,5,2,3,5,19,1,0.998064004,1,-2.00E-15,0.53125,0.841796875,1,0.009765625,0.995413754,1.000047683
0,5,2,3,6,19,1,1.019804623,-2.00E-15,-1,1,0.0078125,0.536132813,-0.857421875,1.000030517,1.011242139
0,5,2,3,7,19,1,1.017964243,2.00E-15,-1,1,0.015625,0.537109375,-0.840820313,1.000122063,0.997730063
0,6,0,1,0,0,1,0.995714767,1,-4.00E-15,0.541992188,0.8203125,1,-0.008789063,0.983192824,1.000038623
0,6,0,1,1,0,1,1.009128971,1,0,0.528320313,0.850585938,1,0.005859375,1.001308539,1.000017166
0,6,0,1,2,0,1,0.96437106,0,-1,1,-0.028320313,0.553710938,-0.848632813,1.00040094,1.013298304
0,6,0,1,3,0,1,1.009160167,-4.00E-15,-1,0.999023438,-0.041015625,0.49609375,-0.865234375,0.999865046,0.997366298
0,6,0,1,4,0,1,0.983472291,1,-4.00E-15,0.54296875,0.817382813,0.999023438,0.000976563,0.981289828,0.999023915
0,6,0,1,5,0,1,1.054252618,1,0,0.526367188,0.8515625,1,-0.037109375,1.001109938,1.000688316
0,6,0,1,6,0,1,1.045560715,0,-1,0.998046875,0.00390625,0.495117188,-0.846679688,0.998054519,0.980819822
0,6,0,1,7,0,1,0.976112759,-4.00E-15,-1,0.999023438,-0.026367188,0.540039063,-0.845703125,0.999371331,1.003422127
0,6,0,1,8,0,1,0.9927977,1,-4.00E-15,0.53515625,0.858398438,0.999023438,0.020507813,1.011553305,0.999233906
0,6,0,1,9,0,1,1.027570497,1,0,0.53515625,0.844726563,1,-0.021484375,0.999977588,1.000230763
0,6,0,1,10,0,1,0.967602264,0,-1,1,-0.014648438,0.552734375,-0.828125,1.000107283,0.995643664
0,6,0,1,11,0,1,1.005651221,-4.00E-15,-1,1,0.010742188,0.547851563,-0.84375,1.000057696,1.006009641
0,6,0,1,12,0,1,0.993239647,1,-4.00E-15,0.538085938,0.813476563,1,-0.006835938,0.975336144,1.000023365
0,6,0,1,13,0,1,1.010848796,1,0,0.556640625,0.850585938,1,-0.01953125,1.016535893,1.000190717
0,6,0,1,14,0,1,1.008357217,0,-1,1,0.00390625,0.5234375,-0.823242188,1.000007629,0.975558566
0,6,0,1,15,0,1,1.019849109,-4.00E-15,-1,1,0.032226563,0.5546875,-0.840820313,1.000519141,1.007301852
0,6,2,3,0,0,1,1.010597914,1,2.00E-15,0.529296875,0.845703125,1,0.000976563,0.997681792,1.000000477
0,6,2,3,1,0,1,1.031715311,1,-2.00E-15,0.520507813,0.84375,1,-0.013671875,0.991384106,1.000093456
0,6,2,3,2,0,1,0.956161106,-2.00E-15,-1,1,-0.044921875,0.536132813,-0.836914063,1.001008479,0.993913246
0,6,2,3,3,0,1,0.964057507,2.00E-15,-1,1,-0.016601563,0.564453125,-0.842773438,1.000137796,1.01433446
0,6,2,3,4,0,1,0.966865305,1,2.00E-15,0.546875,0.83203125,1,0.022460938,0.995664736,1.000252215
0,6,2,3,5,0,1,1.034135046,1,-2.00E-15,0.518554688,0.8359375,0.999023438,-0.018554688,0.983712594,0.999195729
0,6,2,3,6,0,1,1.029056187,-2.00E-15,-1,1,0.017578125,0.536132813,-0.856445313,1.000154483,1.010414255
0,6,2,3,7,0,1,0.969301594,2.00E-15,-1,1,-0.026367188,0.538085938,-0.830078125,1.000347554,0.989225035
0,6,2,3,8,0,1,0.979747235,1,2.00E-15,0.541992188,0.83203125,0.999023438,0.013671875,0.992991205,0.999116985
0,6,2,3,9,0,1,1.00014266,1,-2.00E-15,0.537109375,0.84765625,0.999023438,0.005859375,1.003497683,0.99904062
0,6,2,3,10,0,1,1.025632823,-2.00E-15,-1,0.999023438,0.020507813,0.540039063,-0.850585938,0.999233906,1.007540881
0,6,2,3,11,0,1,0.933071359,2.00E-15,-1,1,-0.05859375,0.555664063,-0.849609375,1.001715143,1.015184043
0,6,2,3,12,0,1,0.981276547,1,2.00E-15,0.565429688,0.841796875,0.999023438,-0.001953125,1.014067409,0.999025347
0,6,2,3,13,0,1,1.002403138,1,-2.00E-15,0.563476563,0.841796875,1,-0.021484375,1.012979672,1.000230763
0,6,2,3,14,0,1,0.975864234,-2.00E-15,-1,1,0.000976563,0.557617188,-0.822265625,1.000000477,0.993507768
0,6,2,3,15,0,1,0.963952316,2.00E-15,-1,1,-0.043945313,0.536132813,-0.849609375,1.00096513,1.004626539
0,6,0,1,0,1,1,1.003533273,1,-4.00E-15,0.537109375,0.846679688,1,0.001953125,1.002672915,1.000001907
0,6,0,1,1,1,1,1.007335245,1,0,0.540039063,0.833007813,1,-0.01171875,0.992745791,1.000068662
0,6,0,1,2,1,1,0.999196304,0,-1,0.999023438,-0.00390625,0.544921875,-0.854492188,0.999031074,1.013457818
0,6,0,1,3,1,1,0.976151439,-4.00E-15,-1,0.999023438,0.001953125,0.56640625,-0.833984375,0.999025347,1.00813986
0,6,0,1,4,1,1,0.999806978,1,-4.00E-15,0.54296875,0.83984375,1,-0.002929688,1.000076291,1.000004292
0,6,0,1,5,1,1,1.004360415,1,0,0.565429688,0.827148438,1,-0.033203125,1.001940751,1.000551072
0,6,0,1,6,1,1,0.987068924,0,-1,1,-0.014648438,0.532226563,-0.83203125,1.000107283,0.987694849
0,6,0,1,7,1,1,1.004389675,-4.00E-15,-1,1,-0.022460938,0.515625,-0.852539063,1.000252215,0.996339296
0,6,0,1,8,1,1,0.987508947,1,-4.00E-15,0.557617188,0.848632813,1,0.001953125,1.015438121,1.000001907
0,6,0,1,9,1,1,1.027985004,1,0,0.52734375,0.834960938,1,-0.020507813,0.987548074,1.000210263
0,6,0,1,10,1,1,1.033447048,0,-1,1,0.026367188,0.530273438,-0.838867188,1.000347554,0.992415274
0,6,0,1,11,1,1,1.012715141,-4.00E-15,-1,1,-0.0078125,0.506835938,-0.826171875,1.000030517,0.96924849
0,6,0,1,12,1,1,1.004717315,1,-4.00E-15,0.545898438,0.840820313,1,-0.009765625,1.002488854,1.000047683
0,6,0,1,13,1,1,0.987579189,1,0,0.52734375,0.837890625,1,0.021484375,0.990026328,1.000230763
0,6,0,1,14,1,1,1.029107993,0,-1,1,0.0390625,0.551757813,-0.840820313,1.000762649,1.005691544
0,6,0,1,15,1,1,1.046353399,-4.00E-15,-1,1,0.018554688,0.50390625,-0.834960938,1.000172123,0.97523396
0,6,2,3,0,1,1,1.023585402,1,2.00E-15,0.5703125,0.840820313,1,-0.048828125,1.015989737,1.001191383
0,6,2,3,1,1,1,1.011899213,1,-2.00E-15,0.556640625,0.852539063,1,-0.01953125,1.018170732,1.000190717
0,6,2,3,2,1,1,0.98222253,-2.00E-15,-1,1,-0.002929688,0.571289063,-0.861328125,1.000004292,1.03356535
0,6,2,3,3,1,1,1.021139673,2.00E-15,-1,0.999023438,0.018554688,0.538085938,-0.842773438,0.999195729,0.999901767
0,6,2,3,4,1,1,1.040992626,1,2.00E-15,0.505859375,0.844726563,1,-0.009765625,0.984609909,1.000047683
0,6,2,3,5,1,1,0.981541887,1,-2.00E-15,0.540039063,0.846679688,1,0.021484375,1.00424533,1.000230763
0,6,2,3,6,1,1,0.995485432,-2.00E-15,-1,1,-0.01953125,0.5234375,-0.842773438,1.000190717,0.992095703
0,6,2,3,7,1,1,0.981514844,2.00E-15,-1,1,-0.030273438,0.525390625,-0.83984375,1.000458136,0.990642637
0,6,2,3,8,1,1,0.982481875,1,2.00E-15,0.565429688,0.828125,0.998046875,-0.010742188,1.0027471,0.998104684
0,6,2,3,9,1,1,0.974679325,1,-2.00E-15,0.538085938,0.841796875,0.999023438,0.02734375,0.999078803,0.999397573
0,6,2,3,10,1,1,0.981503252,-2.00E-15,-1,1,0.012695313,0.5703125,-0.830078125,1.000080582,1.00711769
0,6,2,3,11,1,1,1.015540074,2.00E-15,-1,1,0.005859375,0.525390625,-0.8359375,1.000017166,0.987333182
0,6,2,3,12,1,1,1.006305137,1,2.00E-15,0.538085938,0.828125,1,-0.01171875,0.987586701,1.000068662
0,6,2,3,13,1,1,0.97765562,1,-2.00E-15,0.569335938,0.833984375,1,-0.005859375,1.009788764,1.000017166
0,6,2,3,14,1,1,0.999466049,-2.00E-15,-1,1,-0.03125,0.5234375,-0.873046875,1.000488162,1.017937946
0,6,2,3,15,1,1,0.97838869,2.00E-15,-1,1,-0.017578125,0.547851563,-0.845703125,1.000154483,1.007648307
0,6,0,1,0,2,1,0.964690286,1,-4.00E-15,0.560546875,0.865234375,1,0.03125,1.030942929,1.000488162
0,6,0,1,1,2,1,1.03290732,1,0,0.533203125,0.838867188,1,-0.028320313,0.993983768,1.00040094
0,6,0,1,2,2,1,0.972550716,0,-1,1,-0.025390625,0.54296875,-0.841796875,1.00032229,1.001717047
0,6,0,1,3,2,1,0.990828123,-4.00E-15,-1,1,0.005859375,0.55078125,-0.830078125,1.000017166,0.996187572
0,6,0,1,4,2,1,0.986450132,1,-4.00E-15,0.544921875,0.83984375,1,0.008789063,1.00113804,1.000038623
0,6,0,1,5,2,1,0.975682562,1,0,0.545898438,0.818359375,1,0.006835938,0.983726167,1.000023365
0,6,0,1,6,2,1,0.976089013,0,-1,0.998046875,-0.034179688,0.528320313,-0.841796875,0.998631972,0.993853275
0,6,0,1,7,2,1,1.044423264,-4.00E-15,-1,1,0.012695313,0.508789063,-0.850585938,1.000080582,0.991142143
0,6,0,1,8,2,1,0.964143751,1,-4.00E-15,0.5703125,0.842773438,0.999023438,0.01171875,1.017606709,0.999092167
0,6,0,1,9,2,1,0.991138527,1,0,0.541992188,0.817382813,1,-0.005859375,0.980749812,1.000017166
0,6,0,1,10,2,1,1.022535492,0,-1,0.999023438,0.017578125,0.55078125,-0.8671875,0.999178072,1.027314044
0,6,0,1,11,2,1,0.963820868,-4.00E-15,-1,1,-0.022460938,0.557617188,-0.842773438,1.000252215,1.010546384
0,6,0,1,12,2,1,1.050542218,1,-4.00E-15,0.513671875,0.834960938,0.999023438,-0.03125,0.980315542,0.999512077
0,6,0,1,13,2,1,1.02732064,1,0,0.498046875,0.844726563,1,0.010742188,0.980619016,1.000057696
0,6,0,1,14,2,1,0.980278686,0,-1,1,-0.006835938,0.552734375,-0.836914063,1.000023365,1.002965821
0,6,0,1,15,2,1,0.985719198,-4.00E-15,-1,1,0.01171875,0.571289063,-0.840820313,1.000068662,1.016538239
0,6,2,3,0,2,1,0.951069003,1,2.00E-15,0.551757813,0.83203125,1,0.034179688,0.998354989,1.000583955
0,6,2,3,1,2,1,0.997020828,1,-2.00E-15,0.529296875,0.834960938,1,0.008789063,0.988592408,1.000038623
0,6,2,3,2,2,1,1.001123913,-2.00E-15,-1,1,-0.00390625,0.541992188,-0.853515625,1.000007629,1.011061053
0,6,2,3,3,2,1,0.974720533,2.00E-15,-1,0.999023438,-0.002929688,0.559570313,-0.830078125,0.999027733,1.001073738
0,6,2,3,4,2,1,0.984586256,1,2.00E-15,0.56640625,0.828125,1,-0.013671875,1.003298089,1.000093456
0,6,2,3,5,2,1,1.006763671,1,-2.00E-15,0.509765625,0.841796875,1,0.01953125,0.984115324,1.000190717
0,6,2,3,6,2,1,1.018400652,-2.00E-15,-1,1,-0.001953125,0.524414063,-0.854492188,1.000001907,1.002580175
0,6,2,3,7,2,1,1.012434081,2.00E-15,-1,1,-0.006835938,0.521484375,-0.84765625,1.000023365,0.995222122
0,6,2,3,8,2,1,0.978260323,1,2.00E-15,0.565429688,0.850585938,1,0.005859375,1.021375136,1.000017166
0,6,2,3,9,2,1,0.968281181,1,-2.00E-15,0.5546875,0.844726563,1,0.021484375,1.010564787,1.000230763
0,6,2,3,10,2,1,1.015310306,-2.00E-15,-1,1,0.0234375,0.5546875,-0.848632813,1.00027462,1.013832271
0,6,2,3,11,2,1,0.977932017,2.00E-15,-1,1,-0.0078125,0.557617188,-0.841796875,1.000030517,1.009732096
0,6,2,3,12,2,1,1.005353548,1,2.00E-15,0.516601563,0.846679688,0.999023438,0.017578125,0.991838529,0.999178072
0,6,2,3,13,2,1,1.019467027,1,-2.00E-15,0.537109375,0.841796875,1,-0.016601563,0.998553183,1.000137796
0,6,2,3,14,2,1,0.972815629,-2.00E-15,-1,1,0,0.565429688,-0.830078125,1,1.004360705
0,6,2,3,15,2,1,1.013559615,2.00E-15,-1,1,0.015625,0.54296875,-0.841796875,1.000122063,1.001717047
0,6,0,1,0,3,1,0.974443018,1,-4.00E-15,0.563476563,0.849609375,1,0.010742188,1.019481205,1.000057696
0,6,0,1,1,3,1,1.036755886,1,0,0.53515625,0.858398438,1,-0.0234375,1.011553305,1.00027462
0,6,0,1,2,3,1,0.956633046,0,-1,0.999023438,-0.018554688,0.560546875,-0.827148438,0.999195729,0.999193343
0,6,0,1,3,3,1,0.988214437,-4.00E-15,-1,0.999023438,-0.009765625,0.541015625,-0.838867188,0.999071167,0.998196406
0,6,0,1,4,3,1,1.006337332,1,-4.00E-15,0.52734375,0.831054688,1,-0.000976563,0.984247593,1.000000477
0,6,0,1,5,3,1,1.033776524,1,0,0.526367188,0.8515625,0.999023438,-0.016601563,1.001109938,0.999161369
0,6,0,1,6,3,1,0.986982266,0,-1,1,0.000976563,0.55859375,-0.84375,1.000000477,1.011899718
0,6,0,1,7,3,1,0.979224631,-4.00E-15,-1,1,-0.026367188,0.528320313,-0.833007813,1.000347554,0.986419976
0,6,0,1,8,3,1,0.990691522,1,-4.00E-15,0.53515625,0.837890625,1,0.01171875,0.994209692,1.000068662
0,6,0,1,9,3,1,0.97503637,1,0,0.555664063,0.830078125,1,0.005859375,0.998895512,1.000017166
0,6,0,1,10,3,1,1.037895797,0,-1,0.999023438,0.014648438,0.512695313,-0.840820313,0.999130825,0.984802153
0,6,0,1,11,3,1,0.964662027,-4.00E-15,-1,1,-0.014648438,0.563476563,-0.838867188,1.000107283,1.010546384
0,6,0,1,12,3,1,1.013088384,1,-4.00E-15,0.530273438,0.842773438,1,-0.00390625,0.995719331,1.000007629
0,6,0,1,13,3,1,1.018330441,1,0,0.547851563,0.833007813,1,-0.029296875,0.997017227,1.000429061
0,6,0,1,14,3,1,1.002719736,0,-1,0.999023438,-0.016601563,0.516601563,-0.83984375,0.999161369,0.986009482
0,6,0,1,15,3,1,1.006444748,-4.00E-15,-1,1,0.005859375,0.534179688,-0.833007813,1.000017166,0.989570591
0,6,2,3,0,3,1,0.999721093,1,2.00E-15,0.552734375,0.845703125,1,-0.0078125,1.01031137,1.000030517
0,6,2,3,1,3,1,1.021270906,1,-2.00E-15,0.524414063,0.8359375,0.999023438,-0.010742188,0.986813869,0.99908119
0,6,2,3,2,3,1,1.017666785,-2.00E-15,-1,0.998046875,0.000976563,0.521484375,-0.842773438,0.998047353,0.991066607
0,6,2,3,3,3,1,1.016051708,2.00E-15,-1,0.999023438,-0.014648438,0.51171875,-0.853515625,0.999130825,0.995160792
0,6,2,3,4,3,1,1.033491417,1,2.00E-15,0.52734375,0.827148438,1,-0.030273438,0.980951563,1.000458136
0,6,2,3,5,3,1,0.920066087,1,-2.00E-15,0.579101563,0.829101563,0.999023438,0.041015625,1.01131994,0.999865046
0,6,2,3,6,3,1,0.98363585,-2.00E-15,-1,1,-0.008789063,0.538085938,-0.82421875,1.000038623,0.984313479
0,6,2,3,7,3,1,0.990377929,2.00E-15,-1,1,-0.024414063,0.52734375,-0.848632813,1.000297979,0.999134166
0,6,2,3,8,3,1,0.970834707,1,2.00E-15,0.53125,0.833007813,0.999023438,0.032226563,0.987992195,0.999543086
0,6,2,3,9,3,1,0.951637898,1,-2.00E-15,0.568359375,0.834960938,0.999023438,0.021484375,1.010045616,0.999254426
0,6,2,3,10,3,1,1.007606222,-2.00E-15,-1,1,0.03125,0.56640625,-0.837890625,1.000488162,1.011373689
0,6,2,3,11,3,1,1.053077305,2.00E-15,-1,1,0.018554688,0.495117188,-0.833007813,1.000172123,0.969042334
0,6,2,3,12,3,1,0.956831872,1,2.00E-15,0.544921875,0.81640625,0.999023438,0.025390625,0.981559481,0.999346042
0,6,2,3,13,3,1,0.992943634,1,-2.00E-15,0.557617188,0.830078125,1,-0.013671875,0.999983311,1.000093456
0,6,2,3,14,3,1,0.991205978,-2.00E-15,-1,0.999023438,-0.02734375,0.528320313,-0.857421875,0.999397573,1.007121951
0,6,2,3,15,3,1,1.008354244,2.00E-15,-1,1,0.009765625,0.547851563,-0.850585938,1.000047683,1.011749856
0,6,0,1,0,4,1,0.924971567,1,-4.00E-15,0.559570313,0.838867188,1,0.057617188,1.008373489,1.001658495
0,6,0,1,1,4,1,0.986583244,1,0,0.529296875,0.861328125,1,0.033203125,1.010960593,1.000551072
0,6,0,1,2,4,1,1.041266712,0,-1,0.998046875,0.0078125,0.50390625,-0.845703125,0.998077452,0.984446689
0,6,0,1,3,4,1,1.042146608,-4.00E-15,-1,1,0.030273438,0.5234375,-0.836914063,1.000458136,0.987123075
0,6,0,1,4,4,1,1.007364875,1,-4.00E-15,0.536132813,0.8359375,0.999023438,-0.006835938,0.993091082,0.999046825
0,6,0,1,5,4,1,1.009388026,1,0,0.547851563,0.83984375,1,-0.016601563,1.002735687,1.000137796
0,6,0,1,6,4,1,1.007226514,0,-1,1,0.00390625,0.5390625,-0.845703125,1.000007629,1.002896881
0,6,0,1,7,4,1,1.013057917,-4.00E-15,-1,1,0.030273438,0.55078125,-0.826171875,1.000458136,0.992935019
0,6,0,1,8,4,1,1.047391696,1,-4.00E-15,0.532226563,0.838867188,1,-0.041992188,0.993460252,1.000881284
0,6,0,1,9,4,1,1.015517265,1,0,0.512695313,0.844726563,0.999023438,0.009765625,0.988139387,0.999071167
0,6,0,1,10,4,1,1.018478564,0,-1,1,0.000976563,0.512695313,-0.830078125,1.000000477,0.975646543
0,6,0,1,11,4,1,1.005823014,-4.00E-15,-1,1,0.009765625,0.543945313,-0.83984375,1.000047683,1.00060683
0,6,0,1,12,4,1,1.014010062,1,-4.00E-15,0.543945313,0.819335938,1,-0.029296875,0.983457107,1.000429061
0,6,0,1,13,4,1,1.016486519,1,0,0.517578125,0.858398438,1,0.01171875,1.002364701,1.000068662
0,6,0,1,14,4,1,1.006885098,0,-1,1,0.015625,0.560546875,-0.856445313,1.000122063,1.023577731
0,6,0,1,15,4,1,1.009822495,-4.00E-15,-1,1,0.001953125,0.536132813,-0.849609375,1.000001907,1.004626539
0,6,2,3,0,4,1,0.994176978,1,2.00E-15,0.543945313,0.831054688,1,-0.002929688,0.993241359,1.000004292
0,6,2,3,1,4,1,1.020963441,1,-2.00E-15,0.515625,0.833984375,0.999023438,-0.00390625,0.980509601,0.999031074
0,6,2,3,2,4,1,1.014405179,-2.00E-15,-1,1,0.037109375,0.552734375,-0.819335938,1.000688316,0.988345419
0,6,2,3,3,4,1,0.983416289,2.00E-15,-1,0.998046875,-0.008789063,0.549804688,-0.841796875,0.998085574,1.005438796
0,6,2,3,4,4,1,1.052981594,1,2.00E-15,0.509765625,0.859375,1,-0.017578125,0.999192866,1.000154483
0,6,2,3,5,4,1,1.011459704,1,-2.00E-15,0.521484375,0.833007813,1,0,0.982775645,1
0,6,2,3,6,4,1,0.965081971,-2.00E-15,-1,1,-0.012695313,0.573242188,-0.850585938,1.000080582,1.025720743
0,6,2,3,7,4,1,1.009104275,2.00E-15,-1,0.999023438,-0.009765625,0.51171875,-0.831054688,0.999071167,0.975965149
0,6,2,3,8,4,1,0.994017862,1,2.00E-15,0.522460938,0.833007813,1,0.016601563,0.983294181,1.000137796
0,6,2,3,9,4,1,1.022765775,1,-2.00E-15,0.544921875,0.84375,0.999023438,-0.025390625,1.0044172,0.999346042
0,6,2,3,10,4,1,0.97762381,-2.00E-15,-1,1,-0.012695313,0.552734375,-0.842773438,1.000080582,1.007860286
0,6,2,3,11,4,1,0.995742123,2.00E-15,-1,0.999023438,-0.004882813,0.541015625,-0.84375,0.99903537,1.002303332
0,6,2,3,12,4,1,0.943025064,1,2.00E-15,0.55859375,0.854492188,1,0.048828125,1.020874075,1.001191383
0,6,2,3,13,4,1,0.955206565,1,-2.00E-15,0.538085938,0.831054688,1,0.041015625,0.99004463,1.000840787
0,6,2,3,14,4,1,1.019952151,-2.00E-15,-1,1,0.013671875,0.54296875,-0.857421875,1.000093456,1.014882917
0,6,2,3,15,4,1,0.995088089,2.00E-15,-1,1,0.022460938,0.5703125,-0.836914063,1.000252215,1.012759347
0,6,0,1,0,5,1,1.031561049,1,-4.00E-15,0.508789063,0.842773438,1,-0.00390625,0.984445721,1.000007629
0,6,0,1,1,5,1,0.976786757,1,0,0.5390625,0.841796875,0.999023438,0.024414063,0.999605101,0.999321708
0,6,0,1,2,5,1,1.01812041,0,-1,1,0.014648438,0.541992188,-0.850585938,1.000107283,1.008589098
0,6,0,1,3,5,1,1.030313511,-4.00E-15,-1,1,0.00390625,0.524414063,-0.866210938,1.000007629,1.012586538
0,6,0,1,4,5,1,0.969005007,1,-4.00E-15,0.5390625,0.822265625,0.999023438,0.021484375,0.983213678,0.999254426
0,6,0,1,5,5,1,0.950621136,1,0,0.56640625,0.840820313,0.999023438,0.02734375,1.013802169,0.999397573
0,6,0,1,6,5,1,0.993861875,0,-1,1,0.001953125,0.552734375,-0.845703125,1.000001907,1.01031137
0,6,0,1,7,5,1,1.012171693,-4.00E-15,-1,1,0.01953125,0.541015625,-0.829101563,1.000190717,0.990003691
0,6,0,1,8,5,1,0.958262061,1,-4.00E-15,0.564453125,0.85546875,1,0.029296875,1.02490688,1.000429061
0,6,0,1,9,5,1,1.005345648,1,0,0.499023438,0.83984375,0.999023438,0.029296875,0.976914487,0.999452918
0,6,0,1,10,5,1,0.965118875,0,-1,1,-0.028320313,0.541992188,-0.83203125,1.00040094,0.992991205
0,6,0,1,11,5,1,1.007110291,-4.00E-15,-1,1,0.006835938,0.543945313,-0.84765625,1.000023365,1.007173084
0,6,0,1,12,5,1,1.005727547,1,-4.00E-15,0.522460938,0.84765625,0.999023438,0.012695313,0.995734176,0.999104098
0,6,0,1,13,5,1,1.004606617,1,0,0.530273438,0.837890625,1,0.001953125,0.991589944,1.000001907
0,6,0,1,14,5,1,1.025206409,0,-1,1,0.00390625,0.510742188,-0.833984375,1.000007629,0.977950674
0,6,0,1,15,5,1,0.972473586,-4.00E-15,-1,1,-0.006835938,0.563476563,-0.838867188,1.000023365,1.010546384
0,6,2,3,0,5,1,0.979189139,1,2.00E-15,0.534179688,0.84765625,1,0.029296875,1.001932661,1.000429061
0,6,2,3,1,5,1,0.980352921,1,-2.00E-15,0.52734375,0.857421875,1,0.0390625,1.006610005,1.000762649
0,6,2,3,2,5,1,0.993140908,-2.00E-15,-1,1,0.001953125,0.547851563,-0.836914063,1.000001907,1.000283201
0,6,2,3,3,5,1,1.045105702,2.00E-15,-1,1,0.051757813,0.543945313,-0.834960938,1.00133854,0.996512052
0,6,2,3,4,5,1,0.98276792,1,2.00E-15,0.545898438,0.831054688,1,0.006835938,0.994312324,1.000023365
0,6,2,3,5,5,1,1.022572763,1,-2.00E-15,0.556640625,0.865234375,0.999023438,-0.0234375,1.028824236,0.999298326
0,6,2,3,6,5,1,0.982914253,-2.00E-15,-1,1,-0.000976563,0.546875,-0.822265625,1.000000477,0.987518619
0,6,2,3,7,5,1,0.996017267,2.00E-15,-1,1,0.0078125,0.55078125,-0.8359375,1.000030517,1.001075167
0,6,2,3,8,5,1,1.02475539,1,2.00E-15,0.522460938,0.846679688,1,-0.006835938,0.994902972,1.000023365
0,6,2,3,9,5,1,0.983860411,1,-2.00E-15,0.5390625,0.84765625,1,0.020507813,1.004544423,1.000210263
0,6,2,3,10,5,1,1.012774131,-2.00E-15,-1,1,0.005859375,0.534179688,-0.844726563,1.000017166,0.999455304
0,6,2,3,11,5,1,0.994137056,2.00E-15,-1,1,0.017578125,0.559570313,-0.828125,1.000154483,0.999454827
0,6,2,3,12,5,1,0.962679413,1,2.00E-15,0.57421875,0.84765625,0.999023438,0.012695313,1.023839973,0.999104098
0,6,2,3,13,5,1,1.009557595,1,-2.00E-15,0.529296875,0.84375,1,0.000976563,0.996026729,1.000000477
0,6,2,3,14,5,1,0.987858029,-2.00E-15,-1,1,-0.001953125,0.55078125,-0.838867188,1.000001907,1.003522867
0,6,2,3,15,5,1,0.993391502,2.00E-15,-1,1,0.00390625,0.555664063,-0.845703125,1.000007629,1.011917154
0,6,0,1,0,6,1,0.965347477,1,-4.00E-15,0.537109375,0.83203125,1,0.032226563,0.99033453,1.000519141
0,6,0,1,1,6,1,1.021497147,1,0,0.532226563,0.837890625,1,-0.016601563,0.992635791,1.000137796
0,6,0,1,2,6,1,1.012203622,0,-1,0.999023438,0.014648438,0.547851563,-0.848632813,0.999130825,1.010108403
0,6,0,1,3,6,1,1.006363902,-4.00E-15,-1,0.999023438,-0.008789063,0.534179688,-0.860351563,0.999062098,1.012695783
0,6,0,1,4,6,1,1.053286791,1,-4.00E-15,0.518554688,0.861328125,1,-0.024414063,1.005378089,1.000297979
0,6,0,1,5,6,1,1.051712757,1,0,0.528320313,0.828125,1,-0.048828125,0.98230004,1.001191383
0,6,0,1,6,6,1,1.050336148,0,-1,1,0.041015625,0.521484375,-0.829101563,1.000840787,0.979466872
0,6,0,1,7,6,1,0.966949633,-4.00E-15,-1,1,-0.002929688,0.581054688,-0.84765625,1.000004292,1.02768948
0,6,0,1,8,6,1,1.027895153,1,-4.00E-15,0.53125,0.861328125,1,-0.009765625,1.011984536,1.000047683
0,6,0,1,9,6,1,1.023150524,1,0,0.506835938,0.831054688,1,0,0.973413869,1
0,6,0,1,10,6,1,0.988935383,0,-1,1,0.002929688,0.55859375,-0.84375,1.000004292,1.011899718
0,6,0,1,11,6,1,0.997312571,-4.00E-15,-1,0.999023438,0.018554688,0.559570313,-0.83203125,0.999195729,1.002693839
0,6,0,1,12,6,1,0.994430862,1,-4.00E-15,0.5546875,0.8515625,1,-0.000976563,1.016285843,1.000000477
0,6,0,1,13,6,1,0.998630739,1,0,0.537109375,0.833984375,1,0,0.991976017,1
0,6,0,1,14,6,1,0.99738929,0,-1,0.999023438,0,0.553710938,-0.857421875,0.999023438,1.020670404
0,6,0,1,15,6,1,1.018165803,-4.00E-15,-1,1,0.022460938,0.536132813,-0.827148438,1.000252215,0.985704281
0,6,2,3,0,6,1,0.982767317,1,2.00E-15,0.5234375,0.842773438,0.999023438,0.032226563,0.992095703,0.999543086
0,6,2,3,1,6,1,1.019469398,1,-2.00E-15,0.517578125,0.83984375,1,-0.000976563,0.986521485,1.000000477
0,6,2,3,2,6,1,0.999798981,-2.00E-15,-1,1,-0.0078125,0.530273438,-0.83984375,1.000030517,0.993240879
0,6,2,3,3,6,1,0.979551377,2.00E-15,-1,1,0.001953125,0.553710938,-0.821289063,1.000001907,0.99051074
0,6,2,3,4,6,1,1.025178277,1,2.00E-15,0.567382813,0.870117188,1,-0.032226563,1.038762329,1.000519141
0,6,2,3,5,6,1,0.984604193,1,-2.00E-15,0.561523438,0.856445313,1,0.005859375,1.024112857,1.000017166
0,6,2,3,6,6,1,1.005149962,-2.00E-15,-1,1,-0.004882813,0.534179688,-0.850585938,1.000011921,1.004412453
0,6,2,3,7,6,1,0.978340903,2.00E-15,-1,1,-0.008789063,0.55078125,-0.833984375,1.000038623,0.999444807
0,6,2,3,8,6,1,0.955059465,1,2.00E-15,0.5625,0.8359375,1,0.0234375,1.007570223,1.00027462
0,6,2,3,9,6,1,0.992812593,1,-2.00E-15,0.528320313,0.84375,1,0.018554688,0.995508119,1.000172123
0,6,2,3,10,6,1,0.997901565,-2.00E-15,-1,1,-0.000976563,0.546875,-0.849609375,1.000000477,1.010400097
0,6,2,3,11,6,1,0.985749722,2.00E-15,-1,1,-0.010742188,0.537109375,-0.830078125,1.000057696,0.988694176
0,6,2,3,12,6,1,1.025836682,1,2.00E-15,0.513671875,0.841796875,0.999023438,-0.002929688,0.986144398,0.999027733
0,6,2,3,13,6,1,1.014067811,1,-2.00E-15,0.547851563,0.846679688,1,-0.017578125,1.00846806,1.000154483
0,6,2,3,14,6,1,0.982798857,-2.00E-15,-1,1,-0.016601563,0.529296875,-0.823242188,1.000137796,0.978714913
0,6,2,3,15,6,1,0.99423115,2.00E-15,-1,1,-0.022460938,0.521484375,-0.842773438,1.000252215,0.991066607
0,6,0,1,0,7,1,0.992153534,1,-4.00E-15,0.549804688,0.852539063,1,0.005859375,1.014449628,1.000017166
0,6,0,1,1,7,1,1.002093113,1,0,0.5078125,0.840820313,1,0.025390625,0.982268972,1.00032229
0,6,0,1,2,7,1,1.041646452,0,-1,1,0.034179688,0.52734375,-0.834960938,1.000583955,0.987548074
0,6,0,1,3,7,1,1.040316192,-4.00E-15,-1,1,0.038085938,0.532226563,-0.833007813,1.000725007,0.988517642
0,6,0,1,4,7,1,1.001246685,1,-4.00E-15,0.533203125,0.856445313,1,0.012695313,1.008862798,1.000080582
0,6,0,1,5,7,1,1.001360329,1,0,0.541015625,0.850585938,1,0.002929688,1.008064652,1.000004292
0,6,0,1,6,7,1,1.048646356,0,-1,1,0.045898438,0.532226563,-0.833984375,1.001052779,0.989340716
0,6,0,1,7,7,1,0.998149483,-4.00E-15,-1,1,-0.012695313,0.528320313,-0.842773438,1.000080582,0.994680562
0,6,0,1,8,7,1,0.981214777,1,-4.00E-15,0.572265625,0.85546875,1,0,1.029230163,1
0,6,0,1,9,7,1,1.028659302,1,0,0.528320313,0.850585938,1,-0.013671875,1.001308539,1.000093456
0,6,0,1,10,7,1,1.018534076,0,-1,0.999023438,0.010742188,0.538085938,-0.852539063,0.99908119,1.008146482
0,6,0,1,11,7,1,0.97981255,-4.00E-15,-1,1,-0.01953125,0.540039063,-0.83984375,1.000190717,0.998488715
0,6,0,1,12,7,1,0.984111253,1,-4.00E-15,0.572265625,0.827148438,1,-0.018554688,1.005814338,1.000172123
0,6,0,1,13,7,1,0.94114717,1,0,0.565429688,0.831054688,1,0.032226563,1.005167959,1.000519141
0,6,0,1,14,7,1,1.023577889,0,-1,1,0.004882813,0.526367188,-0.854492188,1.000011921,1.003603166
0,6,0,1,15,7,1,0.972806212,-4.00E-15,-1,1,-0.004882813,0.563476563,-0.8359375,1.000011921,1.008115738
0,6,2,3,0,7,1,0.958908079,1,2.00E-15,0.536132813,0.833007813,1,0.040039063,0.990626271,1.000801242
0,6,2,3,1,7,1,1.019690838,1,-2.00E-15,0.546875,0.859375,1,-0.015625,1.018625376,1.000122063
0,6,2,3,2,7,1,1.001628159,-2.00E-15,-1,1,0.012695313,0.557617188,-0.84765625,1.000080582,1.01462212
0,6,2,3,3,7,1,1.022474733,2.00E-15,-1,1,0.008789063,0.514648438,-0.826171875,1.000038623,0.973356554
0,6,2,3,4,7,1,0.992288826,1,2.00E-15,0.545898438,0.8359375,0.999023438,0,0.998397019,0.999023438
0,6,2,3,5,7,1,1.006920668,1,-2.00E-15,0.528320313,0.830078125,1,-0.002929688,0.983947177,1.000004292
0,6,2,3,6,7,1,0.993902729,-2.00E-15,-1,1,0.004882813,0.549804688,-0.8359375,1.000011921,1.000538204
0,6,2,3,7,7,1,0.992661457,2.00E-15,-1,1,-0.008789063,0.540039063,-0.84375,1.000038623,1.001776548
0,6,2,3,8,7,1,0.984836583,1,2.00E-15,0.5390625,0.84765625,1,0.01953125,1.004544423,1.000190717
0,6,2,3,9,7,1,1.012327604,1,-2.00E-15,0.533203125,0.836914063,1,-0.008789063,0.992335992,1.000038623
0,6,2,3,10,7,1,0.981303329,-2.00E-15,-1,1,-0.015625,0.541015625,-0.836914063,1.000122063,0.996555595
0,6,2,3,11,7,1,1.01431118,2.00E-15,-1,1,0.017578125,0.538085938,-0.83203125,1.000154483,0.99086451
0,6,2,3,12,7,1,1.018341285,1,2.00E-15,0.575195313,0.854492188,1,-0.040039063,1.03005172,1.000801242
0,6,2,3,13,7,1,0.981719825,1,-2.00E-15,0.551757813,0.83984375,1,0.0078125,1.00487522,1.000030517
0,6,2,3,14,7,1,0.995660679,-2.00E-15,-1,1,-0.0078125,0.541992188,-0.850585938,1.000030517,1.008589098
0,6,2,3,15,7,1,0.976050792,2.00E-15,-1,0.999023438,-0.015625,0.533203125,-0.815429688,0.99914562,0.974284942
0,6,0,1,0,8,1,0.983272165,1,-4.00E-15,0.540039063,0.821289063,1,0.005859375,0.982933321,1.000017166
0,6,0,1,1,8,1,0.982443125,1,0,0.537109375,0.860351563,1,0.030273438,1.014244197,1.000458136
0,6,0,1,2,8,1,0.987402249,0,-1,1,-0.009765625,0.541992188,-0.838867188,1.000047683,0.998726033
0,6,0,1,3,8,1,1.013516544,-4.00E-15,-1,0.998046875,0.01171875,0.545898438,-0.853515625,0.998115672,1.013160415
0,6,0,1,4,8,1,1.000589123,1,-4.00E-15,0.588867188,0.836914063,1,-0.04296875,1.023322878,1.000922731
0,6,0,1,5,8,1,1.007470208,1,0,0.557617188,0.828125,1,-0.029296875,0.998362631,1.000429061
0,6,0,1,6,8,1,0.997560334,0,-1,0.998046875,-0.001953125,0.54296875,-0.844726563,0.998048786,1.004180277
0,6,0,1,7,8,1,0.967443964,-4.00E-15,-1,1,-0.002929688,0.579101563,-0.845703125,1.000004292,1.024974339
0,6,0,1,8,8,1,1.03248952,1,-4.00E-15,0.557617188,0.83984375,1,-0.047851563,1.008104386,1.001144231
0,6,0,1,9,8,1,1.00707151,1,0,0.538085938,0.845703125,1,-0.002929688,1.002372312,1.000004292
0,6,0,1,10,8,1,0.991727963,0,-1,1,0.012695313,0.5625,-0.836914063,1.000080582,1.008380582
0,6,0,1,11,8,1,1.008747374,-4.00E-15,-1,1,0.022460938,0.555664063,-0.83984375,1.000252215,1.00702536
0,6,0,1,12,8,1,0.965655913,1,-4.00E-15,0.543945313,0.848632813,1,0.03515625,1.007995116,1.00061779
0,6,0,1,13,8,1,0.914334057,1,0,0.575195313,0.833984375,1,0.052734375,1.013103936,1.001389492
0,6,0,1,14,8,1,0.997746851,0,-1,1,-0.01171875,0.524414063,-0.833984375,1.000068662,0.985159909
0,6,0,1,15,8,1,0.963402473,-4.00E-15,-1,1,-0.018554688,0.538085938,-0.805664063,1.000172123,0.968829736
0,6,2,3,0,8,1,0.976466134,1,2.00E-15,0.520507813,0.828125,1,0.033203125,0.978120339,1.000551072
0,6,2,3,1,8,1,0.984490231,1,-2.00E-15,0.532226563,0.829101563,1,0.015625,0.985228154,1.000122063
0,6,2,3,2,8,1,0.981778179,-2.00E-15,-1,1,-0.002929688,0.547851563,-0.825195313,1.000004292,0.990499186
0,6,2,3,3,8,1,0.994888104,2.00E-15,-1,1,-0.018554688,0.528320313,-0.84765625,1.000172123,0.99882104
0,6,2,3,4,8,1,0.947239071,1,2.00E-15,0.54296875,0.856445313,1,0.05859375,1.014058005,1.001715143
0,6,2,3,5,8,1,1.005602993,1,-2.00E-15,0.568359375,0.838867188,0.999023438,-0.030273438,1.013277128,0.999482021
0,6,2,3,6,8,1,0.951947241,-2.00E-15,-1,1,-0.038085938,0.555664063,-0.846679688,1.000725007,1.012733451
0,6,2,3,7,8,1,0.954989366,2.00E-15,-1,1,-0.013671875,0.564453125,-0.821289063,1.000093456,0.996555595
0,6,2,3,8,8,1,0.998162214,1,2.00E-15,0.544921875,0.852539063,1,0.00390625,1.011811595,1.000007629
0,6,2,3,9,8,1,0.981087913,1,-2.00E-15,0.538085938,0.842773438,1,0.021484375,0.999901767,1.000230763
0,6,2,3,10,8,1,1.012319395,-2.00E-15,-1,1,0.004882813,0.534179688,-0.845703125,1.000011921,1.000280818
0,6,2,3,11,8,1,1.002815107,2.00E-15,-1,1,0.008789063,0.565429688,-0.869140625,1.000038623,1.036878082
0,6,2,3,12,8,1,0.983778758,1,2.00E-15,0.548828125,0.83203125,1,0.00390625,0.996738838,1.000007629
0,6,2,3,13,8,1,0.951890657,1,-2.00E-15,0.534179688,0.817382813,0.999023438,0.040039063,0.976454096,0.999825462
0,6,2,3,14,8,1,1.018123324,-2.00E-15,-1,1,0.015625,0.540039063,-0.845703125,1.000122063,1.003422127
0,6,2,3,15,8,1,0.968448699,2.00E-15,-1,1,-0.009765625,0.561523438,-0.833984375,1.000047683,1.005404649
0,6,0,1,0,9,1,1.004427441,1,-4.00E-15,0.54296875,0.861328125,1,0.00390625,1.01818525,1.000007629
0,6,0,1,1,9,1,0.990809622,1,0,0.543945313,0.842773438,1,0.006835938,1.003067081,1.000023365
0,6,0,1,2,9,1,1.015501642,0,-1,0.999023438,-0.017578125,0.504882813,-0.846679688,0.999178072,0.985785548
0,6,0,1,3,9,1,0.990467062,-4.00E-15,-1,1,-0.004882813,0.551757813,-0.850585938,1.000011921,1.013870367
0,6,0,1,4,9,1,1.00959939,1,-4.00E-15,0.545898438,0.840820313,1,-0.014648438,1.002488854,1.000107283
0,6,0,1,5,9,1,1.042124239,1,0,0.53125,0.833007813,1,-0.0390625,0.987992195,1.000762649
0,6,0,1,6,9,1,1.029976168,0,-1,1,0.012695313,0.524414063,-0.848632813,1.000080582,0.997590978
0,6,0,1,7,9,1,1.000072347,-4.00E-15,-1,1,0.001953125,0.545898438,-0.846679688,1.000001907,1.007408357
0,6,0,1,8,9,1,0.949162186,1,-4.00E-15,0.567382813,0.846679688,1,0.03125,1.019210356,1.000488162
0,6,0,1,9,9,1,0.980480824,1,0,0.55078125,0.8203125,1,-0.000976563,0.98806507,1.000000477
0,6,0,1,10,9,1,1.036682766,0,-1,1,0.029296875,0.541015625,-0.856445313,1.000429061,1.013013563
0,6,0,1,11,9,1,0.986169187,-4.00E-15,-1,1,-0.022460938,0.525390625,-0.833984375,1.000252215,0.985680093
0,6,0,1,12,9,1,0.961866967,1,-4.00E-15,0.587890625,0.85546875,1,0.006835938,1.037999118,1.000023365
0,6,0,1,13,9,1,0.984778582,1,0,0.547851563,0.818359375,0.999023438,-0.00390625,0.984811353,0.999031074
0,6,0,1,14,9,1,1.031244625,0,-1,0.999023438,0.0234375,0.526367188,-0.833984375,0.999298326,0.98620097
0,6,0,1,15,9,1,0.967011173,-4.00E-15,-1,0.999023438,-0.030273438,0.546875,-0.846679688,0.999482021,1.007937874
0,6,2,3,0,9,1,0.95123738,1,2.00E-15,0.567382813,0.83984375,0.999023438,0.025390625,1.013538741,0.999346042
0,6,2,3,1,9,1,0.974932717,1,-2.00E-15,0.547851563,0.844726563,1,0.020507813,1.006828833,1.000210263
0,6,2,3,2,9,1,0.990918969,-2.00E-15,-1,1,-0.014648438,0.53515625,-0.84375,1.000107283,0.999152778
0,6,2,3,3,9,1,1.001518608,2.00E-15,-1,1,0.002929688,0.547851563,-0.850585938,1.000004292,1.011749856
0,6,2,3,4,9,1,0.999426729,1,2.00E-15,0.516601563,0.830078125,0.998046875,0.014648438,0.977704898,0.998154368
0,6,2,3,5,9,1,0.982525123,1,-2.00E-15,0.559570313,0.838867188,0.998046875,0,1.008373489,0.998046875
0,6,2,3,6,9,1,0.99668439,-2.00E-15,-1,1,-0.020507813,0.534179688,-0.864257813,1.000210263,1.016016489
0,6,2,3,7,9,1,1.039695004,2.00E-15,-1,1,0.025390625,0.517578125,-0.83203125,1.00032229,0.979879134
0,6,2,3,8,9,1,0.989012706,1,2.00E-15,0.530273438,0.818359375,1,0.006835938,0.975142033,1.000023365
0,6,2,3,9,9,1,1.004230747,1,-2.00E-15,0.548828125,0.853515625,0.999023438,-0.004882813,1.014741954,0.99903537
0,6,2,3,10,9,1,1.013130803,-2.00E-15,-1,1,-0.0078125,0.51953125,-0.84765625,1.000030517,0.9942001
0,6,2,3,11,9,1,1.013577207,2.00E-15,-1,1,0.016601563,0.5390625,-0.833984375,1.000137796,0.993034902
0,6,2,3,12,9,1,0.979676138,1,2.00E-15,0.538085938,0.833007813,0.999023438,0.017578125,0.991684674,0.999178072
0,6,2,3,13,9,1,0.99663719,1,-2.00E-15,0.541992188,0.850585938,1,0.006835938,1.008589098,1.000023365
0,6,2,3,14,9,1,1.026992245,-2.00E-15,-1,1,-0.00390625,0.495117188,-0.826171875,1.000007629,0.963172361
0,6,2,3,15,9,1,0.996919929,2.00E-15,-1,0.999023438,0.009765625,0.548828125,-0.831054688,0.999071167,0.995923794
0,6,0,1,0,10,1,0.991330429,1,-4.00E-15,0.546875,0.81640625,1,-0.010742188,0.982645119,1.000057696
0,6,0,1,1,10,1,1.046070656,1,0,0.508789063,0.87109375,1,-0.00390625,1.008796625,1.000007629
0,6,0,1,2,10,1,0.997414854,0,-1,1,0.001953125,0.53515625,-0.825195313,1.000001907,0.983534197
0,6,0,1,3,10,1,1.074942796,-4.00E-15,-1,1,0.028320313,0.495117188,-0.856445313,1.00040094,0.989262151
0,6,0,1,4,10,1,1.015736624,1,-4.00E-15,0.520507813,0.848632813,1,0.004882813,0.995543085,1.000011921
0,6,0,1,5,10,1,0.96659035,1,0,0.546875,0.84765625,1,0.03125,1.008758338,1.000488162
0,6,0,1,6,10,1,0.987747475,0,-1,1,-0.013671875,0.548828125,-0.857421875,1.000093456,1.018029755
0,6,0,1,7,10,1,1.022463396,-4.00E-15,-1,1,0.01171875,0.530273438,-0.845703125,1.000068662,0.998200227
0,6,0,1,8,10,1,0.960887223,1,-4.00E-15,0.559570313,0.858398438,1,0.032226563,1.024678882,1.000519141
0,6,0,1,9,10,1,1.019987294,1,0,0.533203125,0.833007813,0.999023438,-0.018554688,0.989043775,0.999195729
0,6,0,1,10,10,1,0.956109357,0,-1,0.999023438,-0.046875,0.526367188,-0.825195313,1.00012254,0.97877971
0,6,0,1,11,10,1,0.999468241,-4.00E-15,-1,1,0.002929688,0.556640625,-0.860351563,1.000004292,1.024721229
0,6,0,1,12,10,1,0.972638767,1,-4.00E-15,0.576171875,0.834960938,0.999023438,-0.005859375,1.014462319,0.99904062
0,6,0,1,13,10,1,0.981666793,1,0,0.53125,0.84765625,1,0.029296875,1.00037377,1.000429061
0,6,0,1,14,10,1,1.011432501,0,-1,1,-0.002929688,0.530273438,-0.852539063,1.000004292,1.003998392
0,6,0,1,15,10,1,0.993119414,-4.00E-15,-1,1,-0.008789063,0.541992188,-0.84765625,1.000038623,1.0061196
0,6,2,3,0,10,1,1.020960728,1,2.00E-15,0.532226563,0.826171875,1,-0.022460938,0.982764001,1.000252215
0,6,2,3,1,10,1,0.940138499,1,-2.00E-15,0.563476563,0.828125,1,0.033203125,1.00164707,1.000551072
0,6,2,3,2,10,1,0.966842658,-2.00E-15,-1,1,-0.0078125,0.560546875,-0.826171875,1.000030517,0.998385079
0,6,2,3,3,10,1,1.038958629,2.00E-15,-1,1,0.021484375,0.525390625,-0.850585938,1.000230763,0.999765846
0,6,2,3,4,10,1,1.053259478,1,2.00E-15,0.516601563,0.848632813,1,-0.029296875,0.993506329,1.000429061
0,6,2,3,5,10,1,1.02011949,1,-2.00E-15,0.53515625,0.856445313,0.999023438,-0.0078125,1.009896423,0.999053984
0,6,2,3,6,10,1,0.982533552,-2.00E-15,-1,1,-0.002929688,0.560546875,-0.845703125,1.000004292,1.014606611
0,6,2,3,7,10,1,1.034828767,2.00E-15,-1,1,0.015625,0.526367188,-0.85546875,1.000122063,1.004434766
0,6,2,3,8,10,1,1.049132747,1,2.00E-15,0.534179688,0.852539063,1,-0.038085938,1.006066992,1.000725007
0,6,2,3,9,10,1,1.009861954,1,-2.00E-15,0.522460938,0.838867188,1,0.00390625,0.988262915,1.000007629
0,6,2,3,10,10,1,1.009926772,-2.00E-15,-1,1,-0.00390625,0.53515625,-0.859375,1.000007629,1.012382143
0,6,2,3,11,10,1,0.966176071,2.00E-15,-1,0.999023438,-0.01953125,0.561523438,-0.84765625,0.999214341,1.016774158
0,6,2,3,12,10,1,0.962402008,1,2.00E-15,0.541015625,0.83984375,1,0.036132813,0.999017233,1.000652577
0,6,2,3,13,10,1,0.971410723,1,-2.00E-15,0.55859375,0.834960938,1,0.009765625,1.004582871,1.000047683
0,6,2,3,14,10,1,1.039149096,-2.00E-15,-1,1,0.045898438,0.549804688,-0.84375,1.001052779,1.007074603
0,6,2,3,15,10,1,1.010537042,2.00E-15,-1,1,0.006835938,0.549804688,-0.86328125,1.000023365,1.023493874
0,6,0,1,0,11,1,1.037734735,1,-4.00E-15,0.52734375,0.82421875,1,-0.036132813,0.978482488,1.000652577
0,6,0,1,1,11,1,0.97924642,1,0,0.572265625,0.8203125,1,-0.017578125,1.000200252,1.000154483
0,6,0,1,2,11,1,0.982472415,0,-1,1,0.008789063,0.568359375,-0.8359375,1.000038623,1.010853047
0,6,0,1,3,11,1,0.985258873,-4.00E-15,-1,1,-0.008789063,0.538085938,-0.827148438,1.000038623,0.986767964
0,6,0,1,4,11,1,0.985840443,1,-4.00E-15,0.521484375,0.83984375,1,0.029296875,0.988576491,1.000429061
0,6,0,1,5,11,1,1.014670935,1,0,0.522460938,0.853515625,1,0.006835938,1.000726912,1.000023365
0,6,0,1,6,11,1,1.009439808,0,-1,1,0.01953125,0.54296875,-0.827148438,1.000190717,0.989439034
0,6,0,1,7,11,1,1.009074052,-4.00E-15,-1,1,0.053710938,0.565429688,-0.799804688,1.001441394,0.97948878
0,6,0,1,8,11,1,1.007342444,1,-4.00E-15,0.53125,0.830078125,1,-0.005859375,0.985523341,1.000017166
0,6,0,1,9,11,1,0.997977948,1,0,0.509765625,0.827148438,1,0.020507813,0.971614908,1.000210263
0,6,0,1,10,11,1,0.991147483,0,-1,1,0.005859375,0.540039063,-0.814453125,1.000017166,0.977228777
0,6,0,1,11,11,1,1.009792036,-4.00E-15,-1,1,-0.004882813,0.529296875,-0.8515625,1.000011921,1.002653416
0,6,0,1,12,11,1,0.993246182,1,-4.00E-15,0.5390625,0.837890625,1,0.005859375,0.99631776,1.000017166
0,6,0,1,13,11,1,0.993716572,1,0,0.522460938,0.837890625,1,0.01953125,0.987434115,1.000190717
0,6,0,1,14,11,1,1.026525764,0,-1,0.999023438,0.03515625,0.5546875,-0.84765625,0.999641831,1.013014976
0,6,0,1,15,11,1,1.056867801,-4.00E-15,-1,1,0.041992188,0.525390625,-0.845703125,1.000881284,0.995614928
0,6,2,3,0,11,1,1.01920012,1,2.00E-15,0.548828125,0.865234375,1,-0.013671875,1.024618385,1.000093456
0,6,2,3,1,11,1,0.938633151,1,-2.00E-15,0.55078125,0.83984375,1,0.051757813,1.00433934,1.00133854
0,6,2,3,2,11,1,0.948377694,-2.00E-15,-1,1,-0.04296875,0.556640625,-0.850585938,1.000922731,1.016535893
0,6,2,3,3,11,1,0.985268823,2.00E-15,-1,1,-0.01171875,0.528320313,-0.817382813,1.000068662,0.973261021
0,6,2,3,4,11,1,0.996961478,1,2.00E-15,0.541992188,0.862304688,1,0.012695313,1.018491485,1.000080582
0,6,2,3,5,11,1,0.955751788,1,-2.00E-15,0.544921875,0.840820313,1,0.040039063,1.001957408,1.000801242
0,6,2,3,6,11,1,1.043179152,-2.00E-15,-1,0.998046875,0.026367188,0.524414063,-0.84765625,0.998395109,0.996760366
0,6,2,3,7,11,1,1.00962551,2.00E-15,-1,1,0.0078125,0.537109375,-0.83984375,1.000030517,0.99690722
0,6,2,3,8,11,1,0.992224847,1,2.00E-15,0.529296875,0.826171875,1,0.008789063,0.981180487,1.000038623
0,6,2,3,9,11,1,0.997600691,1,-2.00E-15,0.543945313,0.85546875,1,0.006835938,1.013757015,1.000023365
0,6,2,3,10,11,1,0.998993601,-2.00E-15,-1,0.999023438,0.001953125,0.526367188,-0.814453125,0.999025347,0.969740331
0,6,2,3,11,11,1,0.969542444,2.00E-15,-1,0.999023438,-0.028320313,0.544921875,-0.844726563,0.999424769,1.005237691
0,6,2,3,12,11,1,0.989508637,1,2.00E-15,0.553710938,0.842773438,1,0,1.008396187,1
0,6,2,3,13,11,1,1.006505788,1,-2.00E-15,0.559570313,0.850585938,0.999023438,-0.017578125,1.0181431,0.999178072
0,6,2,3,14,11,1,0.973126062,-2.00E-15,-1,1,-0.010742188,0.55859375,-0.83984375,1.000057696,1.008644884
0,6,2,3,15,11,1,0.942209163,2.00E-15,-1,1,-0.049804688,0.548828125,-0.83984375,1.001239485,1.003269573
0,6,0,1,0,12,1,0.976248814,1,-4.00E-15,0.571289063,0.829101563,1,-0.008789063,1.006866721,1.000038623
0,6,0,1,1,12,1,1.007276973,1,0,0.525390625,0.836914063,1,0.002929688,0.988160137,1.000004292
0,6,0,1,2,12,1,1.010010057,0,-1,0.999023438,-0.006835938,0.514648438,-0.83203125,0.999046825,0.978334818
0,6,0,1,3,12,1,0.96963012,-4.00E-15,-1,1,0.0078125,0.576171875,-0.826171875,1.000030517,1.007240784
0,6,0,1,4,12,1,0.981108385,1,-4.00E-15,0.561523438,0.825195313,1,-0.0078125,0.998126182,1.000030517
0,6,0,1,5,12,1,0.967928218,1,0,0.552734375,0.859375,0.998046875,0.03125,1.021783088,0.998535992
0,6,0,1,6,12,1,0.989199839,0,-1,1,0.029296875,0.577148438,-0.82421875,1.000429061,1.006199218
0,6,0,1,7,12,1,1.006091544,-4.00E-15,-1,0.999023438,-0.010742188,0.52734375,-0.852539063,0.99908119,1.00245413
0,6,0,1,8,12,1,0.988921416,1,-4.00E-15,0.559570313,0.83984375,1,-0.005859375,1.009186038,1.000017166
0,6,0,1,9,12,1,0.980497366,1,0,0.55859375,0.840820313,1,0.00390625,1.009458159,1.000007629
0,6,0,1,10,12,1,1.063377637,0,-1,1,0.041015625,0.524414063,-0.858398438,1.000840787,1.00591152
0,6,0,1,11,12,1,0.99412892,-4.00E-15,-1,1,0.012695313,0.553710938,-0.828125,1.000080582,0.996186136
0,6,0,1,12,12,1,0.969446127,1,-4.00E-15,0.540039063,0.849609375,1,0.03515625,1.006716583,1.00061779
0,6,0,1,13,12,1,0.957283795,1,0,0.546875,0.818359375,1,0.024414063,0.984268425,1.000297979
0,6,0,1,14,12,1,1.017036914,0,-1,1,-0.00390625,0.51953125,-0.84765625,1.000007629,0.9942001
0,6,0,1,15,12,1,1.005206981,-4.00E-15,-1,1,-0.004882813,0.522460938,-0.83203125,1.000011921,0.982467013
0,6,2,3,0,12,1,1.035134437,1,2.00E-15,0.541015625,0.853515625,1,-0.029296875,1.010537891,1.000429061
0,6,2,3,1,12,1,1.009634406,1,-2.00E-15,0.5,0.853515625,1,0.03125,0.98918599,1.000488162
0,6,2,3,2,12,1,0.971028912,-2.00E-15,-1,1,-0.0234375,0.543945313,-0.836914063,1.00027462,0.998149113
0,6,2,3,3,12,1,0.986889331,2.00E-15,-1,1,-0.020507813,0.541015625,-0.856445313,1.000210263,1.013013563
0,6,2,3,4,12,1,1.060836509,1,2.00E-15,0.524414063,0.853515625,1,-0.041015625,1.001747988,1.000840787
0,6,2,3,5,12,1,0.998148134,1,-2.00E-15,0.545898438,0.8359375,1,-0.005859375,0.998397019,1.000017166
0,6,2,3,6,12,1,1.027354271,-2.00E-15,-1,1,0.022460938,0.532226563,-0.837890625,1.000252215,0.992635791
0,6,2,3,7,12,1,1.022799262,2.00E-15,-1,1,0.020507813,0.545898438,-0.854492188,1.000210263,1.013983236
0,6,2,3,8,12,1,0.990119406,1,2.00E-15,0.5625,0.85546875,1,-0.000976563,1.023832522,1.000000477
0,6,2,3,9,12,1,1.000857291,1,-2.00E-15,0.549804688,0.8671875,0.999023438,0.004882813,1.026790804,0.99903537
0,6,2,3,10,12,1,0.995414765,-2.00E-15,-1,1,-0.01171875,0.53515625,-0.846679688,1.000068662,1.001628027
0,6,2,3,11,12,1,1.000227093,2.00E-15,-1,1,-0.015625,0.522460938,-0.842773438,1.000122063,0.991580808
0,6,2,3,12,12,1,0.991964243,1,2.00E-15,0.53515625,0.845703125,1,0.014648438,1.000802672,1.000107283
0,6,2,3,13,12,1,0.978765796,1,-2.00E-15,0.532226563,0.845703125,0.998046875,0.030273438,0.999239155,0.998505907
0,6,2,3,14,12,1,1.006256811,-2.00E-15,-1,1,0.009765625,0.547851563,-0.846679688,1.000047683,1.00846806
0,6,2,3,15,12,1,1.037020561,2.00E-15,-1,1,0.024414063,0.529296875,-0.84765625,1.000297979,0.999337931
0,6,0,1,0,13,1,1.030113841,1,-4.00E-15,0.5078125,0.849609375,0.999023438,0.001953125,0.989802821,0.999025347
0,6,0,1,1,13,1,1.026484821,1,0,0.504882813,0.8359375,1,0.000976563,0.976574707,1.000000477
0,6,0,1,2,13,1,1.037538081,0,-1,1,0.014648438,0.524414063,-0.859375,1.000107283,1.006745002
0,6,0,1,3,13,1,0.993657971,-4.00E-15,-1,1,-0.005859375,0.54296875,-0.844726563,1.000017166,1.004180277
0,6,0,1,4,13,1,1.011590758,1,-4.00E-15,0.549804688,0.813476563,1,-0.03515625,0.981849944,1.00061779
0,6,0,1,5,13,1,1.002129576,1,0,0.514648438,0.830078125,1,0.013671875,0.97667431,1.000093456
0,6,0,1,6,13,1,1.004243519,0,-1,1,0.026367188,0.5546875,-0.823242188,1.000347554,0.992676142
0,6,0,1,7,13,1,0.960134761,-4.00E-15,-1,1,-0.036132813,0.546875,-0.844726563,1.000652577,1.006297784
0,6,0,1,8,13,1,1.0534553,1,-4.00E-15,0.489257813,0.834960938,1,-0.012695313,0.967746338,1.000080582
0,6,0,1,9,13,1,1.003636164,1,0,0.541992188,0.831054688,1,-0.010742188,0.992173082,1.000057696
0,6,0,1,10,13,1,1.028894432,0,-1,0.998046875,0.03125,0.545898438,-0.845703125,0.998535992,1.006587741
0,6,0,1,11,13,1,1.030835062,-4.00E-15,-1,1,0.045898438,0.55078125,-0.830078125,1.001052779,0.996187572
0,6,0,1,12,13,1,0.993962193,1,-4.00E-15,0.553710938,0.87890625,1,0.014648438,1.038783904,1.000107283
0,6,0,1,13,13,1,0.968426703,1,0,0.52734375,0.82421875,1,0.033203125,0.978482488,1.000551072
0,6,0,1,14,13,1,0.936416097,0,-1,1,-0.041015625,0.5625,-0.833984375,1.000840787,1.00595039
0,6,0,1,15,13,1,0.988615419,-4.00E-15,-1,0.999023438,-0.001953125,0.553710938,-0.844726563,0.999025347,1.010029093
0,6,2,3,0,13,1,0.997897614,1,2.00E-15,0.552734375,0.864257813,1,0.00390625,1.025893199,1.000007629
0,6,2,3,1,13,1,1.069278496,1,-2.00E-15,0.50390625,0.875976563,1,-0.020507813,1.010572336,1.000210263
0,6,2,3,2,13,1,1.00646651,-2.00E-15,-1,1,-0.002929688,0.53125,-0.844726563,1.000004292,0.997892543
0,6,2,3,3,13,1,1.031715008,2.00E-15,-1,1,-0.00390625,0.504882813,-0.8515625,1.000007629,0.989982498
0,6,2,3,4,13,1,0.963516142,1,2.00E-15,0.555664063,0.833984375,0.999023438,0.01953125,1.002143946,0.999214341
0,6,2,3,5,13,1,1.028232625,1,-2.00E-15,0.517578125,0.860351563,1,0.000976563,1.004037811,1.000000477
0,6,2,3,6,13,1,1.006576875,-2.00E-15,-1,1,-0.017578125,0.517578125,-0.850585938,1.000154483,0.995682456
0,6,2,3,7,13,1,1.011486247,2.00E-15,-1,1,0.005859375,0.540039063,-0.8515625,1.000017166,1.00836545
0,6,2,3,8,13,1,0.975403096,1,2.00E-15,0.536132813,0.806640625,1,0.008789063,0.968559493,1.000038623
0,6,2,3,9,13,1,1.03438522,1,-2.00E-15,0.513671875,0.852539063,1,-0.005859375,0.995329919,1.000017166
0,6,2,3,10,13,1,0.95607901,-2.00E-15,-1,0.999023438,-0.045898438,0.524414063,-0.8203125,1.000077245,0.973613222
0,6,2,3,11,13,1,1.018713745,2.00E-15,-1,1,-0.002929688,0.520507813,-0.850585938,1.000004292,0.997208514
0,6,2,3,12,13,1,1.003443959,1,2.00E-15,0.536132813,0.848632813,1,0.00390625,1.003800799,1.000007629
0,6,2,3,13,13,1,1.013623875,1,-2.00E-15,0.543945313,0.852539063,1,-0.010742188,1.011285991,1.000057696
0,6,2,3,14,13,1,1.036717414,-2.00E-15,-1,1,0.026367188,0.538085938,-0.857421875,1.000347554,1.012278987
0,6,2,3,15,13,1,0.974037499,2.00E-15,-1,1,-0.01953125,0.548828125,-0.842773438,1.000190717,1.005723311
0,6,0,1,0,14,1,1.014013328,1,-4.00E-15,0.522460938,0.846679688,1,0.00390625,0.994902972,1.000007629
0,6,0,1,1,14,1,0.998389061,1,0,0.5234375,0.819335938,1,0.00390625,0.972264468,1.000007629
0,6,0,1,2,14,1,0.962499107,0,-1,0.999023438,-0.006835938,0.581054688,-0.846679688,0.999046825,1.026884143
0,6,0,1,3,14,1,0.985350165,-4.00E-15,-1,0.999023438,0.006835938,0.564453125,-0.838867188,0.999046825,1.011091237
0,6,0,1,4,14,1,0.981719825,1,-4.00E-15,0.551757813,0.83984375,1,0.0078125,1.00487522,1.000030517
0,6,0,1,5,14,1,0.951354597,1,0,0.549804688,0.834960938,0.999023438,0.037109375,0.999722442,0.999712426
0,6,0,1,6,14,1,1.033690469,0,-1,1,0.028320313,0.520507813,-0.8203125,1.00040094,0.971514787
0,6,0,1,7,14,1,0.947919398,-4.00E-15,-1,1,-0.03515625,0.561523438,-0.842773438,1.00061779,1.012707084
0,6,0,1,8,14,1,1.000794255,1,-4.00E-15,0.521484375,0.834960938,1,0.01171875,0.984431674,1.000068662
0,6,0,1,9,14,1,0.949336054,1,0,0.563476563,0.844726563,1,0.033203125,1.015415581,1.000551072
0,6,0,1,10,14,1,1.017234151,0,-1,1,0.0078125,0.536132813,-0.852539063,1.000030517,1.00710538
0,6,0,1,11,14,1,0.92944384,-4.00E-15,-1,0.998046875,-0.068359375,0.546875,-0.84765625,1.00038521,1.008758338
0,6,0,1,12,14,1,1.007899476,1,-4.00E-15,0.521484375,0.842773438,1,0.008789063,0.991066607,1.000038623
0,6,0,1,13,14,1,0.985607058,1,0,0.55078125,0.82421875,1,-0.00390625,0.991310513,1.000007629
0,6,0,1,14,14,1,0.945975241,0,-1,1,-0.014648438,0.581054688,-0.831054688,1.000107283,1.014039666
0,6,0,1,15,14,1,1.042737446,-4.00E-15,-1,1,0.016601563,0.51171875,-0.844726563,1.000137796,0.987633052
0,6,2,3,0,14,1,0.9989614,1,2.00E-15,0.526367188,0.846679688,1,0.015625,0.996959833,1.000122063
0,6,2,3,1,14,1,0.99232331,1,-2.00E-15,0.537109375,0.84765625,0.999023438,0.013671875,1.003497683,0.999116985
0,6,2,3,2,14,1,0.992705109,-2.00E-15,-1,0.999023438,0.015625,0.58203125,-0.862304688,0.99914562,1.040350782
0,6,2,3,3,14,1,1.012796686,2.00E-15,-1,1,0.017578125,0.557617188,-0.859375,1.000154483,1.024432681
0,6,2,3,4,14,1,1.01469316,1,2.00E-15,0.53125,0.860351563,1,0.002929688,1.011153487,1.000004292
0,6,2,3,5,14,1,1.032664764,1,-2.00E-15,0.5546875,0.833984375,1,-0.048828125,1.001602796,1.001191383
0,6,2,3,6,14,1,0.968490914,-2.00E-15,-1,0.999023438,-0.000976563,0.563476563,-0.821289063,0.999023915,0.996002791
0,6,2,3,7,14,1,1.027610219,2.00E-15,-1,1,0.04296875,0.559570313,-0.842773438,1.000922731,1.011625426
0,6,2,3,8,14,1,0.992273747,1,2.00E-15,0.53515625,0.840820313,1,0.01171875,0.996679994,1.000068662
0,6,2,3,9,14,1,0.965749323,1,-2.00E-15,0.564453125,0.84765625,1,0.017578125,1.018395036,1.000154483
0,6,2,3,10,14,1,1.003185354,-2.00E-15,-1,1,0.033203125,0.57421875,-0.837890625,1.000551072,1.015769596
0,6,2,3,11,14,1,0.965304448,2.00E-15,-1,0.999023438,-0.005859375,0.565429688,-0.827148438,0.99904062,1.001940751
0,6,2,3,12,14,1,0.964871093,1,2.00E-15,0.586914063,0.841796875,1,-0.002929688,1.026201781,1.000004292
0,6,2,3,13,14,1,0.961377421,1,-2.00E-15,0.560546875,0.853515625,1,0.028320313,1.021127671,1.00040094
0,6,2,3,14,14,1,0.950283905,-2.00E-15,-1,1,-0.020507813,0.560546875,-0.819335938,1.000210263,0.992735704
0,6,2,3,15,14,1,0.97401152,2.00E-15,-1,1,-0.032226563,0.538085938,-0.849609375,1.000519141,1.005670207
0,6,0,1,0,15,1,1.009735879,1,-4.00E-15,0.541992188,0.84765625,0.998046875,-0.0078125,1.0061196,0.998077452
0,6,0,1,1,15,1,1.022205607,1,0,0.521484375,0.822265625,1,-0.016601563,0.973687173,1.000137796
0,6,0,1,2,15,1,0.943706002,0,-1,0.999023438,-0.047851563,0.557617188,-0.852539063,1.000168786,1.018704953
0,6,0,1,3,15,1,0.989407039,-4.00E-15,-1,1,0.00390625,0.552734375,-0.833984375,1.000007629,1.000522477
0,6,0,1,4,15,1,1.002929171,1,-4.00E-15,0.504882813,0.83203125,1,0.022460938,0.973233094,1.000252215
0,6,0,1,5,15,1,0.962327417,1,0,0.5625,0.834960938,1,0.015625,1.006760159,1.000122063
0,6,0,1,6,15,1,0.98641168,0,-1,1,-0.018554688,0.537109375,-0.845703125,1.000172123,1.00184842
0,6,0,1,7,15,1,0.952307069,-4.00E-15,-1,1,-0.028320313,0.5546875,-0.828125,1.00040094,0.99672927
0,6,0,1,8,15,1,1.017421482,1,-4.00E-15,0.5078125,0.849609375,1,0.014648438,0.989802821,1.000107283
0,6,0,1,9,15,1,1.007687062,1,0,0.517578125,0.837890625,1,0.009765625,0.984859287,1.000047683
0,6,0,1,10,15,1,0.962726598,0,-1,1,-0.01953125,0.55859375,-0.836914063,1.000190717,1.006206801
0,6,0,1,11,15,1,1.023122857,-4.00E-15,-1,0.998046875,0.012695313,0.521484375,-0.831054688,0.998127615,0.98112071
0,6,0,1,12,15,1,1.016150138,1,-4.00E-15,0.540039063,0.82421875,1,-0.025390625,0.985382533,1.00032229
0,6,0,1,13,15,1,0.959413209,1,0,0.559570313,0.827148438,1,0.016601563,0.998645819,1.000137796
0,6,0,1,14,15,1,1.0231414,0,-1,1,0.01953125,0.53125,-0.833984375,1.000190717,0.988815706
0,6,0,1,15,15,1,1.027202877,-4.00E-15,-1,1,0.0234375,0.541015625,-0.849609375,1.00027462,1.007240784
0,6,2,3,0,15,1,1.019540809,1,2.00E-15,0.55078125,0.837890625,1,-0.030273438,1.002706679,1.000458136
0,6,2,3,1,15,1,0.987985785,1,-2.00E-15,0.57421875,0.87109375,1,0,1.043327127,1
0,6,2,3,2,15,1,1.026501722,-2.00E-15,-1,1,-0.000976563,0.5078125,-0.840820313,1.000000477,0.982268972
0,6,2,3,3,15,1,1.006703235,2.00E-15,-1,1,-0.002929688,0.537109375,-0.854492188,1.000004292,1.009278643
0,6,2,3,4,15,1,0.992580189,1,2.00E-15,0.557617188,0.841796875,1,-0.006835938,1.009732096,1.000023365
0,6,2,3,5,15,1,0.978576202,1,-2.00E-15,0.537109375,0.815429688,1,0.009765625,0.976428213,1.000047683
0,6,2,3,6,15,1,1.012106004,-2.00E-15,-1,1,0.014648438,0.541015625,-0.837890625,1.000107283,0.99737586
0,6,2,3,7,15,1,1.026574453,2.00E-15,-1,1,0.009765625,0.51953125,-0.83984375,1.000047683,0.987547591
0,6,2,3,8,15,1,1.04685125,1,2.00E-15,0.498046875,0.844726563,1,-0.008789063,0.980619016,1.000038623
0,6,2,3,9,15,1,0.995978023,1,-2.00E-15,0.541992188,0.845703125,1,0.004882813,1.004474642,1.000011921
0,6,2,3,10,15,1,1.084705487,-2.00E-15,-1,1,0.046875,0.5,-0.84765625,1.00109803,0.984134705
0,6,2,3,11,15,1,0.994376516,2.00E-15,-1,1,-0.009765625,0.538085938,-0.845703125,1.000047683,1.002372312
0,6,2,3,12,15,1,0.965141559,1,2.00E-15,0.540039063,0.83984375,0.999023438,0.034179688,0.998488715,0.999607963
0,6,2,3,13,15,1,0.954899104,1,-2.00E-15,0.552734375,0.836914063,1,0.032226563,1.002965821,1.000519141
0,6,2,3,14,15,1,1.018307719,-2.00E-15,-1,1,0.018554688,0.53515625,-0.833007813,1.000172123,0.99009809
0,6,2,3,15,15,1,0.993250187,2.00E-15,-1,1,-0.010742188,0.53515625,-0.840820313,1.000057696,0.996679994
0,6,0,1,0,16,1,0.98251987,1,-4.00E-15,0.586914063,0.834960938,1,-0.024414063,1.020601726,1.000297979
0,6,0,1,1,16,1,0.997834746,1,0,0.543945313,0.8359375,1,-0.00390625,0.99733044,1.000007629
0,6,0,1,2,16,1,1.014990646,0,-1,1,0.001953125,0.521484375,-0.8359375,1.000001907,0.985260096
0,6,0,1,3,16,1,1.00384605,-4.00E-15,-1,0.999023438,0,0.545898438,-0.857421875,0.999023438,1.016453332
0,6,0,1,4,16,1,1.04030708,1,-4.00E-15,0.509765625,0.861328125,1,-0.00390625,1.000873184,1.000007629
0,6,0,1,5,16,1,1.0193483,1,0,0.521484375,0.834960938,1,-0.006835938,0.984431674,1.000023365
0,6,0,1,6,16,1,0.992634637,0,-1,1,0.008789063,0.5703125,-0.857421875,1.000038623,1.029771149
0,6,0,1,7,16,1,0.990709029,-4.00E-15,-1,1,-0.016601563,0.54296875,-0.859375,1.000137796,1.016533548
0,6,0,1,8,16,1,1.010775383,1,-4.00E-15,0.544921875,0.837890625,1,-0.016601563,0.99950015,1.000137796
0,6,0,1,9,16,1,1.005975048,1,0,0.514648438,0.842773438,1,0.016601563,0.98748675,1.000137796
0,6,0,1,10,16,1,0.996920596,0,-1,1,-0.0078125,0.54296875,-0.854492188,1.000030517,1.012408989
0,6,0,1,11,16,1,1.027722809,-4.00E-15,-1,1,0.030273438,0.541015625,-0.837890625,1.000458136,0.99737586
0,6,0,1,12,16,1,0.997595015,1,-4.00E-15,0.551757813,0.834960938,1,-0.010742188,1.000797907,1.000057696
0,6,0,1,13,16,1,0.976079911,1,0,0.522460938,0.8359375,1,0.036132813,0.985777325,1.000652577
0,6,0,1,14,16,1,1.041111687,0,-1,0.999023438,0.006835938,0.505859375,-0.850585938,0.999046825,0.989641422
0,6,0,1,15,16,1,0.973613084,-4.00E-15,-1,1,-0.026367188,0.553710938,-0.862304688,1.000347554,1.024775671
0,6,2,3,0,16,1,0.983262508,1,2.00E-15,0.533203125,0.842773438,1,0.0234375,0.997282628,1.00027462
0,6,2,3,1,16,1,0.986590117,1,-2.00E-15,0.563476563,0.837890625,0.999023438,-0.0078125,1.009735874,0.999053984
0,6,2,3,2,16,1,0.964794702,-2.00E-15,-1,1,-0.015625,0.571289063,-0.852539063,1.000122063,1.026252428
0,6,2,3,3,16,1,1.002080295,2.00E-15,-1,1,-0.004882813,0.5390625,-0.852539063,1.000011921,1.008668048
0,6,2,3,4,16,1,0.989930666,1,2.00E-15,0.53515625,0.822265625,1,0.00390625,0.981077454,1.000007629
0,6,2,3,5,16,1,1.03607948,1,-2.00E-15,0.547851563,0.836914063,1,-0.044921875,1.000283201,1.001008479
0,6,2,3,6,16,1,1.027904174,-2.00E-15,-1,1,0.02734375,0.54296875,-0.846679688,1.00037377,1.00582382
0,6,2,3,7,16,1,1.04210595,2.00E-15,-1,0.999023438,0.052734375,0.54296875,-0.826171875,1.000414286,0.988622795
0,6,2,3,8,16,1,1.033837961,1,2.00E-15,0.530273438,0.850585938,1,-0.020507813,1.002340439,1.000210263
0,6,2,3,9,16,1,0.99417493,1,-2.00E-15,0.5546875,0.826171875,1,-0.014648438,0.995107125,1.000107283
0,6,2,3,10,16,1,0.960999433,-2.00E-15,-1,1,-0.045898438,0.529296875,-0.836914063,1.001052779,0.990242561
0,6,2,3,11,16,1,1.035423414,2.00E-15,-1,1,0.055664063,0.557617188,-0.831054688,1.001548046,1.000794095
0,6,2,3,12,16,1,0.969068834,1,2.00E-15,0.54296875,0.821289063,1,0.017578125,0.98454598,1.000154483
0,6,2,3,13,16,1,1.011026734,1,-2.00E-15,0.543945313,0.84765625,0.999023438,-0.010742188,1.007173084,0.99908119
0,6,2,3,14,16,1,1.006848982,-2.00E-15,-1,0.999023438,0.010742188,0.53125,-0.8203125,0.99908119,0.977312212
0,6,2,3,15,16,1,0.985895314,2.00E-15,-1,1,-0.022460938,0.53125,-0.842773438,1.000252215,0.996239745
0,6,0,1,0,17,1,0.986180843,1,-4.00E-15,0.549804688,0.837890625,0.999023438,0.00390625,1.002170591,0.999031074
0,6,0,1,1,17,1,0.998956826,1,0,0.556640625,0.8359375,1,-0.015625,1.004310853,1.000122063
0,6,0,1,2,17,1,0.98884171,0,-1,1,-0.018554688,0.541015625,-0.856445313,1.000172123,1.013013563
0,6,0,1,3,17,1,1.002659704,-4.00E-15,-1,1,0.009765625,0.541992188,-0.831054688,1.000047683,0.992173082
0,6,0,1,4,17,1,0.989227066,1,-4.00E-15,0.553710938,0.84765625,1,0.002929688,1.012480578,1.000004292
0,6,0,1,5,17,1,0.990117272,1,0,0.528320313,0.8515625,1,0.025390625,1.002138236,1.00032229
0,6,0,1,6,17,1,0.982914709,0,-1,1,-0.026367188,0.528320313,-0.83984375,1.000347554,0.992199515
0,6,0,1,7,17,1,0.939240471,-4.00E-15,-1,0.999023438,-0.040039063,0.561523438,-0.8359375,0.999825462,1.00702536
0,6,0,1,8,17,1,0.986566969,1,-4.00E-15,0.56640625,0.836914063,1,-0.010742188,1.010564787,1.000057696
0,6,0,1,9,17,1,0.991419072,1,0,0.553710938,0.83203125,1,-0.0078125,0.999435742,1.000030517
0,6,0,1,10,17,1,0.975404828,0,-1,1,-0.044921875,0.521484375,-0.849609375,1.001008479,0.996886174
0,6,0,1,11,17,1,1.023030681,-4.00E-15,-1,0.999023438,0.008789063,0.537109375,-0.86328125,0.999062098,1.016730543
0,6,0,1,12,17,1,1.041765504,1,-4.00E-15,0.502929688,0.83203125,0.999023438,-0.014648438,0.972221308,0.999130825
0,6,0,1,13,17,1,0.979587286,1,0,0.52734375,0.846679688,1,0.034179688,0.997475776,1.000583955
0,6,0,1,14,17,1,1.008393528,0,-1,1,-0.000976563,0.526367188,-0.836914063,1.000000477,0.988679708
0,6,0,1,15,17,1,0.974712666,-4.00E-15,-1,1,-0.004882813,0.56640625,-0.84375,1.000011921,1.016233291
0,6,2,3,0,17,1,1.057442725,1,2.00E-15,0.505859375,0.838867188,1,-0.029296875,0.9795876,1.000429061
0,6,2,3,1,17,1,1.016092371,1,-2.00E-15,0.521484375,0.827148438,1,-0.0078125,0.977814139,1.000030517
0,6,2,3,2,17,1,0.936697873,-2.00E-15,-1,1,-0.032226563,0.563476563,-0.8203125,1.000519141,0.995197686
0,6,2,3,3,17,1,0.967057306,2.00E-15,-1,1,-0.014648438,0.552734375,-0.827148438,1.000107283,0.994831557
0,6,2,3,4,17,1,0.994293935,1,2.00E-15,0.536132813,0.828125,1,0.001953125,0.986523902,1.000001907
0,6,2,3,5,17,1,1.043619232,1,-2.00E-15,0.512695313,0.836914063,1,-0.022460938,0.981469119,1.000252215
0,6,2,3,6,17,1,1.030262045,-2.00E-15,-1,0.999023438,0.006835938,0.513671875,-0.842773438,0.999046825,0.986978147
0,6,2,3,7,17,1,0.992921659,2.00E-15,-1,1,-0.00390625,0.544921875,-0.842773438,1.000007629,1.003596989
0,6,2,3,8,17,1,1.00491712,1,2.00E-15,0.544921875,0.837890625,1,-0.010742188,0.99950015,1.000057696
0,6,2,3,9,17,1,1.000768842,1,-2.00E-15,0.529296875,0.84375,1,0.009765625,0.996026729,1.000047683
0,6,2,3,10,17,1,0.98278691,-2.00E-15,-1,1,-0.010742188,0.55078125,-0.845703125,1.000057696,1.009244153
0,6,2,3,11,17,1,1.006597098,2.00E-15,-1,1,-0.004882813,0.536132813,-0.856445313,1.000011921,1.010414255
0,6,2,3,12,17,1,1.02845825,1,2.00E-15,0.540039063,0.8359375,1,-0.03125,0.995205352,1.000488162
0,6,2,3,13,17,1,0.985949622,1,-2.00E-15,0.53125,0.83203125,1,0.016601563,0.987168964,1.000137796
0,6,2,3,14,17,1,1.012319395,-2.00E-15,-1,1,0.004882813,0.534179688,-0.845703125,1.000011921,1.000280818
0,6,2,3,15,17,1,1.000692544,2.00E-15,-1,1,0,0.5390625,-0.840820313,1,0.998782848
0,6,0,1,0,18,1,1.009728894,1,-4.00E-15,0.569335938,0.862304688,0.999023438,-0.022460938,1.033301884,0.999275899
0,6,0,1,1,18,1,1.026767039,1,0,0.49609375,0.831054688,1,0.005859375,0.967864093,1.000017166
0,6,0,1,2,18,1,0.954782606,0,-1,0.999023438,-0.0390625,0.560546875,-0.861328125,0.999786831,1.027666745
0,6,0,1,3,18,1,0.975203736,-4.00E-15,-1,1,0,0.560546875,-0.827148438,1,0.999193343
0,6,0,1,4,18,1,1.03141606,1,-4.00E-15,0.524414063,0.833007813,0.999023438,-0.022460938,0.98433334,0.999275899
0,6,0,1,5,18,1,1.011730105,1,0,0.5234375,0.833007813,1,-0.001953125,0.983813413,1.000001907
0,6,0,1,6,18,1,0.95240906,0,-1,1,-0.026367188,0.563476563,-0.837890625,1.000347554,1.009735874
0,6,0,1,7,18,1,1.018786553,-4.00E-15,-1,1,0.020507813,0.540039063,-0.837890625,1.000210263,0.996846472
0,6,0,1,8,18,1,0.947608234,1,-4.00E-15,0.57421875,0.848632813,1,0.028320313,1.024648634,1.00040094
0,6,0,1,9,18,1,0.988441203,1,0,0.512695313,0.856445313,1,0.04296875,0.998175865,1.000922731
0,6,0,1,10,18,1,1.012661684,0,-1,1,0.020507813,0.553710938,-0.84765625,1.000210263,1.012480578
0,6,0,1,11,18,1,1.025285399,-4.00E-15,-1,1,0.0234375,0.528320313,-0.826171875,1.00027462,0.980654026
0,6,0,1,12,18,1,1.014319614,1,-4.00E-15,0.522460938,0.818359375,1,-0.01171875,0.970915804,1.000068662
0,6,0,1,13,18,1,0.967233004,1,0,0.560546875,0.853515625,1,0.022460938,1.021127671,1.000252215
0,6,0,1,14,18,1,1.007880119,0,-1,1,-0.005859375,0.532226563,-0.854492188,1.000017166,1.006688637
0,6,0,1,15,18,1,1.005307821,-4.00E-15,-1,0.998046875,0.010742188,0.540039063,-0.831054688,0.998104684,0.991107503
0,6,2,3,0,18,1,1.006510752,1,2.00E-15,0.5078125,0.841796875,1,0.021484375,0.983105037,1.000230763
0,6,2,3,1,18,1,0.950436147,1,-2.00E-15,0.5546875,0.849609375,1,0.041992188,1.014649847,1.000881284
0,6,2,3,2,18,1,0.987690589,-2.00E-15,-1,1,-0.004882813,0.544921875,-0.834960938,1.000011921,0.997045444
0,6,2,3,3,18,1,0.974097503,2.00E-15,-1,1,-0.04296875,0.528320313,-0.854492188,1.000922731,1.004628912
0,6,2,3,4,18,1,1.018902559,1,2.00E-15,0.521484375,0.8359375,0.999023438,-0.005859375,0.985260096,0.99904062
0,6,2,3,5,18,1,1.034846306,1,-2.00E-15,0.515625,0.827148438,1,-0.021484375,0.974701841,1.000230763
0,6,2,3,6,18,1,0.986447316,-2.00E-15,-1,1,-0.024414063,0.533203125,-0.850585938,1.000297979,1.003893425
0,6,2,3,7,18,1,1.045222257,2.00E-15,-1,1,0.029296875,0.525390625,-0.84765625,1.000429061,0.997274499
0,6,2,3,8,18,1,1.017752435,1,2.00E-15,0.552734375,0.818359375,1,-0.041015625,0.987536002,1.000840787
0,6,2,3,9,18,1,1.008157142,1,-2.00E-15,0.557617188,0.831054688,0.999023438,-0.028320313,1.000794095,0.999424769
0,6,2,3,10,18,1,0.990999497,-2.00E-15,-1,1,-0.014648438,0.533203125,-0.840820313,1.000107283,0.995632648
0,6,2,3,11,18,1,1.017152436,2.00E-15,-1,1,0.017578125,0.541015625,-0.841796875,1.000154483,1.000659725
0,6,2,3,12,18,1,0.985572927,1,2.00E-15,0.510742188,0.84765625,1,0.04296875,0.98963564,1.000922731
0,6,2,3,13,18,1,1.016671783,1,-2.00E-15,0.545898438,0.846679688,1,-0.018554688,1.007408357,1.000172123
0,6,2,3,14,18,1,0.991287289,-2.00E-15,-1,1,-0.0078125,0.530273438,-0.82421875,1.000030517,0.980064522
0,6,2,3,15,18,1,0.989721938,2.00E-15,-1,0.998046875,0.025390625,0.583984375,-0.841796875,0.998369795,1.024529028
0,6,0,1,0,19,1,0.980580457,1,-4.00E-15,0.560546875,0.845703125,1,0.004882813,1.014606611,1.000011921
0,6,0,1,1,19,1,0.969462538,1,0,0.548828125,0.829101563,1,0.016601563,0.99429458,1.000137796
0,6,0,1,2,19,1,0.963345584,0,-1,1,-0.0390625,0.528320313,-0.827148438,1.000762649,0.981476892
0,6,0,1,3,19,1,0.98132157,-4.00E-15,-1,1,-0.030273438,0.5390625,-0.861328125,1.000458136,1.016107533
0,6,0,1,4,19,1,0.974680036,1,-4.00E-15,0.553710938,0.838867188,1,0.012695313,1.005133802,1.000080582
0,6,0,1,5,19,1,1.03826202,1,0,0.522460938,0.828125,0.999023438,-0.030273438,0.979161093,0.999482021
0,6,0,1,6,19,1,0.987431996,0,-1,1,-0.025390625,0.530273438,-0.849609375,1.00032229,1.001511861
0,6,0,1,7,19,1,0.979038469,-4.00E-15,-1,1,-0.030273438,0.533203125,-0.84765625,1.000458136,1.001412348
0,6,0,1,8,19,1,0.956708363,1,-4.00E-15,0.528320313,0.831054688,1,0.047851563,0.984771164,1.001144231
0,6,0,1,9,19,1,0.990381243,1,0,0.534179688,0.846679688,1,0.017578125,1.001106604,1.000154483
0,6,0,1,10,19,1,0.996451916,0,-1,1,0.021484375,0.563476563,-0.831054688,1.000230763,1.00407058
0,6,0,1,11,19,1,1.005643754,-4.00E-15,-1,1,0.013671875,0.548828125,-0.83984375,1.000093456,1.003269573
0,6,0,1,12,19,1,0.987932454,1,-4.00E-15,0.541992188,0.83984375,1,0.009765625,0.999546425,1.000047683
0,6,0,1,13,19,1,0.998064004,1,0,0.53125,0.841796875,1,0.009765625,0.995413754,1.000047683
0,6,0,1,14,19,1,1.019804623,0,-1,1,0.0078125,0.536132813,-0.857421875,1.000030517,1.011242139
0,6,0,1,15,19,1,1.017964243,-4.00E-15,-1,1,0.015625,0.537109375,-0.840820313,1.000122063,0.997730063
0,6,2,3,0,19,1,0.977391434,1,2.00E-15,0.540039063,0.830078125,0.999023438,0.016601563,0.990288787,0.999161369
0,6,2,3,1,19,1,0.992924358,1,-2.00E-15,0.533203125,0.85546875,1,0.020507813,1.008033906,1.000210263
0,6,2,3,2,19,1,1.024424807,-2.00E-15,-1,1,0.028320313,0.552734375,-0.853515625,1.00040094,1.016859976
0,6,2,3,3,19,1,1.029070017,2.00E-15,-1,1,0.03125,0.546875,-0.84765625,1.000488162,1.008758338
0,6,2,3,4,19,1,1.048491609,1,2.00E-15,0.494140625,0.830078125,1,-0.014648438,0.966025181,1.000107283
0,6,2,3,5,19,1,1.021783916,1,-2.00E-15,0.506835938,0.833984375,1,0.002929688,0.97591629,1.000004292
0,6,2,3,6,19,1,0.960912714,-2.00E-15,-1,1,-0.01171875,0.5703125,-0.836914063,1.000068662,1.012759347
0,6,2,3,7,19,1,0.984112186,2.00E-15,-1,0.999023438,-0.029296875,0.533203125,-0.85546875,0.999452918,1.008033906
0,6,2,3,8,19,1,0.985343716,1,2.00E-15,0.55078125,0.848632813,1,0.009765625,1.011700369,1.000047683
0,6,2,3,9,19,1,0.976002739,1,-2.00E-15,0.544921875,0.84765625,0.999023438,0.0234375,1.007700833,0.999298326
0,6,2,3,10,19,1,1.014423739,-2.00E-15,-1,0.999023438,0.03515625,0.553710938,-0.82421875,0.999641831,0.992941262
0,6,2,3,11,19,1,1.010923004,2.00E-15,-1,1,0.018554688,0.556640625,-0.852539063,1.000172123,1.018170732
0,6,2,3,12,19,1,1.028323188,1,2.00E-15,0.53515625,0.838867188,1,-0.025390625,0.995032849,1.00032229
0,6,2,3,13,19,1,1.014589738,1,-2.00E-15,0.51171875,0.833984375,1,0.005859375,0.978461045,1.000017166
0,6,2,3,14,19,1,1.016451971,-2.00E-15,-1,1,0.026367188,0.549804688,-0.837890625,1.000347554,1.002170591
0,6,2,3,15,19,1,1.025034707,2.00E-15,-1,1,0.02734375,0.541992188,-0.83984375,1.00037377,0.999546425
0,7,0,1,0,0,1,1.028372286,1.5,0.5,0.073242188,0.995117188,0.880859375,0.446289063,0.997808917,0.98746502
0,7,0,1,1,0,1,1.01366465,1.5,0.5,0.053710938,1,0.893554688,0.4921875,1.001441394,1.020141419
0,7,0,1,2,0,1,1.037033494,0.5,-0.5,0.875,0.510742188,0.889648438,-0.49609375,1.013154767,1.018618354
0,7,0,1,3,0,1,1.044809767,0.5,-0.5,0.892578125,0.479492188,0.848632813,-0.522460938,1.01321689,0.996565643
0,7,0,1,4,0,1,0.98836574,1.5,0.5,0.081054688,0.995117188,0.868164063,0.475585938,0.99841278,0.98989435
0,7,0,1,5,0,1,1.005540859,1.5,0.5,0.059570313,0.997070313,0.875,0.484375,0.998848252,1.000122063
0,7,0,1,6,0,1,1.040832443,0.5,-0.5,0.868164063,0.499023438,0.854492188,-0.48828125,1.001365683,0.984162323
0,7,0,1,7,0,1,1.029237987,0.5,-0.5,0.889648438,0.512695313,0.875,-0.485351563,1.026806129,1.000595392
0,7,0,1,8,0,1,1.004548099,1.5,0.5,0.065429688,0.999023438,0.865234375,0.473632813,1.001163759,0.98638662
0,7,0,1,9,0,1,0.98483764,1.5,0.5,0.069335938,0.998046875,0.868164063,0.493164063,1.000452416,0.998458628
0,7,0,1,10,0,1,0.958841896,0.5,-0.5,0.885742188,0.463867188,0.881835938,-0.455078125,0.999855985,0.992335992
0,7,0,1,11,0,1,1.001416734,0.5,-0.5,0.901367188,0.485351563,0.879882813,-0.489257813,1.023732849,1.006760632
0,7,0,1,12,0,1,0.970995948,1.5,0.5,0.069335938,0.993164063,0.868164063,0.508789063,0.995581402,1.006267931
0,7,0,1,13,0,1,0.995084528,1.5,0.5,0.092773438,0.99609375,0.88671875,0.46484375,1.000404753,1.001174237
0,7,0,1,14,0,1,0.970018955,0.5,-0.5,0.874023438,0.4765625,0.8671875,-0.44140625,0.995504287,0.973064046
0,7,0,1,15,0,1,1.017558597,0.5,-0.5,0.865234375,0.50390625,0.885742188,-0.47265625,1.001275203,1.003963721
0,7,0,1,16,0,1,0.990283302,0.5,-0.5,0.875,0.478515625,0.8828125,-0.470703125,0.99729745,1.000459565
0,7,0,1,17,0,1,0.987232002,0.5,-0.5,0.869140625,0.483398438,0.895507813,-0.465820313,0.994524749,1.009417062
0,7,0,1,18,0,1,0.982170001,-0.5,-1.5,0.901367188,-0.518554688,0.06640625,-0.99609375,1.03988546,0.998304838
0,7,0,1,19,0,1,0.965628976,-0.5,-1.5,0.891601563,-0.491210938,0.1015625,-0.99609375,1.017959494,1.001258059
0,7,0,1,20,0,1,0.985160916,0.5,-0.5,0.881835938,0.45703125,0.86328125,-0.479492188,0.993233197,0.987505582
0,7,0,1,21,0,1,1.0076277,0.5,-0.5,0.864257813,0.471679688,0.876953125,-0.48828125,0.984592959,1.003725741
0,7,0,1,22,0,1,0.990253667,-0.5,-1.5,0.869140625,-0.493164063,0.064453125,-0.999023438,0.99930787,1.001100412
0,7,0,1,23,0,1,0.982645273,-0.5,-1.5,0.865234375,-0.497070313,0.06640625,-0.994140625,0.997852404,0.996356047
0,7,0,1,24,0,1,0.976614185,0.5,-0.5,0.875,0.466796875,0.876953125,-0.463867188,0.991727948,0.9920784
0,7,0,1,25,0,1,1.001373864,0.5,-0.5,0.873046875,0.48828125,0.859375,-0.459960938,1.000314663,0.974725323
0,7,0,1,26,0,1,0.991586145,-0.5,-1.5,0.862304688,-0.484375,0.067382813,-0.998046875,0.989034132,1.000318953
0,7,0,1,27,0,1,0.976475004,-0.5,-1.5,0.870117188,-0.479492188,0.090820313,-0.999023438,0.99348713,1.003143139
0,7,0,1,28,0,1,0.996172978,0.5,-0.5,0.890625,0.478515625,0.862304688,-0.474609375,1.011034171,0.984288288
0,7,0,1,29,0,1,0.960851566,0.5,-0.5,0.892578125,0.470703125,0.879882813,-0.453125,1.009087281,0.989705021
0,7,0,1,30,0,1,0.987748926,-0.5,-1.5,0.865234375,-0.463867188,0.090820313,-0.99609375,0.981734838,1.000225519
0,7,0,1,31,0,1,0.994847512,-0.5,-1.5,0.864257813,-0.487304688,0.0625,-0.998046875,0.992173082,1.000001907
0,7,2,3,0,0,1,0.988006179,1,2.00E-15,0.556640625,0.83203125,1,-0.006835938,1.001061829,1.000023365
0,7,2,3,1,0,1,0.995983892,1,-2.00E-15,0.5078125,0.8203125,1,0.020507813,0.964772581,1.000210263
0,7,2,3,2,0,1,1.014637471,-2.00E-15,-1,1,-0.009765625,0.524414063,-0.862304688,1.000047683,1.009246988
0,7,2,3,3,0,1,0.981435057,2.00E-15,-1,1,-0.01953125,0.546875,-0.853515625,1.000190717,1.013686928
0,7,2,3,4,0,1,0.995389729,1,2.00E-15,0.565429688,0.83203125,1,-0.021484375,1.005975513,1.000230763
0,7,2,3,5,0,1,1.022342232,1,-2.00E-15,0.540039063,0.85546875,1,-0.014648438,1.011666433,1.000107283
0,7,2,3,6,0,1,1.02485691,-2.00E-15,-1,1,0.01953125,0.541015625,-0.852539063,1.000190717,1.009713207
0,7,2,3,7,0,1,0.960053575,2.00E-15,-1,1,-0.03515625,0.546875,-0.842773438,1.00061779,1.004658814
0,7,2,3,8,0,1,0.987760152,1,2.00E-15,0.541015625,0.829101563,1,0.004882813,0.990003691,1.000011921
0,7,2,3,9,0,1,1.012902908,1,-2.00E-15,0.51953125,0.83984375,1,0.00390625,0.987547591,1.000007629
0,7,2,3,10,0,1,1.027303182,-2.00E-15,-1,1,0.001953125,0.518554688,-0.854492188,1.000001907,0.99952782
0,7,2,3,11,0,1,0.961961109,2.00E-15,-1,1,-0.033203125,0.548828125,-0.845703125,1.000551072,1.00817959
0,7,2,3,12,0,1,0.989340449,1,2.00E-15,0.549804688,0.87890625,1,0.022460938,1.036706994,1.000252215
0,7,2,3,13,0,1,1.035349472,1,-2.00E-15,0.532226563,0.831054688,1,-0.034179688,0.986872336,1.000583955
0,7,2,3,14,0,1,1.003188048,-2.22E-15,-1,0.999023438,0.004882813,0.548828125,-0.8515625,0.99903537,1.0130997
0,7,2,3,15,0,1,0.988936305,2.00E-15,-1,0.999023438,0.012695313,0.5546875,-0.8203125,0.999104098,0.990247858
0,7,2,3,16,0,1,1.021945157,1,2.00E-15,0.537109375,0.842773438,1,-0.018554688,0.99937658,1.000172123
0,7,2,3,17,0,1,0.934088373,1,-2.00E-15,0.5546875,0.825195313,1,0.044921875,0.994296498,1.001008479
0,7,2,3,18,0,1,0.966871816,-2.00E-15,-1,1,-0.061523438,0.50390625,-0.8359375,1.001890779,0.976070188
0,7,2,3,19,0,1,0.97941635,2.00E-15,-1,0.999023438,-0.010742188,0.543945313,-0.829101563,0.99908119,0.991607737
0,7,2,3,20,0,1,0.938170413,1,2.00E-15,0.559570313,0.83984375,1,0.044921875,1.009186038,1.001008479
0,7,2,3,21,0,1,0.979206559,1,-2.00E-15,0.563476563,0.836914063,1,-0.000976563,1.008925659,1.000000477
0,7,2,3,22,0,1,1.009567784,-2.00E-15,-1,1,-0.009765625,0.524414063,-0.852539063,1.000047683,1.000916061
0,7,2,3,23,0,1,1.039109971,2.00E-15,-1,1,0.029296875,0.533203125,-0.848632813,1.000429061,1.002239105
0,7,2,3,24,0,1,1.020185386,1,2.00E-15,0.526367188,0.838867188,1,-0.009765625,0.990333567,1.000047683
0,7,2,3,25,0,1,1.009520475,1,-2.00E-15,0.53515625,0.833007813,1,-0.009765625,0.99009809,1.000047683
0,7,2,3,26,0,1,0.954347465,-2.00E-15,-1,1,-0.037109375,0.548828125,-0.838867188,1.000688316,1.002452228
0,7,2,3,27,0,1,1.054045929,2.00E-15,-1,0.999023438,0.028320313,0.520507813,-0.858398438,0.999424769,1.003880601
0,7,2,3,28,0,1,0.941774374,1,2.00E-15,0.553710938,0.818359375,1,0.034179688,0.988082926,1.000583955
0,7,2,3,29,0,1,0.976090472,1,-2.00E-15,0.555664063,0.823242188,1,0.000976563,0.993222155,1.000000477
0,7,2,3,30,0,1,1.015721039,-2.00E-15,-1,1,0.0078125,0.541015625,-0.857421875,1.000030517,1.013839326
0,7,2,3,31,0,1,1.013980947,2.22E-15,-1,1,0.005859375,0.541992188,-0.859375,1.000017166,1.016012265
0,7,0,1,0,1,1,0.987382976,1.5,0.5,0.0625,1,0.852539063,0.489257813,1.001951221,0.982952725
0,7,0,1,1,1,1,1.001418515,1.5,0.5,0.072265625,0.997070313,0.885742188,0.48046875,0.999685715,1.007665342
0,7,0,1,2,1,1,1.010796517,0.5,-0.5,0.888671875,0.477539063,0.877929688,-0.5,1.008851455,1.010326945
0,7,0,1,3,1,1,0.963113836,0.5,-0.5,0.860351563,0.452148438,0.89453125,-0.46484375,0.971927477,1.008100129
0,7,0,1,4,1,1,1.005949577,1.5,0.5,0.07421875,0.997070313,0.859375,0.458984375,0.999828801,0.974264875
0,7,0,1,5,1,1,0.97376088,1.5,0.5,0.095703125,0.995117188,0.868164063,0.475585938,0.99970861,0.98989435
0,7,0,1,6,1,1,0.949807248,0.5,-0.5,0.88671875,0.44921875,0.875976563,-0.45703125,0.994015909,0.988034666
0,7,0,1,7,1,1,1.028645477,0.5,-0.5,0.869140625,0.473632813,0.862304688,-0.504882813,0.989814865,0.999237724
0,7,0,1,8,1,1,1.018603248,1.5,0.5,0.090820313,0.998046875,0.887695313,0.44140625,1.002170591,0.991384106
0,7,0,1,9,1,1,1.016231106,1.5,0.5,0.053710938,0.997070313,0.877929688,0.48046875,0.998515935,1.000805054
0,7,0,1,10,1,1,0.986120735,0.5,-0.5,0.892578125,0.478515625,0.874023438,-0.470703125,1.01275511,0.992712648
0,7,0,1,11,1,1,1.002581426,0.5,-0.5,0.856445313,0.485351563,0.859375,-0.455078125,0.984410845,0.972430712
0,7,0,1,12,1,1,1.00093502,1.5,0.5,0.08203125,0.998046875,0.892578125,0.473632813,1.001412348,1.010457199
0,7,0,1,13,1,1,1.023661564,1.5,0.5,0.052734375,0.994140625,0.8828125,0.475585938,0.995538295,1.002766121
0,7,0,1,14,1,1,1.006830317,0.5,-0.5,0.869140625,0.481445313,0.8828125,-0.483398438,0.993576879,1.006494888
0,7,0,1,15,1,1,1.010632142,0.5,-0.5,0.889648438,0.506835938,0.858398438,-0.4609375,1.023893066,0.974326052
0,7,0,1,16,1,1,0.984751844,0.5,-0.5,0.890625,0.475585938,0.853515625,-0.459960938,1.009650868,0.969563297
0,7,0,1,17,1,1,1.005456605,0.5,-0.5,0.887695313,0.494140625,0.861328125,-0.467773438,1.015961577,0.980152094
0,7,0,1,18,1,1,0.933139498,-0.5,-1.5,0.875976563,-0.520507813,0.1015625,-0.997070313,1.01895207,1.002229589
0,7,0,1,19,1,1,1.018514556,-0.5,-1.5,0.877929688,-0.456054688,0.073242188,-0.999023438,0.989316135,1.00170467
0,7,0,1,20,1,1,0.994778749,0.5,-0.5,0.859375,0.482421875,0.887695313,-0.465820313,0.985523341,1.002492659
0,7,0,1,21,1,1,1.002124265,0.5,-0.5,0.876953125,0.493164063,0.868164063,-0.462890625,1.006110121,0.983858003
0,7,0,1,22,1,1,1.027648806,-0.5,-1.5,0.884765625,-0.474609375,0.05078125,-0.999023438,1.004024039,1.000313233
0,7,0,1,23,1,1,1.019847526,-0.5,-1.5,0.881835938,-0.477539063,0.0546875,-1,1.00283507,1.001494245
0,7,0,1,24,1,1,0.981247664,0.5,-0.5,0.891601563,0.463867188,0.879882813,-0.482421875,1.005050304,1.003456341
0,7,0,1,25,1,1,0.988163589,0.5,-0.5,0.873046875,0.481445313,0.883789063,-0.46484375,0.996995705,0.998580402
0,7,0,1,26,1,1,0.96727298,-0.5,-1.5,0.865234375,-0.470703125,0.10546875,-0.998046875,0.984983226,1.003604116
0,7,0,1,27,1,1,1.02352112,-0.5,-1.5,0.881835938,-0.469726563,0.057617188,-0.995117188,0.999138461,0.996783807
0,7,0,1,28,1,1,0.985014187,0.5,-0.5,0.873046875,0.459960938,0.8828125,-0.482421875,0.986800339,1.00602623
0,7,0,1,29,1,1,0.96920703,0.5,-0.5,0.899414063,0.461914063,0.852539063,-0.459960938,1.011093595,0.96870373
0,7,0,1,30,1,1,1.005586843,-0.5,-1.5,0.877929688,-0.495117188,0.051757813,-1,1.007919424,1.00133854
0,7,0,1,31,1,1,0.96837987,-0.5,-1.5,0.883789063,-0.508789063,0.080078125,-0.998046875,1.019779102,1.001254249
0,7,2,3,0,1,1,1.01862068,1,2.00E-15,0.515625,0.836914063,1,0,0.98300269,1
0,7,2,3,1,1,1,0.977415466,1,-2.00E-15,0.567382813,0.8359375,0.999023438,-0.002929688,1.010304291,0.999027733
0,7,2,3,2,1,1,0.997074159,-2.00E-15,-1,1,-0.013671875,0.530273438,-0.845703125,1.000093456,0.998200227
0,7,2,3,3,1,1,0.958438614,2.00E-15,-1,1,-0.02734375,0.551757813,-0.833007813,1.00037377,0.999169004
0,7,2,3,4,1,1,0.947812806,1,2.00E-15,0.590820313,0.805664063,1,-0.009765625,0.99908119,1.000047683
0,7,2,3,5,1,1,1.067609222,1,-2.00E-15,0.516601563,0.859375,1,-0.038085938,1.002697644,1.000725007
0,7,2,3,6,1,1,1.044162911,-2.00E-15,-1,1,0.03125,0.528320313,-0.846679688,1.000488162,0.997992408
0,7,2,3,7,1,1,0.990882142,2.00E-15,-1,1,-0.002929688,0.549804688,-0.844726563,1.000004292,1.007892931
0,7,2,3,8,1,1,0.991345998,1,2.00E-15,0.545898438,0.827148438,1,-0.00390625,0.991049768,1.000007629
0,7,2,3,9,1,1,0.999562204,1,-2.00E-15,0.549804688,0.83203125,1,-0.012695313,0.99727689,1.000080582
0,7,2,3,10,1,1,0.990394357,-2.00E-15,-1,1,0.021484375,0.563476563,-0.8203125,1.000230763,0.995197686
0,7,2,3,11,1,1,1.021500342,2.00E-15,-1,1,0.013671875,0.53125,-0.841796875,1.000093456,0.995413754
0,7,2,3,12,1,1,1.001368763,1,2.00E-15,0.588867188,0.850585938,1,-0.036132813,1.034534195,1.000652577
0,7,2,3,13,1,1,1.029572908,1,-2.00E-15,0.520507813,0.837890625,1,-0.014648438,0.98640209,1.000107283
0,7,2,3,14,1,1,1.023985248,-2.22E-15,-1,0.998046875,-0.004882813,0.518554688,-0.861328125,0.998058819,1.005378089
0,7,2,3,15,1,1,0.975510954,2.00E-15,-1,1,-0.004882813,0.565429688,-0.84375,1.000011921,1.01568932
0,7,2,3,16,1,1,0.987135664,1,2.00E-15,0.551757813,0.840820313,1,0.002929688,1.005691544,1.000004292
0,7,2,3,17,1,1,1.0392663,1,-2.00E-15,0.51953125,0.83984375,1,-0.022460938,0.987547591,1.000252215
0,7,2,3,18,1,1,1.030024046,-2.00E-15,-1,1,0.004882813,0.514648438,-0.84765625,1.000011921,0.991657266
0,7,2,3,19,1,1,0.981426564,2.00E-15,-1,1,-0.03515625,0.5234375,-0.845703125,1.00061779,0.994585638
0,7,2,3,20,1,1,0.98497599,1,2.00E-15,0.55859375,0.833007813,1,-0.004882813,1.002960115,1.000011921
0,7,2,3,21,1,1,0.976546841,1,-2.00E-15,0.571289063,0.826171875,1,-0.010742188,1.004455654,1.000057696
0,7,2,3,22,1,1,1.025895185,-2.00E-15,-1,1,-0.013671875,0.5078125,-0.864257813,1.000093456,1.00240466
0,7,2,3,23,1,1,0.998850239,2.00E-15,-1,1,-0.0078125,0.540039063,-0.853515625,1.000030517,1.010015401
0,7,2,3,24,1,1,0.994930424,1,2.00E-15,0.5703125,0.819335938,1,-0.032226563,0.998282388,1.000519141
0,7,2,3,25,1,1,0.99620773,1,-2.00E-15,0.532226563,0.829101563,1,0.00390625,0.985228154,1.000007629
0,7,2,3,26,1,1,0.998481105,-2.00E-15,-1,1,-0.014648438,0.529296875,-0.848632813,1.000107283,1.000166402
0,7,2,3,27,1,1,1.032574825,2.00E-15,-1,1,0.00390625,0.505859375,-0.83984375,1.000007629,0.980424006
0,7,2,3,28,1,1,0.953954715,1,2.00E-15,0.572265625,0.829101563,0.999023438,0.012695313,1.007421137,0.999104098
0,7,2,3,29,1,1,1.003224592,1,-2.00E-15,0.579101563,0.848632813,1,-0.03125,1.027392948,1.000488162
0,7,2,3,30,1,1,0.981893907,-2.00E-15,-1,1,-0.028320313,0.525390625,-0.836914063,1.00040094,0.988160137
0,7,2,3,31,1,1,1.002344675,2.22E-15,-1,0.999023438,-0.005859375,0.540039063,-0.856445313,0.99904062,1.012492352
0,7,0,1,0,2,1,0.977416915,1.5,0.5,0.098632813,1,0.880859375,0.475585938,1.004852443,1.001047063
0,7,0,1,1,2,1,1.015228879,1.5,0.5,0.061523438,0.997070313,0.86328125,0.46484375,0.998966637,0.980476531
0,7,0,1,2,2,1,1.021129383,0.5,-0.5,0.8671875,0.50390625,0.877929688,-0.473632813,1.002963443,0.997541266
0,7,0,1,3,2,1,0.984842654,0.5,-0.5,0.881835938,0.4765625,0.883789063,-0.470703125,1.002370409,1.001321396
0,7,0,1,4,2,1,1.01225904,1.5,0.5,0.073242188,0.999023438,0.872070313,0.459960938,1.00170467,0.985936455
0,7,0,1,5,2,1,0.987069369,1.5,0.5,0.080078125,0.994140625,0.88671875,0.48828125,0.997360561,1.012269095
0,7,0,1,6,2,1,1.009888959,0.5,-0.5,0.86328125,0.48046875,0.868164063,-0.4765625,0.98798013,0.990363901
0,7,0,1,7,2,1,1.011470541,0.5,-0.5,0.887695313,0.477539063,0.860351563,-0.490234375,1.007991331,0.990219447
0,7,0,1,8,2,1,0.999298535,1.5,0.5,0.104492188,0.998046875,0.8828125,0.4453125,1.003501959,0.988767482
0,7,0,1,9,2,1,1.011753312,1.5,0.5,0.073242188,0.995117188,0.880859375,0.46484375,0.997808917,0.995988429
0,7,0,1,10,2,1,1.014163119,0.5,-0.5,0.896484375,0.47265625,0.883789063,-0.516601563,1.013453583,1.023699312
0,7,0,1,11,2,1,1.025644048,0.5,-0.5,0.87890625,0.508789063,0.884765625,-0.484375,1.015550347,1.00867703
0,7,0,1,12,2,1,1.042636447,1.5,0.5,0.0390625,0.99609375,0.868164063,0.461914063,0.996859387,0.983398922
0,7,0,1,13,2,1,1.050093863,1.5,0.5,0.01953125,0.998046875,0.87890625,0.481445313,0.998237965,1.002130623
0,7,0,1,14,2,1,0.988548971,0.5,-0.5,0.872070313,0.477539063,0.887695313,-0.470703125,0.994258611,1.00477082
0,7,0,1,15,2,1,0.984028552,0.5,-0.5,0.870117188,0.470703125,0.897460938,-0.4765625,0.989275165,1.016143666
0,7,0,1,16,2,1,0.971763191,0.5,-0.5,0.8828125,0.46875,0.870117188,-0.45703125,0.999542132,0.98284357
0,7,0,1,17,2,1,1.000719305,0.5,-0.5,0.870117188,0.470703125,0.881835938,-0.487304688,0.989275165,1.00752195
0,7,0,1,18,2,1,0.970912732,-0.5,-1.5,0.87890625,-0.509765625,0.07421875,-0.997070313,1.016039954,0.999828801
0,7,0,1,19,2,1,0.968873067,-0.5,-1.5,0.866210938,-0.491210938,0.0859375,-0.99609375,0.99579595,0.999793985
0,7,0,1,20,2,1,0.976517523,0.5,-0.5,0.892578125,0.451171875,0.884765625,-0.493164063,1.000125877,1.012926949
0,7,0,1,21,2,1,0.970920522,0.5,-0.5,0.857421875,0.467773438,0.892578125,-0.455078125,0.976721179,1.001894111
0,7,0,1,22,2,1,0.983057655,-0.5,-1.5,0.885742188,-0.516601563,0.059570313,-0.99609375,1.025385975,0.997873429
0,7,0,1,23,2,1,1.007721663,-0.5,-1.5,0.883789063,-0.497070313,0.05078125,-1,1.013983236,1.001288538
0,7,0,1,24,2,1,0.977586404,0.5,-0.5,0.888671875,0.497070313,0.887695313,-0.448242188,1.018241915,0.994446593
0,7,0,1,25,2,1,0.999151371,0.5,-0.5,0.891601563,0.482421875,0.87109375,-0.479492188,1.013747608,0.994342536
0,7,0,1,26,2,1,0.945606924,-0.5,-1.5,0.880859375,-0.521484375,0.090820313,-0.999023438,1.023649936,1.003143139
0,7,0,1,27,2,1,1.014890953,-0.5,-1.5,0.879882813,-0.442382813,0.08984375,-0.995117188,0.984833141,0.999164709
0,7,0,1,28,2,1,1.042499779,0.5,-0.5,0.869140625,0.489257813,0.883789063,-0.517578125,0.9973859,1.024192473
0,7,0,1,29,2,1,1.011879868,0.5,-0.5,0.873046875,0.475585938,0.870117188,-0.490234375,0.994179476,0.998716007
0,7,0,1,30,2,1,0.97224661,-0.5,-1.5,0.881835938,-0.48046875,0.099609375,-0.99609375,1.004233459,1.001061829
0,7,0,1,31,2,1,0.990447302,-0.5,-1.5,0.874023438,-0.477539063,0.080078125,-0.995117188,0.995972151,0.998333974
0,7,2,3,0,2,1,1.017663095,1,2.00E-15,0.551757813,0.827148438,1,-0.03515625,0.994289305,1.00061779
0,7,2,3,1,2,1,0.996026796,1,-2.00E-15,0.513671875,0.840820313,1,0.026367188,0.985310912,1.000347554
0,7,2,3,2,2,1,1.002741358,-2.00E-15,-1,1,-0.009765625,0.53125,-0.850585938,1.000047683,1.002857417
0,7,2,3,3,2,1,1.011378731,2.00E-15,-1,1,0.0234375,0.549804688,-0.833984375,1.00027462,0.998906969
0,7,2,3,4,2,1,0.989983114,1,2.00E-15,0.545898438,0.838867188,1,0.00390625,1.000851269,1.000007629
0,7,2,3,5,2,1,1.0418902,1,-2.00E-15,0.546875,0.8515625,1,-0.041992188,1.012042962,1.000881284
0,7,2,3,6,2,1,0.977558144,-2.00E-15,-1,1,-0.026367188,0.543945313,-0.854492188,1.000347554,1.012933069
0,7,2,3,7,2,1,1.046580062,2.00E-15,-1,1,0.002929688,0.495117188,-0.850585938,1.000004292,0.984193815
0,7,2,3,8,2,1,1.010927358,1,2.00E-15,0.552734375,0.844726563,0.999023438,-0.01953125,1.009494059,0.999214341
0,7,2,3,9,2,1,1.010015213,1,-2.00E-15,0.517578125,0.8515625,1,0.014648438,0.996516837,1.000107283
0,7,2,3,10,2,1,0.997603634,-2.00E-15,-1,1,0.012695313,0.56640625,-0.853515625,1.000080582,1.024355877
0,7,2,3,11,2,1,1.004886598,2.00E-15,-1,1,0,0.5390625,-0.848632813,1,1.005368604
0,7,2,3,12,2,1,0.946676623,1,2.00E-15,0.546875,0.8203125,1,0.036132813,0.985892927,1.000652577
0,7,2,3,13,2,1,1.000790487,1,-2.00E-15,0.563476563,0.838867188,1,-0.021484375,1.010546384,1.000230763
0,7,2,3,14,2,1,1.024778637,-2.22E-15,-1,0.999023438,0.026367188,0.536132813,-0.83203125,0.999371331,0.98980523
0,7,2,3,15,2,1,0.971248632,2.00E-15,-1,1,-0.020507813,0.545898438,-0.834960938,1.000210263,0.997579506
0,7,2,3,16,2,1,0.940884605,1,2.00E-15,0.5546875,0.842773438,1,0.047851563,1.008932748,1.001144231
0,7,2,3,17,2,1,0.965324005,1,-2.00E-15,0.571289063,0.853515625,1,0.015625,1.027063832,1.000122063
0,7,2,3,18,2,1,1.010276966,-2.00E-15,-1,1,0.002929688,0.524414063,-0.830078125,1.000004292,0.981855286
0,7,2,3,19,2,1,1.031795201,2.00E-15,-1,1,-0.013671875,0.500976563,-0.864257813,1.000093456,0.998958999
0,7,2,3,20,2,1,1.021041258,1,2.00E-15,0.537109375,0.844726563,1,-0.016601563,1.001024199,1.000137796
0,7,2,3,21,2,1,1.00941138,1,-2.00E-15,0.560546875,0.8203125,1,-0.038085938,0.993541844,1.000725007
0,7,2,3,22,2,1,1.012446158,-2.00E-15,-1,1,-0.004882813,0.51953125,-0.840820313,1.000011921,0.988378226
0,7,2,3,23,2,1,1.016315716,2.00E-15,-1,0.999023438,0.0234375,0.55859375,-0.856445313,0.999298326,1.022509438
0,7,2,3,24,2,1,0.981907267,1,2.00E-15,0.5625,0.845703125,1,0.001953125,1.015686972,1.000001907
0,7,2,3,25,2,1,1.027168955,1,-2.00E-15,0.559570313,0.84375,1,-0.041992188,1.012439133,1.000881284
0,7,2,3,26,2,1,0.962490741,-2.00E-15,-1,1,-0.004882813,0.578125,-0.838867188,1.000011921,1.018786864
0,7,2,3,27,2,1,0.963714236,2.00E-15,-1,1,-0.02734375,0.5390625,-0.823242188,1.00037377,0.984030527
0,7,2,3,28,2,1,1.005375231,1,2.00E-15,0.537109375,0.83203125,1,-0.0078125,0.99033453,1.000030517
0,7,2,3,29,2,1,1.065144021,1,-2.00E-15,0.51953125,0.840820313,1,-0.047851563,0.988378226,1.001144231
0,7,2,3,30,2,1,0.996703275,-2.00E-15,-1,1,-0.021484375,0.526367188,-0.853515625,1.000230763,1.002771828
0,7,2,3,31,2,1,1.007970074,2.22E-15,-1,1,0.01171875,0.546875,-0.844726563,1.000068662,1.006297784
0,7,0,1,0,3,1,0.984283717,1.5,0.5,0.10546875,0.998046875,0.880859375,0.459960938,1.003604116,0.993718925
0,7,0,1,1,3,1,1.018204828,1.5,0.5,0.065429688,1,0.8828125,0.467773438,1.002138236,0.99908453
0,7,0,1,2,3,1,0.97929928,0.5,-0.5,0.8984375,0.4921875,0.883789063,-0.458007813,1.024421045,0.995416628
0,7,0,1,3,3,1,0.986516626,0.5,-0.5,0.887695313,0.47265625,0.879882813,-0.477539063,1.005687277,1.001118035
0,7,0,1,4,3,1,1.035062069,1.5,0.5,0.052734375,0.99609375,0.88671875,0.46484375,0.997488683,1.001174237
0,7,0,1,5,3,1,1.035153775,1.5,0.5,0.0546875,0.997070313,0.877929688,0.458007813,0.998568941,0.990218003
0,7,0,1,6,3,1,1.016492139,0.5,-0.5,0.880859375,0.504882813,0.889648438,-0.481445313,1.015293008,1.01156509
0,7,0,1,7,3,1,0.987901837,0.5,-0.5,0.90625,0.489257813,0.869140625,-0.466796875,1.02988459,0.986562085
0,7,0,1,8,3,1,0.995973368,1.5,0.5,0.060546875,0.998046875,0.879882813,0.497070313,0.999881737,1.010580358
0,7,0,1,9,3,1,0.985911712,1.5,0.5,0.086914063,0.997070313,0.873046875,0.474609375,1.000851269,0.993712687
0,7,0,1,10,3,1,0.941130665,0.5,-0.5,0.889648438,0.413085938,0.866210938,-0.48046875,0.98087427,0.990541068
0,7,0,1,11,3,1,1.019308394,0.5,-0.5,0.875976563,0.501953125,0.890625,-0.485351563,1.00959986,1.014287449
0,7,0,1,12,3,1,1.030355873,1.5,0.5,0.056640625,0.998046875,0.884765625,0.46484375,0.999652802,0.999444807
0,7,0,1,13,3,1,0.973895523,1.5,0.5,0.078125,0.998046875,0.8671875,0.495117188,1.001099935,0.998576582
0,7,0,1,14,3,1,1.00790766,0.5,-0.5,0.875976563,0.481445313,0.861328125,-0.4765625,0.999562168,0.984376938
0,7,0,1,15,3,1,0.96997978,0.5,-0.5,0.8828125,0.462890625,0.874023438,-0.462890625,0.996807725,0.989032204
0,7,0,1,16,3,1,0.998592896,0.5,-0.5,0.883789063,0.491210938,0.86328125,-0.461914063,1.011123777,0.979090965
0,7,0,1,17,3,1,0.966694295,0.5,-0.5,0.869140625,0.470703125,0.872070313,-0.443359375,0.988416338,0.978301674
0,7,0,1,18,3,1,1.026460891,-0.5,-1.5,0.850585938,-0.461914063,0.046875,-1,0.967915822,1.00109803
0,7,0,1,19,3,1,1.058934118,-0.5,-1.5,0.875976563,-0.450195313,0.037109375,-0.999023438,0.984891241,0.999712426
0,7,0,1,20,3,1,0.998424885,0.5,-0.5,0.870117188,0.458984375,0.87890625,-0.495117188,0.983753311,1.008770155
0,7,0,1,21,3,1,0.968404691,0.5,-0.5,0.899414063,0.4609375,0.86328125,-0.465820313,1.010647829,0.980939896
0,7,0,1,22,3,1,1.020016166,-0.5,-1.5,0.874023438,-0.453125,0.072265625,-0.995117188,0.984499484,0.99773771
0,7,0,1,23,3,1,0.996484349,-0.5,-1.5,0.87109375,-0.497070313,0.055664063,-0.997070313,1.002937295,0.9986229
0,7,0,1,24,3,1,1.022220675,0.5,-0.5,0.872070313,0.462890625,0.86328125,-0.510742188,0.987306619,1.003051394
0,7,0,1,25,3,1,1.00398579,0.5,-0.5,0.897460938,0.462890625,0.87109375,-0.5078125,1.009803875,1.008304446
0,7,0,1,26,3,1,0.960262435,-0.5,-1.5,0.872070313,-0.490234375,0.098632813,-0.999023438,1.000418099,1.003880601
0,7,0,1,27,3,1,1.057756168,-0.5,-1.5,0.8671875,-0.478515625,0.008789063,-0.997070313,0.990450081,0.997109049
0,7,0,1,28,3,1,0.997292225,0.5,-0.5,0.880859375,0.44140625,0.866210938,-0.510742188,0.98526784,1.005573951
0,7,0,1,29,3,1,0.978930354,0.5,-0.5,0.888671875,0.467773438,0.875,-0.471679688,1.004265747,0.994035577
0,7,0,1,30,3,1,1.047095665,-0.5,-1.5,0.87109375,-0.44140625,0.0546875,-0.999023438,0.976546875,1.000519141
0,7,0,1,31,3,1,0.977107387,-0.5,-1.5,0.877929688,-0.494140625,0.081054688,-0.998046875,1.007440069,1.001332825
0,7,2,3,0,3,1,0.974112587,1,2.00E-15,0.543945313,0.853515625,1,0.029296875,1.012109394,1.000429061
0,7,2,3,1,3,1,1.016890721,1,-2.00E-15,0.543945313,0.84765625,0.999023438,-0.016601563,1.007173084,0.999161369
0,7,2,3,2,3,1,1.002636839,-2.00E-15,-1,1,-0.012695313,0.522460938,-0.841796875,1.000080582,0.990750932
0,7,2,3,3,3,1,0.977293229,2.00E-15,-1,1,0,0.55078125,-0.81640625,1,0.984824426
0,7,2,3,4,3,1,0.944518566,1,2.00E-15,0.569335938,0.844726563,0.999023438,0.033203125,1.01867874,0.999575048
0,7,2,3,5,3,1,0.964905135,1,-2.00E-15,0.536132813,0.826171875,1,0.030273438,0.984884947,1.000458136
0,7,2,3,6,3,1,1.036439243,-2.00E-15,-1,0.999023438,0.026367188,0.5390625,-0.858398438,0.999371331,1.013625304
0,7,2,3,7,3,1,1.022132397,2.00E-15,-1,1,0.008789063,0.525390625,-0.842773438,1.000038623,0.993127573
0,7,2,3,8,3,1,0.999969018,1,2.00E-15,0.540039063,0.83203125,0.999023438,-0.004882813,0.991926504,0.99903537
0,7,2,3,9,3,1,1.007388205,1,-2.00E-15,0.560546875,0.844726563,1,-0.022460938,1.013792762,1.000252215
0,7,2,3,10,3,1,0.957138797,-2.00E-15,-1,1,-0.036132813,0.537109375,-0.82421875,1.000652577,0.98377997
0,7,2,3,11,3,1,1.012488007,2.00E-15,-1,1,0.010742188,0.5390625,-0.842773438,1.000057696,1.000427631
0,7,2,3,12,3,1,0.99938487,1,2.00E-15,0.56640625,0.862304688,1,-0.009765625,1.031690561,1.000047683
0,7,2,3,13,3,1,0.979473733,1,-2.00E-15,0.54296875,0.833007813,1,0.013671875,0.994342536,1.000093456
0,7,2,3,14,3,1,0.966098643,-2.22E-15,-1,0.999023438,-0.037109375,0.52734375,-0.827148438,0.999712426,0.980951563
0,7,2,3,15,3,1,0.966827977,2.00E-15,-1,1,-0.008789063,0.571289063,-0.84375,1.000038623,1.018962833
0,7,2,3,16,3,1,0.960711341,1,2.00E-15,0.537109375,0.827148438,1,0.034179688,0.986235782,1.000583955
0,7,2,3,17,3,1,0.997000365,1,-2.00E-15,0.560546875,0.841796875,1,-0.013671875,1.011352944,1.000093456
0,7,2,3,18,3,1,1.032024468,-2.00E-15,-1,1,0.004882813,0.508789063,-0.841796875,1.000011921,0.983609826
0,7,2,3,19,3,1,1.041583801,2.00E-15,-1,1,0.017578125,0.51953125,-0.853515625,1.000154483,0.999200501
0,7,2,3,20,3,1,0.987847537,1,2.00E-15,0.53125,0.842773438,1,0.020507813,0.996239745,1.000210263
0,7,2,3,21,3,1,1.037623732,1,-2.00E-15,0.518554688,0.826171875,1,-0.02734375,0.975427563,1.00037377
0,7,2,3,22,3,1,0.981528091,-2.00E-15,-1,1,-0.01171875,0.551757813,-0.846679688,1.000068662,1.010595457
0,7,2,3,23,3,1,0.961247167,2.00E-15,-1,0.999023438,-0.015625,0.564453125,-0.8359375,0.99914562,1.008661903
0,7,2,3,24,3,1,0.983179423,1,2.00E-15,0.56640625,0.80859375,1,-0.0234375,0.987238519,1.00027462
0,7,2,3,25,3,1,0.995693753,1,-2.00E-15,0.55078125,0.821289063,0.999023438,-0.015625,0.988875983,0.99914562
0,7,2,3,26,3,1,1.022171053,-2.00E-15,-1,1,0.014648438,0.532226563,-0.842773438,1.000107283,0.996760844
0,7,2,3,27,3,1,0.969830492,2.00E-15,-1,1,-0.012695313,0.559570313,-0.838867188,1.000080582,1.008373489
0,7,2,3,28,3,1,1.016295758,1,2.00E-15,0.53125,0.846679688,1,-0.005859375,0.999546425,1.000017166
0,7,2,3,29,3,1,1.015879509,1,-2.00E-15,0.546875,0.8359375,1,-0.024414063,0.998931314,1.000297979
0,7,2,3,30,3,1,1.026182485,-2.00E-15,-1,1,0.001953125,0.509765625,-0.837890625,1.000001907,0.980776066
0,7,2,3,31,3,1,1.010814718,2.22E-15,-1,1,-0.006835938,0.518554688,-0.83984375,1.000023365,0.987034188
0,7,0,1,0,4,1,0.967500688,1.5,0.5,0.090820313,0.998046875,0.879882813,0.495117188,1.002170591,1.009621114
0,7,0,1,1,4,1,1.010368526,1.5,0.5,0.059570313,0.998046875,0.88671875,0.485351563,0.999823078,1.01085918
0,7,0,1,2,4,1,1.044397272,0.5,-0.5,0.868164063,0.505859375,0.857421875,-0.487304688,1.004789802,0.986224178
0,7,0,1,3,4,1,1.036611683,0.5,-0.5,0.873046875,0.51953125,0.869140625,-0.474609375,1.015934824,0.990282528
0,7,0,1,4,4,1,0.994878399,1.5,0.5,0.065429688,0.998046875,0.86328125,0.483398438,1.000189286,0.98940819
0,7,0,1,5,4,1,1.015051533,1.5,0.5,0.08203125,1,0.872070313,0.447265625,1.003358922,0.980078144
0,7,0,1,6,4,1,1.029893489,0.5,-0.5,0.879882813,0.506835938,0.875,-0.486328125,1.015419338,1.001069451
0,7,0,1,7,4,1,0.981447793,0.5,-0.5,0.8671875,0.481445313,0.883789063,-0.454101563,0.991868816,0.99362535
0,7,0,1,8,4,1,0.997446048,1.5,0.5,0.0625,0.999023438,0.85546875,0.479492188,1.000976563,0.980683201
0,7,0,1,9,4,1,1.017642171,1.5,0.5,0.04296875,0.997070313,0.88671875,0.49609375,0.997995752,1.016060604
0,7,0,1,10,4,1,1.005337261,0.5,-0.5,0.876953125,0.498046875,0.857421875,-0.456054688,1.008512505,0.971163297
0,7,0,1,11,4,1,1.006768364,0.5,-0.5,0.876953125,0.490234375,0.885742188,-0.48046875,1.004677324,1.007665342
0,7,0,1,12,4,1,0.998751533,1.5,0.5,0.071289063,0.997070313,0.879882813,0.481445313,0.999615595,1.002987215
0,7,0,1,13,4,1,1.026330826,1.5,0.5,0.0390625,0.997070313,0.880859375,0.487304688,0.9978352,1.006667322
0,7,0,1,14,4,1,1.011219355,0.5,-0.5,0.865234375,0.462890625,0.888671875,-0.508789063,0.981273792,1.024013677
0,7,0,1,15,4,1,1.025151802,0.5,-0.5,0.876953125,0.491210938,0.874023438,-0.494140625,1.005154201,1.004037811
0,7,0,1,16,4,1,0.962843058,0.5,-0.5,0.87890625,0.4609375,0.885742188,-0.4609375,0.99244122,0.998500176
0,7,0,1,17,4,1,0.996338776,0.5,-0.5,0.86328125,0.4765625,0.87109375,-0.466796875,0.986086372,0.98828318
0,7,0,1,18,4,1,0.987986127,-0.5,-1.5,0.881835938,-0.474609375,0.088867188,-0.995117188,1.001443298,0.999077371
0,7,0,1,19,4,1,1.024082199,-0.5,-1.5,0.866210938,-0.439453125,0.077148438,-0.997070313,0.971308621,1.000050543
0,7,0,1,20,4,1,1.015305697,0.5,-0.5,0.862304688,0.5,0.868164063,-0.462890625,0.996779501,0.983858003
0,7,0,1,21,4,1,0.99279969,0.5,-0.5,0.86328125,0.471679688,0.873046875,-0.46875,0.983735861,0.99092755
0,7,0,1,22,4,1,0.964789759,-0.5,-1.5,0.87890625,-0.475585938,0.110351563,-0.999023438,0.999328865,1.005099645
0,7,0,1,23,4,1,1.000484638,-0.5,-1.5,0.849609375,-0.498046875,0.040039063,-0.998046875,0.9848283,0.998849684
0,7,0,1,24,4,1,0.985207954,0.5,-0.5,0.860351563,0.461914063,0.880859375,-0.47265625,0.976508788,0.999658526
0,7,0,1,25,4,1,1.012599578,0.5,-0.5,0.872070313,0.484375,0.883789063,-0.489257813,0.997559908,1.010176378
0,7,0,1,26,4,1,1.003291629,-0.5,-1.5,0.880859375,-0.45703125,0.088867188,-0.997070313,0.992366264,1.00102277
0,7,0,1,27,4,1,1.006776556,-0.5,-1.5,0.8984375,-0.483398438,0.0703125,-0.997070313,1.020227421,0.999546425
0,7,0,1,28,4,1,1.011711902,0.5,-0.5,0.885742188,0.501953125,0.875,-0.473632813,1.018084556,0.994963839
0,7,0,1,29,4,1,0.974602857,0.5,-0.5,0.87890625,0.463867188,0.8828125,-0.469726563,0.993805295,1.000000477
0,7,0,1,30,4,1,0.97964196,-0.5,-1.5,0.875,-0.494140625,0.077148438,-0.999023438,1.004888032,1.001997859
0,7,0,1,31,4,1,0.975662326,-0.5,-1.5,0.888671875,-0.475585938,0.103515625,-0.994140625,1.007928413,0.999515416
0,7,2,3,0,4,1,1.013238648,1,2.00E-15,0.537109375,0.844726563,0.999023438,-0.008789063,1.001024199,0.999062098
0,7,2,3,1,4,1,0.996406422,1,-2.00E-15,0.533203125,0.841796875,1,0.009765625,0.996457501,1.000047683
0,7,2,3,2,4,1,0.971839828,-2.00E-15,-1,1,-0.017578125,0.5390625,-0.8203125,1.000154483,0.981580856
0,7,2,3,3,4,1,0.988462245,2.00E-15,-1,1,-0.020507813,0.529296875,-0.840820313,1.000210263,0.993546164
0,7,2,3,4,4,1,1.025732154,1,2.00E-15,0.521484375,0.8359375,1,-0.012695313,0.985260096,1.000080582
0,7,2,3,5,4,1,0.984664674,1,-2.00E-15,0.546875,0.827148438,1,0.001953125,0.991588021,1.000001907
0,7,2,3,6,4,1,0.999277906,-2.00E-15,-1,1,0.00390625,0.5390625,-0.831054688,1.000007629,0.990575728
0,7,2,3,7,4,1,1.017399135,2.00E-15,-1,1,0.028320313,0.543945313,-0.827148438,1.00040094,0.989975273
0,7,2,3,8,4,1,0.960485347,1,2.00E-15,0.5703125,0.859375,1,0.024414063,1.031397953,1.000297979
0,7,2,3,9,4,1,0.995611049,1,-2.00E-15,0.54296875,0.844726563,1,0.00390625,1.004180277,1.000007629
0,7,2,3,10,4,1,0.999548578,-2.00E-15,-1,1,0.004882813,0.546875,-0.841796875,1.000011921,1.00383975
0,7,2,3,11,4,1,0.963391953,2.00E-15,-1,1,0.000976563,0.584960938,-0.83984375,1.000000477,1.023482693
0,7,2,3,12,4,1,1.022621838,1,2.00E-15,0.53515625,0.859375,1,-0.008789063,1.012382143,1.000038623
0,7,2,3,13,4,1,1.03045691,1,-2.00E-15,0.506835938,0.848632813,1,0.001953125,0.988463615,1.000001907
0,7,2,3,14,4,1,0.971597816,-2.22E-15,-1,0.999023438,-0.01171875,0.5625,-0.844726563,0.999092167,1.01487399
0,7,2,3,15,4,1,0.99701765,2.00E-15,-1,1,0.005859375,0.549804688,-0.83984375,1.000017166,1.003804124
0,7,2,3,16,4,1,1.027343039,1,2.00E-15,0.510742188,0.83984375,1,-0.002929688,0.98295224,1.000004292
0,7,2,3,17,4,1,1.012528158,1,-2.00E-15,0.518554688,0.848632813,1,0.009765625,0.99452331,1.000047683
0,7,2,3,18,4,1,1.017550302,-2.00E-15,-1,1,0.0390625,0.564453125,-0.838867188,1.000762649,1.011091237
0,7,2,3,19,4,1,1.006974589,2.00E-15,-1,0.999023438,0.021484375,0.55859375,-0.842773438,0.999254426,1.011085577
0,7,2,3,20,4,1,0.994899077,1,2.00E-15,0.538085938,0.846679688,1,0.009765625,1.003196376,1.000047683
0,7,2,3,21,4,1,1.004384001,1,-2.00E-15,0.544921875,0.836914063,1,-0.010742188,0.99868163,1.000057696
0,7,2,3,22,4,1,0.9914472,-2.00E-15,-1,1,-0.012695313,0.538085938,-0.845703125,1.000080582,1.002372312
0,7,2,3,23,4,1,1.011305519,2.00E-15,-1,1,-0.002929688,0.509765625,-0.819335938,1.000004292,0.964972731
0,7,2,3,24,4,1,1.014464576,1,2.00E-15,0.526367188,0.842773438,0.999023438,-0.001953125,0.993644546,0.999025347
0,7,2,3,25,4,1,0.989315806,1,-2.00E-15,0.55859375,0.83203125,1,-0.009765625,1.00214918,1.000047683
0,7,2,3,26,4,1,1.00933651,-2.00E-15,-1,1,0.030273438,0.568359375,-0.845703125,1.000458136,1.018943647
0,7,2,3,27,4,1,1.037302985,2.00E-15,-1,0.999023438,0.03125,0.530273438,-0.836914063,0.999512077,0.99076489
0,7,2,3,28,4,1,1.035455025,1,2.00E-15,0.54296875,0.853515625,1,-0.03125,1.011584888,1.000488162
0,7,2,3,29,4,1,1.016362618,1,-2.00E-15,0.52734375,0.826171875,1,-0.013671875,0.980128256,1.000093456
0,7,2,3,30,4,1,0.997703717,-2.00E-15,-1,0.999023438,-0.00390625,0.54296875,-0.848632813,0.999031074,1.007468468
0,7,2,3,31,4,1,0.96121429,2.22E-15,-1,0.999023438,-0.018554688,0.551757813,-0.822265625,0.999195729,0.990231004
0,7,0,1,0,5,1,1.007911326,1.5,0.5,0.040039063,0.998046875,0.864257813,0.498046875,0.998849684,0.997492986
0,7,0,1,1,5,1,0.989177684,1.5,0.5,0.068359375,0.999023438,0.866210938,0.48828125,1.001359492,0.994354045
0,7,0,1,2,5,1,1.022495851,0.5,-0.5,0.875,0.489257813,0.877929688,-0.494140625,1.002495989,1.007440069
0,7,0,1,3,5,1,1.015244974,0.5,-0.5,0.8828125,0.452148438,0.866210938,-0.521484375,0.99186497,1.011072372
0,7,0,1,4,5,1,0.974520862,1.5,0.5,0.072265625,0.998046875,0.865234375,0.5,1.000659725,0.999315027
0,7,0,1,5,5,1,0.948802494,1.5,0.5,0.100585938,0.997070313,0.865234375,0.497070313,1.002131099,0.997852404
0,7,0,1,6,5,1,1.023088978,0.5,-0.5,0.866210938,0.498046875,0.885742188,-0.485351563,0.999185707,1.010002654
0,7,0,1,7,5,1,0.97884704,0.5,-0.5,0.870117188,0.471679688,0.880859375,-0.4609375,0.989740192,0.994171322
0,7,0,1,8,5,1,0.941382071,1.5,0.5,0.096679688,1,0.87890625,0.518554688,1.004662611,1.020477908
0,7,0,1,9,5,1,1.029523864,1.5,0.5,0.01953125,0.997070313,0.868164063,0.499023438,0.997261589,1.001365683
0,7,0,1,10,5,1,1.005029469,0.5,-0.5,0.866210938,0.493164063,0.875,-0.463867188,0.996760844,0.990352345
0,7,0,1,11,5,1,1.053360165,0.5,-0.5,0.872070313,0.529296875,0.880859375,-0.490234375,1.020128331,1.008088776
0,7,0,1,12,5,1,1.000935258,1.5,0.5,0.05078125,0.998046875,0.86328125,0.493164063,0.999337931,0.994215927
0,7,0,1,13,5,1,0.978652508,1.5,0.5,0.053710938,0.999023438,0.868164063,0.518554688,1.000466238,1.011240725
0,7,0,1,14,5,1,1.02037404,0.5,-0.5,0.88671875,0.51171875,0.864257813,-0.46875,1.023780358,0.983192824
0,7,0,1,15,5,1,1.014812472,0.5,-0.5,0.872070313,0.5078125,0.889648438,-0.471679688,1.009148237,1.006953857
0,7,0,1,16,5,1,1.055039001,0.5,-0.5,0.873046875,0.491210938,0.877929688,-0.529296875,1.001747988,1.025141804
0,7,0,1,17,5,1,1.02503662,0.5,-0.5,0.8671875,0.50390625,0.876953125,-0.477539063,1.002963443,0.99854411
0,7,0,1,18,5,1,1.011375833,-0.5,-1.5,0.890625,-0.463867188,0.079101563,-0.99609375,1.004184076,0.999229611
0,7,0,1,19,5,1,1.011622188,-0.5,-1.5,0.8828125,-0.462890625,0.076171875,-0.997070313,0.996807725,0.999975681
0,7,0,1,20,5,1,0.950101322,0.5,-0.5,0.87890625,0.4609375,0.90625,-0.45703125,0.99244122,1.014971244
0,7,0,1,21,5,1,0.993050704,0.5,-0.5,0.893554688,0.512695313,0.870117188,-0.444335938,1.03019244,0.977004783
0,7,0,1,22,5,1,1.005856622,-0.5,-1.5,0.885742188,-0.470703125,0.076171875,-0.994140625,1.003045689,0.997054531
0,7,0,1,23,5,1,0.96671644,-0.5,-1.5,0.885742188,-0.505859375,0.084960938,-0.995117188,1.020016142,0.998737492
0,7,0,1,24,5,1,1.020410379,0.5,-0.5,0.866210938,0.4921875,0.87890625,-0.484375,0.996278035,1.003541398
0,7,0,1,25,5,1,1.003242894,0.5,-0.5,0.875976563,0.48828125,0.890625,-0.48046875,1.002872633,1.011960034
0,7,0,1,26,5,1,1.012223407,-0.5,-1.5,0.887695313,-0.482421875,0.060546875,-0.995117188,1.01031373,0.996957442
0,7,0,1,27,5,1,0.991346593,-0.5,-1.5,0.88671875,-0.474609375,0.087890625,-0.99609375,1.005745594,0.99996376
0,7,0,1,28,5,1,0.976931493,0.5,-0.5,0.8984375,0.483398438,0.865234375,-0.454101563,1.020227421,0.97715851
0,7,0,1,29,5,1,1.027922703,0.5,-0.5,0.872070313,0.482421875,0.873046875,-0.502929688,0.996613012,1.007546087
0,7,0,1,30,5,1,0.967864657,-0.5,-1.5,0.86328125,-0.49609375,0.081054688,-0.994140625,0.995672399,0.997439444
0,7,0,1,31,5,1,0.993006937,-0.5,-1.5,0.88671875,-0.470703125,0.08984375,-0.998046875,1.00390815,1.002082564
0,7,2,3,0,5,1,1.036092465,1,2.00E-15,0.500976563,0.8515625,1,0.002929688,0.987996056,1.000004292
0,7,2,3,1,5,1,1.064833584,1,-2.00E-15,0.52734375,0.860351563,1,-0.043945313,1.009106655,1.00096513
0,7,2,3,2,5,1,1.0238644,-2.00E-15,-1,1,0.016601563,0.538085938,-0.8515625,1.000137796,1.007320787
0,7,2,3,3,5,1,1.019294526,2.00E-15,-1,1,0.0234375,0.541015625,-0.834960938,1.00027462,0.994915913
0,7,2,3,4,5,1,0.984637708,1,2.00E-15,0.55078125,0.833007813,1,0.001953125,0.998630062,1.000001907
0,7,2,3,5,5,1,1.012860279,1,-2.00E-15,0.524414063,0.84765625,1,0.00390625,0.996760366,1.000007629
0,7,2,3,6,5,1,1.008749715,-2.00E-15,-1,0.999023438,0.014648438,0.536132813,-0.82421875,0.999130825,0.983247141
0,7,2,3,7,5,1,1.008670415,2.00E-15,-1,1,-0.013671875,0.510742188,-0.8359375,1.000093456,0.979616806
0,7,2,3,8,5,1,0.982210804,1,2.00E-15,0.536132813,0.841796875,1,0.021484375,0.998028242,1.000230763
0,7,2,3,9,5,1,1.001957005,1,-2.00E-15,0.5234375,0.833007813,0.999023438,0.0078125,0.983813413,0.999053984
0,7,2,3,10,5,1,0.992704541,-2.00E-15,-1,0.999023438,0.013671875,0.560546875,-0.833984375,0.999116985,1.004859561
0,7,2,3,11,5,1,1.020599272,2.00E-15,-1,1,0.017578125,0.540039063,-0.846679688,1.000154483,1.00424533
0,7,2,3,12,5,1,0.9691227,1,2.00E-15,0.556640625,0.834960938,1,0.013671875,1.003498158,1.000093456
0,7,2,3,13,5,1,1.013402961,1,-2.00E-15,0.541992188,0.841796875,1,-0.014648438,1.001188049,1.000107283
0,7,2,3,14,5,1,0.972313046,-2.22E-15,-1,1,-0.010742188,0.575195313,-0.86328125,1.000057696,1.037354406
0,7,2,3,15,5,1,1.012301762,2.00E-15,-1,1,0.013671875,0.537109375,-0.833984375,1.000093456,0.991976017
0,7,2,3,16,5,1,1.011680604,1,2.00E-15,0.569335938,0.849609375,0.999023438,-0.03125,1.022731392,0.999512077
0,7,2,3,17,5,1,1.042736216,1,-2.00E-15,0.515625,0.829101563,1,-0.028320313,0.976359842,1.00040094
0,7,2,3,18,5,1,0.978990341,-2.00E-15,-1,1,-0.01953125,0.541015625,-0.83984375,1.000190717,0.999017233
0,7,2,3,19,5,1,1.031536402,2.00E-15,-1,1,0.03515625,0.541015625,-0.8359375,1.00061779,0.995735613
0,7,2,3,20,5,1,1.001841594,1,2.00E-15,0.543945313,0.850585938,1,0,1.009640005,1
0,7,2,3,21,5,1,1.077429418,1,-2.00E-15,0.517578125,0.85546875,1,-0.05078125,0.999856939,1.001288538
0,7,2,3,22,5,1,1.023150314,-2.00E-15,-1,1,0.010742188,0.518554688,-0.830078125,1.000057696,0.978738299
0,7,2,3,23,5,1,1.058984568,2.00E-15,-1,1,0.043945313,0.513671875,-0.827148438,1.00096513,0.973670033
0,7,2,3,24,5,1,1.033091408,1,2.00E-15,0.50390625,0.854492188,1,0.004882813,0.992007262,1.000011921
0,7,2,3,25,5,1,1.051112996,1,-2.00E-15,0.516601563,0.828125,1,-0.038085938,0.976047227,1.000725007
0,7,2,3,26,5,1,0.99122892,-2.00E-15,-1,1,-0.0078125,0.532226563,-0.827148438,1.000030517,0.983585101
0,7,2,3,27,5,1,0.968394557,2.00E-15,-1,1,-0.006835938,0.5625,-0.830078125,1.000023365,1.002714288
0,7,2,3,28,5,1,1.012449835,1,2.00E-15,0.53125,0.848632813,1,-0.000976563,1.001201385,1.000000477
0,7,2,3,29,5,1,0.992099938,1,-2.00E-15,0.532226563,0.825195313,0.999023438,0.005859375,0.981943185,0.99904062
0,7,2,3,30,5,1,0.984264239,-2.00E-15,-1,1,-0.006835938,0.553710938,-0.845703125,1.000023365,1.010845971
0,7,2,3,31,5,1,1.03057025,2.22E-15,-1,1,0.021484375,0.532226563,-0.845703125,1.000230763,0.999239155
0,7,0,1,0,6,1,1.018837858,1.5,0.5,0.063476563,0.998046875,0.87109375,0.462890625,1.000063417,0.986444145
0,7,0,1,1,6,1,1.005899691,1.5,0.5,0.06640625,0.99609375,0.874023438,0.475585938,0.998304838,0.995037162
0,7,0,1,2,6,1,1.00449539,0.5,-0.5,0.883789063,0.482421875,0.881835938,-0.487304688,1.006883296,1.00752195
0,7,0,1,3,6,1,1.014492613,0.5,-0.5,0.876953125,0.474609375,0.879882813,-0.501953125,0.997146349,1.012990969
0,7,0,1,4,6,1,1.042143219,1.5,0.5,0.041015625,1,0.883789063,0.46875,1.000840787,1.000404753
0,7,0,1,5,6,1,0.98911084,1.5,0.5,0.056640625,0.9921875,0.85546875,0.495117188,0.993802896,0.988416821
0,7,0,1,6,6,1,0.967083915,0.5,-0.5,0.88671875,0.458007813,0.8671875,-0.462890625,0.998018686,0.982996384
0,7,0,1,7,6,1,1.004841074,0.5,-0.5,0.854492188,0.483398438,0.90625,-0.483398438,0.981748923,1.027113972
0,7,0,1,8,6,1,1.021287078,1.5,0.5,0.060546875,1,0.880859375,0.46875,1.001831285,0.997817519
0,7,0,1,9,6,1,1.058122614,1.5,0.5,0.029296875,0.99609375,0.8671875,0.455078125,0.996524493,0.979341748
0,7,0,1,10,6,1,0.981023007,0.5,-0.5,0.860351563,0.446289063,0.88671875,-0.487304688,0.969215527,1.011798399
0,7,0,1,11,6,1,0.993901325,0.5,-0.5,0.868164063,0.48828125,0.885742188,-0.462890625,0.996055931,0.999403299
0,7,0,1,12,6,1,1.016287467,1.5,0.5,0.09375,0.995117188,0.891601563,0.442382813,0.999523526,0.995316984
0,7,0,1,13,6,1,1.002574184,1.5,0.5,0.065429688,0.998046875,0.880859375,0.484375,1.000189286,1.005252396
0,7,0,1,14,6,1,1.043488254,0.5,-0.5,0.86328125,0.508789063,0.88671875,-0.497070313,1.002058295,1.01653777
0,7,0,1,15,6,1,0.968876649,0.5,-0.5,0.870117188,0.459960938,0.877929688,-0.459960938,0.984209319,0.991122899
0,7,0,1,16,6,1,1.02251104,0.5,-0.5,0.865234375,0.48046875,0.892578125,-0.505859375,0.989687195,1.025957804
0,7,0,1,17,6,1,0.981108591,0.5,-0.5,0.861328125,0.473632813,0.896484375,-0.46484375,0.982961942,1.009833623
0,7,0,1,18,6,1,1.026221094,-0.5,-1.5,0.883789063,-0.466796875,0.05859375,-0.998046875,0.999491085,0.999765369
0,7,0,1,19,6,1,0.9966214,-0.5,-1.5,0.897460938,-0.469726563,0.091796875,-0.995117188,1.012955664,0.999342225
0,7,0,1,20,6,1,1.029054162,0.5,-0.5,0.888671875,0.530273438,0.87109375,-0.465820313,1.034856328,0.987822294
0,7,0,1,21,6,1,0.990246943,0.5,-0.5,0.891601563,0.501953125,0.896484375,-0.463867188,1.02318634,1.009384467
0,7,0,1,22,6,1,0.981156184,-0.5,-1.5,0.885742188,-0.509765625,0.067382813,-0.998046875,1.021959009,1.000318953
0,7,0,1,23,6,1,0.969708479,-0.5,-1.5,0.865234375,-0.500976563,0.076171875,-0.997070313,0.999804001,0.999975681
0,7,0,1,24,6,1,0.954649475,0.5,-0.5,0.891601563,0.47265625,0.87890625,-0.443359375,1.009136897,0.984400189
0,7,0,1,25,6,1,0.992422228,0.5,-0.5,0.869140625,0.478515625,0.876953125,-0.466796875,0.992160586,0.993451612
0,7,0,1,26,6,1,0.990140155,-0.5,-1.5,0.885742188,-0.482421875,0.08203125,-0.999023438,1.008598081,1.002385632
0,7,0,1,27,6,1,1.03040609,-0.5,-1.5,0.891601563,-0.455078125,0.068359375,-0.997070313,1.001024199,0.999410933
0,7,0,1,28,6,1,0.999908967,0.5,-0.5,0.864257813,0.486328125,0.87890625,-0.465820313,0.991693809,0.994718432
0,7,0,1,29,6,1,0.996629366,0.5,-0.5,0.881835938,0.481445313,0.866210938,-0.469726563,1.004701055,0.985375275
0,7,0,1,30,6,1,0.994302285,-0.5,-1.5,0.858398438,-0.4921875,0.055664063,-0.995117188,0.989493008,0.996672817
0,7,0,1,31,6,1,1.065435072,-0.5,-1.5,0.889648438,-0.43359375,0.051757813,-0.997070313,0.989685749,0.99841278
0,7,2,3,0,6,1,0.968714494,1,2.00E-15,0.546875,0.830078125,1,0.01953125,0.994033178,1.000190717
0,7,2,3,1,6,1,0.985464042,1,-2.00E-15,0.561523438,0.817382813,1,-0.016601563,0.99167698,1.000137796
0,7,2,3,2,6,1,0.989363044,-2.00E-15,-1,1,-0.021484375,0.528320313,-0.842773438,1.000230763,0.994680562
0,7,2,3,3,6,1,0.97793178,2.00E-15,-1,1,-0.026367188,0.534179688,-0.83984375,1.000347554,0.995331836
0,7,2,3,4,6,1,0.97241328,1,2.00E-15,0.541992188,0.856445313,1,0.034179688,1.013535448,1.000583955
0,7,2,3,5,6,1,0.969692183,1,-2.00E-15,0.556640625,0.861328125,0.999023438,0.02734375,1.025541284,0.999397573
0,7,2,3,6,6,1,1.047388468,-2.00E-15,-1,1,0.021484375,0.524414063,-0.865234375,1.000230763,1.01175127
0,7,2,3,7,6,1,0.999384056,2.00E-15,-1,1,0.006835938,0.561523438,-0.860351563,1.000023365,1.027381809
0,7,2,3,8,6,1,1.018881402,1,2.00E-15,0.53125,0.8515625,1,-0.005859375,1.003685834,1.000017166
0,7,2,3,9,6,1,1.00383359,1,-2.00E-15,0.528320313,0.853515625,1,0.012695313,1.003798423,1.000080582
0,7,2,3,10,6,1,0.948579314,-2.00E-15,-1,1,-0.02734375,0.551757813,-0.815429688,1.00037377,0.984561963
0,7,2,3,11,6,1,1.016697534,2.00E-15,-1,1,0.008789063,0.541015625,-0.857421875,1.000038623,1.013839326
0,7,2,3,12,6,1,1.006808404,1,2.00E-15,0.530273438,0.822265625,1,-0.008789063,0.978422545,1.000038623
0,7,2,3,13,6,1,1.031069709,1,-2.00E-15,0.502929688,0.870117188,0.999023438,0.015625,1.005008552,0.99914562
0,7,2,3,14,6,1,1.011712762,-2.22E-15,-1,0.999023438,0.020507813,0.547851563,-0.836914063,0.999233906,1.000283201
0,7,2,3,15,6,1,0.96924575,2.00E-15,-1,1,-0.026367188,0.563476563,-0.869140625,1.000347554,1.035814299
0,7,2,3,16,6,1,1.034839263,1,2.00E-15,0.573242188,0.862304688,1,-0.05078125,1.035459309,1.001288538
0,7,2,3,17,6,1,0.977954956,1,-2.00E-15,0.564453125,0.829101563,1,-0.004882813,1.003003854,1.000011921
0,7,2,3,18,6,1,1.061461243,-2.00E-15,-1,1,0.037109375,0.521484375,-0.857421875,1.000688316,1.003552801
0,7,2,3,19,6,1,1.024804593,2.00E-15,-1,1,0.008789063,0.528320313,-0.852539063,1.000038623,1.002968198
0,7,2,3,20,6,1,1.01209522,1,2.00E-15,0.5390625,0.862304688,0.999023438,0,1.016935471,0.999023438
0,7,2,3,21,6,1,0.985486645,1,-2.00E-15,0.545898438,0.827148438,1,0.001953125,0.991049768,1.000001907
0,7,2,3,22,6,1,1.02724523,-2.00E-15,-1,1,0.000976563,0.506835938,-0.836914063,1.000000477,0.978421083
0,7,2,3,23,6,1,0.962694802,2.00E-15,-1,1,-0.036132813,0.540039063,-0.838867188,1.000652577,0.997667453
0,7,2,3,24,6,1,0.989129174,1,2.00E-15,0.547851563,0.845703125,1,0.006835938,1.007648307,1.000023365
0,7,2,3,25,6,1,0.960574606,1,-2.00E-15,0.55859375,0.854492188,1,0.03125,1.020874075,1.000488162
0,7,2,3,26,6,1,0.960202575,-2.00E-15,-1,1,-0.001953125,0.5703125,-0.818359375,1.000001907,0.997481035
0,7,2,3,27,6,1,1.008870468,2.00E-15,-1,1,0.00390625,0.537109375,-0.845703125,1.000007629,1.00184842
0,7,2,3,28,6,1,1.012796126,1,2.00E-15,0.522460938,0.857421875,1,0.010742188,1.004060607,1.000057696
0,7,2,3,29,6,1,1.025833819,1,-2.00E-15,0.513671875,0.841796875,1,-0.002929688,0.986144398,1.000004292
0,7,2,3,30,6,1,1.000957097,-2.00E-15,-1,1,0.0078125,0.54296875,-0.833007813,1.000030517,0.994342536
0,7,2,3,31,6,1,0.995019536,2.22E-15,-1,1,-0.00390625,0.536132813,-0.833007813,1.000007629,0.990626271
0,7,0,1,0,7,1,0.954885769,1.5,0.5,0.0859375,0.999023438,0.868164063,0.508789063,1.002712861,1.006267931
0,7,0,1,1,7,1,1.029682978,1.5,0.5,0.029296875,0.997070313,0.85546875,0.48046875,0.997500634,0.981161048
0,7,0,1,2,7,1,0.992402284,0.5,-0.5,0.88671875,0.485351563,0.868164063,-0.46484375,1.01085918,0.984778428
0,7,0,1,3,7,1,0.952997067,0.5,-0.5,0.879882813,0.4453125,0.872070313,-0.458984375,0.986152618,0.985481246
0,7,0,1,4,7,1,1.018301485,1.5,0.5,0.067382813,0.998046875,0.865234375,0.456054688,1.000318953,0.978067688
0,7,0,1,5,7,1,0.991680504,1.5,0.5,0.071289063,1,0.87890625,0.489257813,1.002537845,1.005907254
0,7,0,1,6,7,1,0.973207802,0.5,-0.5,0.879882813,0.461914063,0.870117188,-0.463867188,0.993759712,0.986040916
0,7,0,1,7,7,1,0.993268196,0.5,-0.5,0.876953125,0.46484375,0.869140625,-0.481445313,0.992535387,0.993576879
0,7,0,1,8,7,1,0.976881709,1.5,0.5,0.106445313,0.999023438,0.879882813,0.466796875,1.004678273,0.996038697
0,7,0,1,9,7,1,1.020938447,1.5,0.5,0.0546875,0.997070313,0.880859375,0.475585938,0.998568941,1.001047063
0,7,0,1,10,7,1,1.016548976,0.5,-0.5,0.862304688,0.467773438,0.875976563,-0.500976563,0.981010379,1.009114688
0,7,0,1,11,7,1,0.957841403,0.5,-0.5,0.8828125,0.438476563,0.87890625,-0.4765625,0.985707668,0.999793985
0,7,0,1,12,7,1,0.975150149,1.5,0.5,0.110351563,0.998046875,0.8828125,0.465820313,1.004128992,0.998171565
0,7,0,1,13,7,1,1.006166435,1.5,0.5,0.098632813,0.995117188,0.891601563,0.448242188,0.999993324,0.99793507
0,7,0,1,14,7,1,1.030837061,0.5,-0.5,0.865234375,0.485351563,0.874023438,-0.5,0.992066864,1.006934441
0,7,0,1,15,7,1,0.996232134,0.5,-0.5,0.881835938,0.483398438,0.888671875,-0.479492188,1.005638439,1.009777431
0,7,0,1,16,7,1,0.971430309,0.5,-0.5,0.870117188,0.467773438,0.881835938,-0.45703125,0.987884562,0.993233197
0,7,0,1,17,7,1,1.017002667,0.5,-0.5,0.884765625,0.510742188,0.864257813,-0.46484375,1.021600604,0.981336476
0,7,0,1,18,7,1,0.960922893,-0.5,-1.5,0.891601563,-0.504882813,0.094726563,-0.998046875,1.024626762,1.002532137
0,7,0,1,19,7,1,1.019927645,-0.5,-1.5,0.874023438,-0.485351563,0.043945313,-0.999023438,0.999741521,0.99998951
0,7,0,1,20,7,1,0.969871875,0.5,-0.5,0.881835938,0.461914063,0.87890625,-0.465820313,0.995489438,0.994718432
0,7,0,1,21,7,1,1.00069179,0.5,-0.5,0.873046875,0.462890625,0.883789063,-0.498046875,0.988169306,1.014462319
0,7,0,1,22,7,1,0.970502291,-0.5,-1.5,0.865234375,-0.499023438,0.077148438,-0.998046875,0.998826769,1.001024199
0,7,0,1,23,7,1,1.021141488,-0.5,-1.5,0.880859375,-0.452148438,0.075195313,-0.995117188,0.990126986,0.997954183
0,7,0,1,24,7,1,1.026505305,0.5,-0.5,0.877929688,0.491210938,0.87890625,-0.499023438,1.006006323,1.010693122
0,7,0,1,25,7,1,1.009895928,0.5,-0.5,0.875976563,0.469726563,0.864257813,-0.4921875,0.993970815,0.994580365
0,7,0,1,26,7,1,1.009392459,-0.5,-1.5,0.881835938,-0.465820313,0.075195313,-0.995117188,0.997307969,0.997954183
0,7,0,1,27,7,1,0.990555238,-0.5,-1.5,0.883789063,-0.500976563,0.064453125,-0.997070313,1.015903845,0.999151347
0,7,0,1,28,7,1,1.000563335,0.5,-0.5,0.899414063,0.502929688,0.8828125,-0.471679688,1.030477523,1.000919396
0,7,0,1,29,7,1,1.02407177,0.5,-0.5,0.881835938,0.483398438,0.873046875,-0.502929688,1.005638439,1.007546087
0,7,0,1,30,7,1,1.001675001,-0.5,-1.5,0.879882813,-0.47265625,0.076171875,-0.998046875,0.998798125,1.000949409
0,7,0,1,31,7,1,0.996687884,-0.5,-1.5,0.854492188,-0.487304688,0.055664063,-0.99609375,0.983678178,0.997647857
0,7,2,3,0,7,1,0.986176084,1,2.00E-15,0.532226563,0.846679688,1,0.0234375,1.000065801,1.00027462
0,7,2,3,1,7,1,0.980815547,1,-2.00E-15,0.544921875,0.845703125,0.999023438,0.017578125,1.00605846,0.999178072
0,7,2,3,2,7,1,0.978887493,-2.00E-15,-1,1,-0.00390625,0.5546875,-0.83203125,1.000007629,0.999977112
0,7,2,3,3,7,1,0.991396334,2.00E-15,-1,0.999023438,-0.00390625,0.553710938,-0.853515625,0.999031074,1.017391136
0,7,2,3,4,7,1,1.013298737,1,2.00E-15,0.537109375,0.846679688,1,-0.0078125,1.002672915,1.000030517
0,7,2,3,5,7,1,1.008872265,1,-2.00E-15,0.5078125,0.838867188,1,0.017578125,0.980597621,1.000154483
0,7,2,3,6,7,1,1.019737871,-2.00E-15,-1,1,0.01171875,0.515625,-0.817382813,1.000068662,0.966428374
0,7,2,3,7,7,1,1.007128145,2.00E-15,-1,0.999023438,0.012695313,0.545898438,-0.83984375,0.999104098,1.00166992
0,7,2,3,8,7,1,0.956808331,1,2.00E-15,0.572265625,0.844726563,1,0.018554688,1.020319024,1.000172123
0,7,2,3,9,7,1,1.030605867,1,-2.00E-15,0.567382813,0.845703125,1,-0.05078125,1.01839925,1.001288538
0,7,2,3,10,7,1,1.012810879,-2.00E-15,-1,1,0.005859375,0.52734375,-0.833984375,1.000017166,0.986722539
0,7,2,3,11,7,1,1.013515692,2.00E-15,-1,0.999023438,-0.002929688,0.512695313,-0.828125,0.999027733,0.973985369
0,7,2,3,12,7,1,0.982453888,1,2.00E-15,0.556640625,0.848632813,1,0.0078125,1.01490218,1.000030517
0,7,2,3,13,7,1,1.012657738,1,-2.00E-15,0.532226563,0.850585938,1,-0.000976563,1.00337508,1.000000477
0,7,2,3,14,7,1,0.953788957,-2.22E-15,-1,1,-0.046875,0.541015625,-0.84375,1.00109803,1.002303332
0,7,2,3,15,7,1,1.028222613,2.00E-15,-1,1,0.040039063,0.55078125,-0.8359375,1.000801242,1.001075167
0,7,2,3,16,7,1,0.9425481,1,2.00E-15,0.576171875,0.830078125,1,0.021484375,1.010447289,1.000230763
0,7,2,3,17,7,1,0.963732695,1,-2.00E-15,0.546875,0.866210938,1,0.043945313,1.024399167,1.00096513
0,7,2,3,18,7,1,0.993812088,-2.00E-15,-1,0.999023438,-0.004882813,0.543945313,-0.844726563,0.99903537,1.004708649
0,7,2,3,19,7,1,0.957391229,2.00E-15,-1,0.999023438,-0.030273438,0.548828125,-0.83203125,0.999482021,0.996738838
0,7,2,3,20,7,1,1.009831813,1,2.00E-15,0.522460938,0.826171875,1,-0.002929688,0.977509794,1.000004292
0,7,2,3,21,7,1,1.03748517,1,-2.00E-15,0.515625,0.83203125,1,-0.021484375,0.978848886,1.000230763
0,7,2,3,22,7,1,1.013027612,-2.00E-15,-1,1,0.022460938,0.553710938,-0.844726563,1.000252215,1.010029093
0,7,2,3,23,7,1,0.993158136,2.00E-15,-1,1,-0.01171875,0.545898438,-0.859375,1.000068662,1.018101417
0,7,2,3,24,7,1,1.027400267,1,2.00E-15,0.516601563,0.833007813,1,-0.01171875,0.980193445,1.000068662
0,7,2,3,25,7,1,0.989860877,1,-2.00E-15,0.526367188,0.826171875,1,0.013671875,0.979603176,1.000093456
0,7,2,3,26,7,1,0.974920719,-2.00E-15,-1,1,-0.000976563,0.572265625,-0.845703125,1.000000477,1.021127671
0,7,2,3,27,7,1,1.013131746,2.00E-15,-1,0.999023438,0.022460938,0.547851563,-0.8359375,0.999275899,0.999466277
0,7,2,3,28,7,1,0.977921097,1,2.00E-15,0.55078125,0.860351563,1,0.0234375,1.021550193,1.00027462
0,7,2,3,29,7,1,1.023294239,1,-2.00E-15,0.537109375,0.83984375,1,-0.021484375,0.99690722,1.000230763
0,7,2,3,30,7,1,1.016604297,-2.00E-15,-1,1,0.03515625,0.565429688,-0.845703125,1.00061779,1.017312394
0,7,2,3,31,7,1,1.043784068,2.22E-15,-1,1,0.0390625,0.536132813,-0.84375,1.000762649,0.999676175
0,7,0,1,0,8,1,0.99734736,1.5,0.5,0.075195313,0.99609375,0.879882813,0.478515625,0.998927972,1.001584229
0,7,0,1,1,8,1,0.978881843,1.5,0.5,0.068359375,1,0.8828125,0.509765625,1.002333779,1.019420866
0,7,0,1,2,8,1,0.998277302,0.5,-0.5,0.859375,0.475585938,0.883789063,-0.474609375,0.982195182,1.003163579
0,7,0,1,3,8,1,1.040361495,0.5,-0.5,0.865234375,0.509765625,0.87890625,-0.489257813,1.004236783,1.005907254
0,7,0,1,4,8,1,0.950849545,1.5,0.5,0.129882813,0.998046875,0.874023438,0.466796875,1.006462672,0.990866435
0,7,0,1,5,8,1,1.005951429,1.5,0.5,0.091796875,0.99609375,0.877929688,0.44921875,1.000314663,0.986183564
0,7,0,1,6,8,1,0.98441606,0.5,-0.5,0.86328125,0.446289063,0.883789063,-0.491210938,0.971817084,1.011123777
0,7,0,1,7,8,1,0.966407603,0.5,-0.5,0.870117188,0.436523438,0.892578125,-0.489257813,0.97347657,1.017874706
0,7,0,1,8,8,1,0.931215393,1.5,0.5,0.095703125,0.998046875,0.884765625,0.53515625,1.002624881,1.034022448
0,7,0,1,9,8,1,1.030362925,1.5,0.5,0.068359375,0.998046875,0.879882813,0.44921875,1.00038521,0.987922694
0,7,0,1,10,8,1,0.990262345,0.5,-0.5,0.872070313,0.483398438,0.887695313,-0.466796875,0.997086094,1.002946803
0,7,0,1,11,8,1,0.989060734,0.5,-0.5,0.8828125,0.48046875,0.884765625,-0.47265625,1.005091105,1.003102259
0,7,0,1,12,8,1,0.999247164,1.5,0.5,0.072265625,0.998046875,0.872070313,0.475585938,1.000659725,0.993322009
0,7,0,1,13,8,1,0.999296258,1.5,0.5,0.108398438,0.997070313,0.889648438,0.444335938,1.002945377,0.994438921
0,7,0,1,14,8,1,0.986763224,0.5,-0.5,0.880859375,0.47265625,0.866210938,-0.466796875,0.999658526,0.983982068
0,7,0,1,15,8,1,0.952539032,0.5,-0.5,0.875,0.475585938,0.875,-0.427734375,0.995895067,0.973951588
0,7,0,1,16,8,1,0.970711943,0.5,-0.5,0.864257813,0.453125,0.877929688,-0.465820313,0.975840065,0.993855673
0,7,0,1,17,8,1,0.961855441,0.5,-0.5,0.870117188,0.450195313,0.89453125,-0.470703125,0.979683489,1.010815309
0,7,0,1,18,8,1,0.981759881,-0.5,-1.5,0.899414063,-0.504882813,0.077148438,-0.993164063,1.031432165,0.99615598
0,7,0,1,19,8,1,0.990299081,-0.5,-1.5,0.8828125,-0.508789063,0.057617188,-0.998046875,1.018932883,0.99970861
0,7,0,1,20,8,1,1.02352385,0.5,-0.5,0.87890625,0.504882813,0.866210938,-0.475585938,1.013598959,0.988181852
0,7,0,1,21,8,1,1.000007233,0.5,-0.5,0.89453125,0.479492188,0.870117188,-0.484375,1.014937887,0.995852931
0,7,0,1,22,8,1,0.942848491,-0.5,-1.5,0.874023438,-0.514648438,0.095703125,-0.99609375,1.014287919,1.000680692
0,7,0,1,23,8,1,0.975883552,-0.5,-1.5,0.877929688,-0.478515625,0.095703125,-0.995117188,0.999868861,0.99970861
0,7,0,1,24,8,1,1.030792687,0.5,-0.5,0.883789063,0.500976563,0.88671875,-0.501953125,1.015903845,1.018934287
0,7,0,1,25,8,1,1.003232879,0.5,-0.5,0.876953125,0.489257813,0.876953125,-0.47265625,1.00420117,0.996218206
0,7,0,1,26,8,1,0.999203835,-0.5,-1.5,0.869140625,-0.487304688,0.060546875,-0.998046875,0.996429267,0.999881737
0,7,0,1,27,8,1,0.963551488,-0.5,-1.5,0.872070313,-0.477539063,0.106445313,-0.998046875,0.994258611,1.003707213
0,7,0,1,28,8,1,0.969577141,0.5,-0.5,0.883789063,0.470703125,0.866210938,-0.451171875,1.001321396,0.976666498
0,7,0,1,29,8,1,0.985135809,0.5,-0.5,0.87109375,0.430664063,0.842773438,-0.489257813,0.971738574,0.974494881
0,7,0,1,30,8,1,0.998843578,-0.5,-1.5,0.899414063,-0.493164063,0.0703125,-0.997070313,1.025746776,0.999546425
0,7,0,1,31,8,1,0.978819787,-0.5,-1.5,0.873046875,-0.473632813,0.094726563,-0.995117188,0.99324664,0.999615595
0,7,2,3,0,8,1,1.001396857,1,2.00E-15,0.54296875,0.83203125,1,-0.008789063,0.993524567,1.000038623
0,7,2,3,1,8,1,1.009647964,1,-2.00E-15,0.540039063,0.85546875,1,-0.001953125,1.011666433,1.000001907
0,7,2,3,2,8,1,0.969297238,-2.00E-15,-1,1,-0.01953125,0.54296875,-0.825195313,1.000190717,0.987806847
0,7,2,3,3,8,1,0.999413012,2.00E-15,-1,1,-0.004882813,0.52734375,-0.829101563,1.000011921,0.982599019
0,7,2,3,4,8,1,1.009072184,1,2.00E-15,0.5546875,0.830078125,0.999023438,-0.02734375,0.998352601,0.999397573
0,7,2,3,5,8,1,0.978811259,1,-2.00E-15,0.55859375,0.846679688,1,0.008789063,1.014343862,1.000038623
0,7,2,3,6,8,1,1.006375851,-2.00E-15,-1,1,-0.009765625,0.5390625,-0.870117188,1.000047683,1.023568414
0,7,2,3,7,8,1,1.016687539,2.00E-15,-1,1,0.012695313,0.541992188,-0.8515625,1.000080582,1.009412811
0,7,2,3,8,8,1,0.994491298,1,2.00E-15,0.545898438,0.831054688,0.999023438,-0.004882813,0.994312324,0.99903537
0,7,2,3,9,8,1,1.0298616,1,-2.00E-15,0.522460938,0.837890625,0.999023438,-0.016601563,0.987434115,0.999161369
0,7,2,3,10,8,1,0.987990197,-2.00E-15,-1,1,-0.010742188,0.524414063,-0.814453125,1.000057696,0.968681579
0,7,2,3,11,8,1,0.980106613,2.00E-15,-1,1,-0.01953125,0.5390625,-0.838867188,1.000190717,0.997139176
0,7,2,3,12,8,1,0.984845727,1,2.00E-15,0.556640625,0.84765625,0.998046875,0.004882813,1.014085748,0.998058819
0,7,2,3,13,8,1,1.036149972,1,-2.00E-15,0.52734375,0.844726563,1,-0.0234375,0.995818455,1.00027462
0,7,2,3,14,8,1,0.975123058,-2.22E-15,-1,1,-0.03125,0.541015625,-0.854492188,1.000488162,1.011362845
0,7,2,3,15,8,1,0.963093099,2.00E-15,-1,1,-0.0390625,0.54296875,-0.849609375,1.000762649,1.008291205
0,7,2,3,16,8,1,1.030168101,1,2.00E-15,0.5390625,0.833984375,1,-0.033203125,0.993034902,1.000551072
0,7,2,3,17,8,1,1.027840668,1,-2.00E-15,0.541992188,0.848632813,0.999023438,-0.025390625,1.006942492,0.999346042
0,7,2,3,18,8,1,0.945017811,-2.00E-15,-1,1,-0.0625,0.534179688,-0.845703125,1.001951221,1.000280818
0,7,2,3,19,8,1,1.038257805,2.00E-15,-1,0.999023438,0.038085938,0.547851563,-0.853515625,0.999749152,1.014214108
0,7,2,3,20,8,1,0.986820465,1,2.00E-15,0.5234375,0.846679688,1,0.030273438,0.995416149,1.000458136
0,7,2,3,21,8,1,1.012901299,1,-2.00E-15,0.532226563,0.831054688,1,-0.01171875,0.986872336,1.000068662
0,7,2,3,22,8,1,0.942106523,-2.00E-15,-1,0.999023438,-0.0390625,0.5625,-0.840820313,0.999786831,1.011624954
0,7,2,3,23,8,1,0.951464088,2.00E-15,-1,1,-0.041992188,0.541992188,-0.83203125,1.000881284,0.992991205
0,7,2,3,24,8,1,0.985690995,1,2.00E-15,0.517578125,0.836914063,1,0.03125,0.984028589,1.000488162
0,7,2,3,25,8,1,1.043862632,1,-2.00E-15,0.51953125,0.846679688,1,-0.0234375,0.993367612,1.00027462
0,7,2,3,26,8,1,0.988884987,-2.00E-15,-1,1,0.01171875,0.565429688,-0.837890625,1.000068662,1.010827102
0,7,2,3,27,8,1,1.021161846,2.00E-15,-1,1,0.010742188,0.526367188,-0.838867188,1.000057696,0.990333567
0,7,2,3,28,8,1,0.926640848,1,2.00E-15,0.573242188,0.833984375,1,0.041992188,1.011996316,1.000881284
0,7,2,3,29,8,1,0.998684086,1,-2.00E-15,0.54296875,0.848632813,1,0.002929688,1.007468468,1.000004292
0,7,2,3,30,8,1,1.004862491,-2.00E-15,-1,1,-0.001953125,0.524414063,-0.829101563,1.000001907,0.981029821
0,7,2,3,31,8,1,0.998202424,2.22E-15,-1,1,0.004882813,0.547851563,-0.840820313,1.000011921,1.003553752
0,7,0,1,0,9,1,1.0030701,1.5,0.5,0.081054688,1,0.881835938,0.466796875,1.003279553,0.997764473
0,7,0,1,1,9,1,0.996578823,1.5,0.5,0.076171875,0.99609375,0.896484375,0.487304688,0.999001959,1.020367626
0,7,0,1,2,9,1,1.001910588,0.5,-0.5,0.880859375,0.467773438,0.858398438,-0.484375,0.997359127,0.985630264
0,7,0,1,3,9,1,0.995015172,0.5,-0.5,0.884765625,0.47265625,0.8828125,-0.487304688,1.003102259,1.008376799
0,7,0,1,4,9,1,1.016089829,1.5,0.5,0.07421875,0.99609375,0.905273438,0.471679688,0.998854935,1.020784857
0,7,0,1,5,9,1,1.002089608,1.5,0.5,0.06640625,0.995117188,0.876953125,0.481445313,0.99733044,1.000418099
0,7,0,1,6,9,1,1.026218921,0.5,-0.5,0.884765625,0.508789063,0.874023438,-0.482421875,1.020625554,0.99832251
0,7,0,1,7,9,1,1.041652238,0.5,-0.5,0.873046875,0.505859375,0.876953125,-0.498046875,1.009011671,1.008512505
0,7,0,1,8,9,1,0.943236835,1.5,0.5,0.10546875,0.997070313,0.8671875,0.499023438,1.002632966,1.000519141
0,7,0,1,9,9,1,1.002685588,1.5,0.5,0.083984375,0.998046875,0.885742188,0.465820313,1.001574231,1.000763602
0,7,0,1,10,9,1,1.019946656,0.5,-0.5,0.884765625,0.491210938,0.876953125,-0.494140625,1.011977468,1.006589162
0,7,0,1,11,9,1,0.974312115,0.5,-0.5,0.890625,0.471679688,0.866210938,-0.458984375,1.007816758,0.980299977
0,7,0,1,12,9,1,0.933825107,1.5,0.5,0.125976563,0.99609375,0.874023438,0.490234375,1.004028313,1.002121106
0,7,0,1,13,9,1,0.98780032,1.5,0.5,0.079101563,0.991210938,0.8671875,0.477539063,0.994362197,0.989978644
0,7,0,1,14,9,1,1.022702852,0.5,-0.5,0.870117188,0.505859375,0.864257813,-0.467773438,1.006477832,0.98272761
0,7,0,1,15,9,1,1.010899043,0.5,-0.5,0.874023438,0.485351563,0.881835938,-0.486328125,0.999741521,1.007049982
0,7,0,1,16,9,1,1.00402694,0.5,-0.5,0.892578125,0.485351563,0.893554688,-0.495117188,1.016002878,1.021558128
0,7,0,1,17,9,1,0.9828498,0.5,-0.5,0.881835938,0.482421875,0.873046875,-0.45703125,1.005169382,0.985438181
0,7,0,1,18,9,1,1.033692127,-0.5,-1.5,0.8828125,-0.448242188,0.067382813,-1,0.990090384,1.002267651
0,7,0,1,19,9,1,0.994927318,-0.5,-1.5,0.875976563,-0.471679688,0.08203125,-0.999023438,0.994895304,1.002385632
0,7,0,1,20,9,1,0.970794657,0.5,-0.5,0.864257813,0.458984375,0.857421875,-0.44921875,0.978574587,0.967971982
0,7,0,1,21,9,1,1.014264287,0.5,-0.5,0.889648438,0.47265625,0.868164063,-0.50390625,1.00741167,1.003807924
0,7,0,1,22,9,1,0.997543556,-0.5,-1.5,0.875976563,-0.486328125,0.06640625,-0.998046875,1.001923142,1.000253645
0,7,0,1,23,9,1,1.051191308,-0.5,-1.5,0.881835938,-0.462890625,0.036132813,-0.997070313,0.995942946,0.997724806
0,7,0,1,24,9,1,0.958269336,0.5,-0.5,0.872070313,0.443359375,0.874023438,-0.463867188,0.978301674,0.989489635
0,7,0,1,25,9,1,1.009396405,0.5,-0.5,0.883789063,0.494140625,0.875,-0.477539063,1.012550277,0.996829251
0,7,0,1,26,9,1,1.028482928,-0.5,-1.5,0.876953125,-0.471679688,0.048828125,-0.999023438,0.995755247,1.000215984
0,7,0,1,27,9,1,0.985772516,-0.5,-1.5,0.876953125,-0.498046875,0.068359375,-0.99609375,1.008512505,0.998436659
0,7,0,1,28,9,1,0.993292676,0.5,-0.5,0.877929688,0.471679688,0.87890625,-0.48046875,0.996615404,1.001661827
0,7,0,1,29,9,1,1.045243268,0.5,-0.5,0.881835938,0.49609375,0.87109375,-0.513671875,1.011802169,1.011268073
0,7,0,1,30,9,1,1.050041137,-0.5,-1.5,0.8828125,-0.489257813,0.014648438,-0.997070313,1.009322108,0.99717791
0,7,0,1,31,9,1,0.99196017,-0.5,-1.5,0.895507813,-0.485351563,0.08203125,-0.99609375,1.018577627,0.9994658
0,7,2,3,0,9,1,1.000362401,1,2.00E-15,0.55078125,0.834960938,1,-0.012695313,1.000259842,1.000080582
0,7,2,3,1,9,1,0.99078011,1,-2.00E-15,0.53125,0.821289063,1,0.005859375,0.978132039,1.000017166
0,7,2,3,2,9,1,0.96785927,-2.00E-15,-1,1,-0.049804688,0.53125,-0.860351563,1.001239485,1.011153487
0,7,2,3,3,9,1,0.98278176,2.00E-15,-1,1,-0.04296875,0.50390625,-0.831054688,1.000922731,0.971891662
0,7,2,3,4,9,1,0.990264454,1,2.00E-15,0.522460938,0.836914063,1,0.022460938,0.986605584,1.000252215
0,7,2,3,5,9,1,0.989791316,1,-2.00E-15,0.555664063,0.853515625,1,0.00390625,1.018455435,1.000007629
0,7,2,3,6,9,1,1.048468873,-2.00E-15,-1,1,0.015625,0.521484375,-0.874023438,1.000122063,1.017773512
0,7,2,3,7,9,1,1.01582219,2.00E-15,-1,1,0.018554688,0.538085938,-0.833007813,1.000172123,0.991684674
0,7,2,3,8,9,1,0.975178825,1,2.00E-15,0.544921875,0.838867188,1,0.01953125,1.000318953,1.000190717
0,7,2,3,9,9,1,0.959473875,1,-2.00E-15,0.577148438,0.840820313,0.999023438,0.009765625,1.019842692,0.999071167
0,7,2,3,10,9,1,1.01801546,-2.00E-15,-1,0.998046875,0.02734375,0.549804688,-0.838867188,0.998421377,1.002987215
0,7,2,3,11,9,1,1.002836977,2.00E-15,-1,1,0.001953125,0.533203125,-0.83203125,1.000001907,0.988221419
0,7,2,3,12,9,1,1.003533273,1,2.00E-15,0.537109375,0.846679688,1,0.001953125,1.002672915,1.000001907
0,7,2,3,13,9,1,0.958470474,1,-2.00E-15,0.545898438,0.82421875,1,0.02734375,0.988605913,1.00037377
0,7,2,3,14,9,1,1.046786476,-2.22E-15,-1,0.999023438,0.040039063,0.526367188,-0.83203125,0.999825462,0.984549855
0,7,2,3,15,9,1,1.021381689,2.00E-15,-1,0.999023438,0.026367188,0.543945313,-0.837890625,0.999371331,0.998968069
0,7,2,3,16,9,1,0.964326785,1,2.00E-15,0.571289063,0.842773438,0.999023438,0.010742188,1.01815434,0.99908119
0,7,2,3,17,9,1,1.028045892,1,-2.00E-15,0.561523438,0.844726563,1,-0.043945313,1.01433305,1.00096513
0,7,2,3,18,9,1,1.003272914,-2.00E-15,-1,1,0.009765625,0.538085938,-0.826171875,1.000047683,0.985949514
0,7,2,3,19,9,1,1.003215503,2.00E-15,-1,1,-0.002929688,0.540039063,-0.852539063,1.000004292,1.00919029
0,7,2,3,20,9,1,1.021889193,1,2.00E-15,0.530273438,0.842773438,0.999023438,-0.012695313,0.995719331,0.999104098
0,7,2,3,21,9,1,0.980847268,1,-2.00E-15,0.529296875,0.833984375,0.999023438,0.024414063,0.987767746,0.999321708
0,7,2,3,22,9,1,0.988798028,-2.00E-15,-1,1,0.000976563,0.563476563,-0.854492188,1.000000477,1.023553973
0,7,2,3,23,9,1,0.987070104,2.00E-15,-1,1,-0.005859375,0.5546875,-0.850585938,1.000017166,1.015467705
0,7,2,3,24,9,1,0.990823124,1,2.00E-15,0.580078125,0.850585938,1,-0.018554688,1.029556734,1.000172123
0,7,2,3,25,9,1,1.037996472,1,-2.00E-15,0.53125,0.854492188,1,-0.0234375,1.00617268,1.00027462
0,7,2,3,26,9,1,0.952632228,-2.00E-15,-1,0.997070313,-0.016601563,0.58984375,-0.859375,0.997208514,1.042324825
0,7,2,3,27,9,1,1.050294118,2.00E-15,-1,1,0.001953125,0.493164063,-0.856445313,1.000001907,0.988286075
0,7,2,3,28,9,1,0.975245622,1,2.00E-15,0.556640625,0.8515625,1,0.016601563,1.017353172,1.000137796
0,7,2,3,29,9,1,1.011432772,1,-2.00E-15,0.543945313,0.861328125,0.999023438,-0.00390625,1.018706357,0.999031074
0,7,2,3,30,9,1,0.998626036,-2.00E-15,-1,1,-0.0234375,0.514648438,-0.841796875,1.00027462,0.986653431
0,7,2,3,31,9,1,1.023274952,2.22E-15,-1,1,0.01171875,0.514648438,-0.822265625,1.000068662,0.970043181
0,7,0,1,0,10,1,0.978726191,1.5,0.5,0.072265625,0.994140625,0.875976563,0.500976563,0.996763715,1.009114688
0,7,0,1,1,10,1,1.024945,1.5,0.5,0.0390625,1,0.858398438,0.4765625,1.000762649,0.981814491
0,7,0,1,2,10,1,0.956964023,0.5,-0.5,0.87890625,0.456054688,0.872070313,-0.452148438,0.990182849,0.982316059
0,7,0,1,3,10,1,1.035124579,0.5,-0.5,0.88671875,0.48828125,0.8515625,-0.500976563,1.012269095,0.987996056
0,7,0,1,4,10,1,1.034155466,1.5,0.5,0.048828125,0.99609375,0.883789063,0.46875,0.9972898,1.000404753
0,7,0,1,5,10,1,0.983033886,1.5,0.5,0.083007813,0.997070313,0.866210938,0.478515625,1.000519618,0.989595166
0,7,0,1,6,10,1,1.004835849,0.5,-0.5,0.873046875,0.461914063,0.883789063,-0.50390625,0.987712229,1.017351766
0,7,0,1,7,10,1,1.027382417,0.5,-0.5,0.875,0.494140625,0.866210938,-0.48828125,1.004888032,0.994354045
0,7,0,1,8,10,1,0.972471972,1.5,0.5,0.087890625,0.998046875,0.87890625,0.4921875,1.001909341,1.007335461
0,7,0,1,9,10,1,0.965670799,1.5,0.5,0.059570313,0.995117188,0.874023438,0.530273438,0.99689861,1.022304694
0,7,0,1,10,10,1,0.988415836,0.5,-0.5,0.875,0.483398438,0.868164063,-0.456054688,0.999649463,0.980660348
0,7,0,1,11,10,1,1.040653967,0.5,-0.5,0.87109375,0.5078125,0.889648438,-0.500976563,1.008304446,1.021005318
0,7,0,1,12,10,1,0.979875456,1.5,0.5,0.111328125,0.997070313,0.891601563,0.463867188,1.003266246,1.005050304
0,7,0,1,13,10,1,1.017180545,1.5,0.5,0.059570313,0.997070313,0.888671875,0.478515625,0.998848252,1.009314076
0,7,0,1,14,10,1,1.019773768,0.5,-0.5,0.8828125,0.491210938,0.874023438,-0.491210938,1.010270308,1.002599199
0,7,0,1,15,10,1,1.018730746,0.5,-0.5,0.877929688,0.491210938,0.874023438,-0.487304688,1.006006323,1.000691175
0,7,0,1,16,10,1,0.979681103,0.5,-0.5,0.868164063,0.447265625,0.873046875,-0.481445313,0.976604003,0.996995705
0,7,0,1,17,10,1,0.944838549,0.5,-0.5,0.88671875,0.458007813,0.8828125,-0.446289063,0.998018686,0.989207682
0,7,0,1,18,10,1,0.969097028,-0.5,-1.5,0.875976563,-0.494140625,0.087890625,-0.995117188,1.005738483,0.99899098
0,7,0,1,19,10,1,0.989397793,-0.5,-1.5,0.877929688,-0.512695313,0.052734375,-0.997070313,1.016669573,0.998463881
0,7,0,1,20,10,1,0.992845491,0.5,-0.5,0.864257813,0.491210938,0.87890625,-0.453125,0.994097456,0.988836924
0,7,0,1,21,10,1,0.997637462,0.5,-0.5,0.876953125,0.500976563,0.880859375,-0.45703125,1.009962524,0.992366264
0,7,0,1,22,10,1,0.965386458,-0.5,-1.5,0.889648438,-0.501953125,0.091796875,-0.998046875,1.021484842,1.002259563
0,7,0,1,23,10,1,1.020078109,-0.5,-1.5,0.885742188,-0.47265625,0.060546875,-0.999023438,1.003963721,1.00085651
0,7,0,1,24,10,1,1.009675994,0.5,-0.5,0.875,0.506835938,0.8828125,-0.46484375,1.011191212,0.997716203
0,7,0,1,25,10,1,0.996397529,0.5,-0.5,0.864257813,0.475585938,0.868164063,-0.466796875,0.986470248,0.985701863
0,7,0,1,26,10,1,0.991136416,-0.5,-1.5,0.875976563,-0.49609375,0.064453125,-1,1.006699532,1.00207495
0,7,0,1,27,10,1,0.988519389,-0.5,-1.5,0.870117188,-0.465820313,0.090820313,-0.998046875,0.986961237,1.002170591
0,7,0,1,28,10,1,1.023086703,0.5,-0.5,0.877929688,0.4765625,0.870117188,-0.504882813,0.99893561,1.005987363
0,7,0,1,29,10,1,0.958793804,0.5,-0.5,0.885742188,0.461914063,0.885742188,-0.458984375,0.998951362,0.99760006
0,7,0,1,30,10,1,1.024741913,-0.5,-1.5,0.888671875,-0.450195313,0.077148438,-0.998046875,0.996199539,1.001024199
0,7,0,1,31,10,1,1.01748964,-0.5,-1.5,0.876953125,-0.44921875,0.080078125,-1,0.985314299,1.003201129
0,7,2,3,0,10,1,1.030831527,1,2.00E-15,0.517578125,0.830078125,1,-0.017578125,0.978221248,1.000154483
0,7,2,3,1,10,1,0.980677063,1,-2.00E-15,0.551757813,0.829101563,0.999023438,0.002929688,0.995914697,0.999027733
0,7,2,3,2,10,1,1.039955748,-2.00E-15,-1,1,0.040039063,0.529296875,-0.82421875,1.000801242,0.979536487
0,7,2,3,3,10,1,1.000439944,2.00E-15,-1,1,0.006835938,0.546875,-0.83984375,1.000023365,1.00220247
0,7,2,3,4,10,1,1.022722885,1,2.00E-15,0.514648438,0.803710938,1,-0.021484375,0.954365907,1.000230763
0,7,2,3,5,10,1,1.062377058,1,-2.00E-15,0.51171875,0.821289063,1,-0.048828125,0.967663063,1.001191383
0,7,2,3,6,10,1,1.021557217,-2.00E-15,-1,1,0.02734375,0.555664063,-0.854492188,1.00037377,1.019273981
0,7,2,3,7,10,1,0.984163201,2.00E-15,-1,1,-0.009765625,0.543945313,-0.8359375,1.000047683,0.99733044
0,7,2,3,8,10,1,1.002800105,1,2.00E-15,0.530273438,0.841796875,1,0.005859375,0.994892907,1.000017166
0,7,2,3,9,10,1,1.01906122,1,-2.00E-15,0.524414063,0.842773438,1,-0.004882813,0.992611291,1.000011921
0,7,2,3,10,10,1,0.985994626,-2.00E-15,-1,1,0.002929688,0.553710938,-0.831054688,1.000004292,0.9986229
0,7,2,3,11,10,1,0.987924357,2.00E-15,-1,0.998046875,-0.010742188,0.53515625,-0.831054688,0.998104684,0.988455414
0,7,2,3,12,10,1,0.988910198,1,2.00E-15,0.564453125,0.841796875,1,-0.008789063,1.013523216,1.000038623
0,7,2,3,13,10,1,0.960892859,1,-2.00E-15,0.557617188,0.842773438,1,0.025390625,1.010546384,1.00032229
0,7,2,3,14,10,1,0.952698273,-2.22E-15,-1,1,-0.041992188,0.546875,-0.841796875,1.000881284,1.00383975
0,7,2,3,15,10,1,1.039410456,2.00E-15,-1,1,0.006835938,0.5078125,-0.850585938,1.000023365,0.990641192
0,7,2,3,16,10,1,0.978781038,1,2.00E-15,0.55078125,0.856445313,1,0.020507813,1.01826252,1.000210263
0,7,2,3,17,10,1,0.964404065,1,-2.00E-15,0.56640625,0.853515625,1,0.020507813,1.024355877,1.000210263
0,7,2,3,18,10,1,1.002897241,-2.00E-15,-1,1,0.00390625,0.54296875,-0.84375,1.000007629,1.003358922
0,7,2,3,19,10,1,0.992559038,2.00E-15,-1,1,0.009765625,0.564453125,-0.846679688,1.000047683,1.017582342
0,7,2,3,20,10,1,1.023438516,1,2.00E-15,0.54296875,0.833007813,0.999023438,-0.030273438,0.994342536,0.999482021
0,7,2,3,21,10,1,1.088384742,1,-2.00E-15,0.497070313,0.8671875,1,-0.038085938,0.999546425,1.000725007
0,7,2,3,22,10,1,0.993150757,-2.00E-15,-1,0.998046875,-0.004882813,0.5390625,-0.8359375,0.998058819,0.994675768
0,7,2,3,23,10,1,0.991986489,2.00E-15,-1,1,0.016601563,0.57421875,-0.84765625,1.000137796,1.023839973
0,7,2,3,24,10,1,0.972721308,1,2.00E-15,0.552734375,0.81640625,1,0.002929688,0.985918077,1.000004292
0,7,2,3,25,10,1,0.978606224,1,-2.00E-15,0.547851563,0.8515625,1,0.020507813,1.012570998,1.000210263
0,7,2,3,26,10,1,0.956846662,-2.00E-15,-1,1,-0.020507813,0.556640625,-0.825195313,1.000210263,0.995387407
0,7,2,3,27,10,1,1.005730124,2.00E-15,-1,1,0.001953125,0.5546875,-0.87109375,1.000001907,1.032706417
0,7,2,3,28,10,1,1.0364531,1,2.00E-15,0.564453125,0.846679688,1,-0.053710938,1.017582342,1.001441394
0,7,2,3,29,10,1,0.998403177,1,-2.00E-15,0.533203125,0.813476563,1,-0.0078125,0.972650857,1.000030517
0,7,2,3,30,10,1,1.046757088,-2.00E-15,-1,1,0.022460938,0.515625,-0.84765625,1.000252215,0.992164431
0,7,2,3,31,10,1,1.006132203,2.22E-15,-1,1,0.016601563,0.551757813,-0.83984375,1.000137796,1.00487522
0,7,0,1,0,11,1,0.995871617,1.5,0.5,0.056640625,0.997070313,0.870117188,0.49609375,0.99867781,1.001605176
0,7,0,1,1,11,1,0.939766604,1.5,0.5,0.107421875,0.99609375,0.87109375,0.502929688,1.001869362,1.00585416
0,7,0,1,2,11,1,1.002410431,0.5,-0.5,0.879882813,0.50390625,0.891601563,-0.466796875,1.013960193,1.006405817
0,7,0,1,3,11,1,0.939689448,0.5,-0.5,0.87109375,0.435546875,0.876953125,-0.452148438,0.97391242,0.986653431
0,7,0,1,4,11,1,1.01732248,1.5,0.5,0.048828125,0.999023438,0.876953125,0.484375,1.000215984,1.001831285
0,7,0,1,5,11,1,1.032709171,1.5,0.5,0.045898438,0.997070313,0.879882813,0.471679688,0.998126182,0.998336362
0,7,0,1,6,11,1,1.000590254,0.5,-0.5,0.87890625,0.501953125,0.879882813,-0.459960938,1.012142844,0.992853377
0,7,0,1,7,11,1,0.947257526,0.5,-0.5,0.861328125,0.478515625,0.891601563,-0.419921875,0.985323978,0.985539308
0,7,0,1,8,11,1,1.026786996,1.5,0.5,0.063476563,0.99609375,0.903320313,0.470703125,0.998114238,1.018601502
0,7,0,1,9,11,1,1.047610071,1.5,0.5,0.034179688,0.995117188,0.872070313,0.463867188,0.995704006,0.987764849
0,7,0,1,10,11,1,0.990459881,0.5,-0.5,0.876953125,0.49609375,0.874023438,-0.450195313,1.007549399,0.983154509
0,7,0,1,11,11,1,1.003196649,0.5,-0.5,0.884765625,0.461914063,0.869140625,-0.5,0.998085574,1.002699071
0,7,0,1,12,11,1,0.997025028,1.5,0.5,0.061523438,0.995117188,0.889648438,0.5,0.997017227,1.020526503
0,7,0,1,13,11,1,1.025009234,1.5,0.5,0.052734375,0.998046875,0.865234375,0.46484375,0.999439082,0.982196638
0,7,0,1,14,11,1,1.027912378,0.5,-0.5,0.875976563,0.5,0.88671875,-0.495117188,1.008630229,1.015584153
0,7,0,1,15,11,1,1.002883678,0.5,-0.5,0.870117188,0.470703125,0.872070313,-0.484375,0.989275165,0.997559908
0,7,0,1,16,11,1,1.031253017,0.5,-0.5,0.876953125,0.518554688,0.879882813,-0.477539063,1.018796225,1.001118035
0,7,0,1,17,11,1,0.970141994,0.5,-0.5,0.8828125,0.47265625,0.8828125,-0.458007813,1.001379968,0.99454968
0,7,0,1,18,11,1,1.005543715,-0.5,-1.5,0.879882813,-0.453125,0.08984375,-0.999023438,0.989705021,1.003055197
0,7,0,1,19,11,1,1.021797398,-0.5,-1.5,0.881835938,-0.471679688,0.057617188,-0.995117188,1.000058172,0.996783807
0,7,0,1,20,11,1,1.032898469,0.5,-0.5,0.883789063,0.509765625,0.885742188,-0.495117188,1.020266681,1.014731616
0,7,0,1,21,11,1,0.975320131,0.5,-0.5,0.883789063,0.469726563,0.883789063,-0.467773438,1.000862703,0.999947547
0,7,0,1,22,11,1,0.98287555,-0.5,-1.5,0.864257813,-0.5078125,0.056640625,-0.998046875,1.00240466,0.999652802
0,7,0,1,23,11,1,1.010564498,-0.5,-1.5,0.889648438,-0.4765625,0.068359375,-0.997070313,1.009250295,0.999410933
0,7,0,1,24,11,1,0.975530455,0.5,-0.5,0.87109375,0.451171875,0.880859375,-0.478515625,0.980999685,1.002442239
0,7,0,1,25,11,1,1.046978018,0.5,-0.5,0.87890625,0.502929688,0.8671875,-0.504882813,1.012627506,1.003454441
0,7,0,1,26,11,1,1.043000144,-0.5,-1.5,0.874023438,-0.448242188,0.053710938,-0.995117188,0.98226169,0.996565643
0,7,0,1,27,11,1,1.016048317,-0.5,-1.5,0.879882813,-0.452148438,0.080078125,-0.998046875,0.989258295,1.001254249
0,7,0,1,28,11,1,0.983985158,0.5,-0.5,0.881835938,0.475585938,0.883789063,-0.470703125,1.001906485,1.001321396
0,7,0,1,29,11,1,1.002752932,0.5,-0.5,0.887695313,0.4921875,0.865234375,-0.46875,1.015013056,0.984051364
0,7,0,1,30,11,1,0.944459833,-0.5,-1.5,0.859375,-0.502929688,0.096679688,-0.995117188,0.995722683,0.99980257
0,7,0,1,31,11,1,1.015226818,-0.5,-1.5,0.869140625,-0.446289063,0.081054688,-0.99609375,0.977025769,0.999386122
0,7,2,3,0,11,1,1.020750048,1,2.00E-15,0.52734375,0.852539063,1,-0.00390625,1.00245413,1.000007629
0,7,2,3,1,11,1,0.984716993,1,-2.00E-15,0.526367188,0.84375,1,0.028320313,0.994472965,1.00040094
0,7,2,3,2,11,1,1.053170575,-2.00E-15,-1,1,0.022460938,0.51171875,-0.853515625,1.000252215,0.995160792
0,7,2,3,3,11,1,0.99344047,2.00E-15,-1,1,-0.001953125,0.549804688,-0.84765625,1.000001907,1.010349599
0,7,2,3,4,11,1,1.036474785,1,2.00E-15,0.514648438,0.852539063,1,-0.008789063,0.995834257,1.000038623
0,7,2,3,5,11,1,1.026871768,1,-2.00E-15,0.517578125,0.876953125,1,0.010742188,1.018299513,1.000057696
0,7,2,3,6,11,1,1.00910821,-2.00E-15,-1,1,0.017578125,0.54296875,-0.830078125,1.000154483,0.991889488
0,7,2,3,7,11,1,0.959907559,2.00E-15,-1,1,-0.0234375,0.548828125,-0.82421875,1.00027462,0.99022667
0,7,2,3,8,11,1,0.98377124,1,2.00E-15,0.5625,0.84375,0.999023438,-0.000976563,1.014061296,0.999023915
0,7,2,3,9,11,1,1.015394159,1,-2.00E-15,0.53515625,0.833007813,0.999023438,-0.015625,0.99009809,0.99914562
0,7,2,3,10,11,1,1.030887856,-2.00E-15,-1,1,0.04296875,0.549804688,-0.833984375,1.000922731,0.998906969
0,7,2,3,11,11,1,0.999211567,2.00E-15,-1,1,0.026367188,0.567382813,-0.833007813,1.000347554,1.007881576
0,7,2,3,12,11,1,0.962044053,1,2.00E-15,0.559570313,0.864257813,1,0.034179688,1.029592396,1.000583955
0,7,2,3,13,11,1,0.991616388,1,-2.00E-15,0.522460938,0.833984375,1,0.01953125,0.984121623,1.000190717
0,7,2,3,14,11,1,1.010664443,-2.22E-15,-1,1,0.010742188,0.546875,-0.8515625,1.000057696,1.012042962
0,7,2,3,15,11,1,1.016121969,2.00E-15,-1,1,0.020507813,0.540039063,-0.833007813,1.000210263,0.992745791
0,7,2,3,16,11,1,1.05370941,1,2.00E-15,0.52734375,0.844726563,1,-0.041015625,0.995818455,1.000840787
0,7,2,3,17,11,1,1.052974599,1,-2.00E-15,0.505859375,0.872070313,1,-0.0078125,1.00816682,1.000030517
0,7,2,3,18,11,1,1.009180559,-2.00E-15,-1,0.999023438,0.026367188,0.548828125,-0.823242188,0.999371331,0.989413973
0,7,2,3,19,11,1,1.013297617,2.00E-15,-1,0.999023438,0.034179688,0.572265625,-0.8515625,0.999607963,1.02598569
0,7,2,3,20,11,1,0.974962633,1,2.00E-15,0.546875,0.837890625,1,0.017578125,1.000566322,1.000154483
0,7,2,3,21,11,1,1.041035755,1,-2.00E-15,0.516601563,0.84765625,1,-0.017578125,0.992672299,1.000154483
0,7,2,3,22,11,1,0.980609361,-2.00E-15,-1,0.999023438,-0.024414063,0.53515625,-0.842773438,0.999321708,0.998328242
0,7,2,3,23,11,1,1.004274794,2.00E-15,-1,1,0.021484375,0.546875,-0.8203125,1.000230763,0.985892927
0,7,2,3,24,11,1,1.03145694,1,2.00E-15,0.537109375,0.849609375,1,-0.024414063,1.005148034,1.000297979
0,7,2,3,25,11,1,1.011399818,1,-2.00E-15,0.553710938,0.852539063,0.999023438,-0.016601563,1.016572012,0.999161369
0,7,2,3,26,11,1,1.019524783,-2.00E-15,-1,1,0.017578125,0.533203125,-0.833984375,1.000154483,0.98986641
0,7,2,3,27,11,1,1.000369727,2.00E-15,-1,1,0.010742188,0.543945313,-0.828125,1.000057696,0.99079136
0,7,2,3,28,11,1,1.01262487,1,2.00E-15,0.538085938,0.837890625,1,-0.012695313,0.995789725,1.000080582
0,7,2,3,29,11,1,0.969314549,1,-2.00E-15,0.5546875,0.8359375,0.999023438,0.015625,1.003229648,0.99914562
0,7,2,3,30,11,1,1.051156214,-2.00E-15,-1,0.999023438,0.059570313,0.555664063,-0.849609375,1.000797907,1.015184043
0,7,2,3,31,11,1,1.032931988,2.22E-15,-1,1,0.053710938,0.557617188,-0.830078125,1.001441394,0.999983311
0,7,0,1,0,12,1,0.973342537,1.5,0.5,0.111328125,0.994140625,0.883789063,0.466796875,1.000354704,0.999491085
0,7,0,1,1,12,1,0.997803283,1.5,0.5,0.055664063,0.995117188,0.880859375,0.500976563,0.996672817,1.013356184
0,7,0,1,2,12,1,1.011190909,0.5,-0.5,0.86328125,0.491210938,0.865234375,-0.465820313,0.99324856,0.982659192
0,7,0,1,3,12,1,1.009777116,0.5,-0.5,0.868164063,0.5078125,0.895507813,-0.466796875,1.005774515,1.009868093
0,7,0,1,4,12,1,0.972833707,1.5,0.5,0.092773438,0.999023438,0.861328125,0.4765625,1.003321852,0.984376938
0,7,0,1,5,12,1,0.975152736,1.5,0.5,0.083984375,1,0.869140625,0.48828125,1.003520491,0.99690722
0,7,0,1,6,12,1,0.953973245,0.5,-0.5,0.90234375,0.47265625,0.896484375,-0.45703125,1.018640355,1.006261297
0,7,0,1,7,12,1,1.000081492,0.5,-0.5,0.891601563,0.463867188,0.869140625,-0.498046875,1.005050304,1.001726567
0,7,0,1,8,12,1,0.969100964,1.5,0.5,0.0859375,0.99609375,0.870117188,0.493164063,0.999793985,1.000157344
0,7,0,1,9,12,1,0.953225238,1.5,0.5,0.09765625,0.995117188,0.872070313,0.499023438,0.999897475,1.004754209
0,7,0,1,10,12,1,1.037589915,0.5,-0.5,0.87890625,0.493164063,0.869140625,-0.504882813,1.007812973,1.005142816
0,7,0,1,11,12,1,0.960075238,0.5,-0.5,0.868164063,0.459960938,0.885742188,-0.453125,0.98248303,0.99491783
0,7,0,1,12,12,1,0.996002509,1.5,0.5,0.071289063,0.998046875,0.874023438,0.481445313,1.000589674,0.99785097
0,7,0,1,13,12,1,0.987843115,1.5,0.5,0.072265625,0.993164063,0.874023438,0.489257813,0.995789725,1.001643737
0,7,0,1,14,12,1,1.017518241,0.5,-0.5,0.861328125,0.467773438,0.861328125,-0.493164063,0.980152094,0.992520494
0,7,0,1,15,12,1,0.983873163,0.5,-0.5,0.884765625,0.475585938,0.870117188,-0.46484375,1.004486035,0.9865007
0,7,0,1,16,12,1,1.001190822,0.5,-0.5,0.875,0.48828125,0.903320313,-0.484375,1.00201975,1.024991087
0,7,0,1,17,12,1,0.992668885,0.5,-0.5,0.854492188,0.48828125,0.905273438,-0.463867188,0.984162323,1.017198488
0,7,0,1,18,12,1,1.010756772,-0.5,-1.5,0.873046875,-0.461914063,0.073242188,-0.99609375,0.987712229,0.998782848
0,7,0,1,19,12,1,0.980350781,-0.5,-1.5,0.880859375,-0.506835938,0.068359375,-0.999023438,1.016265667,1.001359492
0,7,0,1,20,12,1,1.03143611,0.5,-0.5,0.866210938,0.501953125,0.870117188,-0.482421875,1.001138516,0.99490441
0,7,0,1,21,12,1,1.016776598,0.5,-0.5,0.880859375,0.475585938,0.900390625,-0.517578125,1.001047063,1.038552066
0,7,0,1,22,12,1,0.991987255,-0.5,-1.5,0.873046875,-0.493164063,0.064453125,-0.99609375,1.002707155,0.99817682
0,7,0,1,23,12,1,0.996984909,-0.5,-1.5,0.883789063,-0.482421875,0.07421875,-0.999023438,1.006883296,1.001776548
0,7,0,1,24,12,1,1.007646744,0.5,-0.5,0.891601563,0.499023438,0.875976563,-0.475585938,1.021752288,0.99675319
0,7,0,1,25,12,1,1.053917586,0.5,-0.5,0.875976563,0.521484375,0.862304688,-0.490234375,1.01945127,0.99191689
0,7,0,1,26,12,1,1.018548705,-0.5,-1.5,0.895507813,-0.479492188,0.060546875,-0.997070313,1.015798701,0.998906969
0,7,0,1,27,12,1,1.03880561,-0.5,-1.5,0.877929688,-0.456054688,0.052734375,-0.99609375,0.989316135,0.997488683
0,7,0,1,28,12,1,1.007710815,0.5,-0.5,0.875,0.485351563,0.885742188,-0.485351563,1.000595392,1.010002654
0,7,0,1,29,12,1,1.007417489,0.5,-0.5,0.873046875,0.485351563,0.895507813,-0.489257813,0.998887874,1.020444731
0,7,0,1,30,12,1,1.00313947,-0.5,-1.5,0.875,-0.46484375,0.079101563,-0.995117188,0.990810129,0.998256116
0,7,0,1,31,12,1,1.012309533,-0.5,-1.5,0.891601563,-0.490234375,0.055664063,-0.997070313,1.017488618,0.9986229
0,7,2,3,0,12,1,0.980420196,1,2.00E-15,0.556640625,0.846679688,1,0.008789063,1.013269598,1.000038623
0,7,2,3,1,12,1,0.996824688,1,-2.00E-15,0.537109375,0.850585938,1,0.010742188,1.005973617,1.000057696
0,7,2,3,2,12,1,1.04340676,-2.00E-15,-1,0.999023438,0.01953125,0.5078125,-0.833984375,0.999214341,0.976423818
0,7,2,3,3,12,1,0.997038087,2.00E-15,-1,1,-0.004882813,0.526367188,-0.823242188,1.000011921,0.977133622
0,7,2,3,4,12,1,0.971978564,1,2.00E-15,0.580078125,0.844726563,1,-0.002929688,1.024721229,1.000004292
0,7,2,3,5,12,1,1.014473262,1,-2.00E-15,0.528320313,0.849609375,1,0,1.000479107,1
0,7,2,3,6,12,1,0.987209398,-2.00E-15,-1,1,-0.000976563,0.552734375,-0.838867188,1.000000477,1.004596161
0,7,2,3,7,12,1,1.037722904,2.00E-15,-1,1,0.048828125,0.557617188,-0.84765625,1.001191383,1.01462212
0,7,2,3,8,12,1,1.080809566,1,2.00E-15,0.497070313,0.840820313,1,-0.043945313,0.976758769,1.00096513
0,7,2,3,9,12,1,1.01124915,1,-2.00E-15,0.575195313,0.848632813,1,-0.036132813,1.025196224,1.000652577
0,7,2,3,10,12,1,1.005026609,-2.00E-15,-1,0.999023438,0.026367188,0.545898438,-0.811523438,0.999371331,0.978046724
0,7,2,3,11,12,1,0.976948097,2.00E-15,-1,1,0.006835938,0.567382813,-0.828125,1.000023365,1.003849726
0,7,2,3,12,12,1,1.018598138,1,2.00E-15,0.543945313,0.841796875,1,-0.021484375,1.002246717,1.000230763
0,7,2,3,13,12,1,1.007807776,1,-2.00E-15,0.533203125,0.833984375,1,-0.005859375,0.98986641,1.000017166
0,7,2,3,14,12,1,0.96909639,-2.22E-15,-1,1,0.008789063,0.580078125,-0.829101563,1.000038623,1.011879455
0,7,2,3,15,12,1,0.944959975,2.00E-15,-1,1,-0.028320313,0.576171875,-0.846679688,1.00040094,1.024129153
0,7,2,3,16,12,1,0.978406858,1,2.00E-15,0.557617188,0.83203125,1,0.001953125,1.001605176,1.000001907
0,7,2,3,17,12,1,1.008466436,1,-2.00E-15,0.522460938,0.818359375,0.999023438,-0.005859375,0.970915804,0.99904062
0,7,2,3,18,12,1,1.022717402,-2.00E-15,-1,1,0,0.512695313,-0.83984375,1,0.983968499
0,7,2,3,19,12,1,0.989666467,2.00E-15,-1,1,0,0.5625,-0.856445313,1,1.024648634
0,7,2,3,20,12,1,0.989038211,1,2.00E-15,0.534179688,0.836914063,1,0.013671875,0.992861061,1.000093456
0,7,2,3,21,12,1,1.001957251,1,-2.00E-15,0.500976563,0.857421875,0.999023438,0.040039063,0.993050748,0.999825462
0,7,2,3,22,12,1,1.01262701,-2.00E-15,-1,0.999023438,0.018554688,0.55078125,-0.846679688,0.999195729,1.010062611
0,7,2,3,23,12,1,1.011308073,2.00E-15,-1,1,0.008789063,0.546875,-0.856445313,1.000038623,1.016154929
0,7,2,3,24,12,1,1.008484931,1,2.00E-15,0.534179688,0.834960938,1,-0.006835938,0.991215267,1.000023365
0,7,2,3,25,12,1,1.05553976,1,-2.00E-15,0.515625,0.84765625,1,-0.03125,0.992164431,1.000488162
0,7,2,3,26,12,1,1.014634847,-2.00E-15,-1,1,0.013671875,0.546875,-0.853515625,1.000093456,1.013686928
0,7,2,3,27,12,1,1.003094129,2.00E-15,-1,1,0,0.538085938,-0.84375,1,1.000725007
0,7,2,3,28,12,1,0.960616017,1,2.00E-15,0.553710938,0.869140625,1,0.04296875,1.030534438,1.000922731
0,7,2,3,29,12,1,0.984280799,1,-2.00E-15,0.530273438,0.831054688,0.999023438,0.018554688,0.985820375,0.999195729
0,7,2,3,30,12,1,1.040476248,-2.00E-15,-1,1,0.037109375,0.530273438,-0.83203125,1.000688316,0.986643765
0,7,2,3,31,12,1,0.998185495,2.22E-15,-1,1,0.006835938,0.5546875,-0.84765625,1.000023365,1.013014976
0,7,0,1,0,13,1,1.021096576,1.5,0.5,0.03515625,0.999023438,0.889648438,0.502929688,0.999641831,1.021965074
0,7,0,1,1,13,1,1.008109559,1.5,0.5,0.033203125,0.998046875,0.89453125,0.5234375,0.998599025,1.036423163
0,7,0,1,2,13,1,1.040034845,0.5,-0.5,0.869140625,0.483398438,0.870117188,-0.512695313,0.994524749,1.00993089
0,7,0,1,3,13,1,1.024565449,0.5,-0.5,0.889648438,0.506835938,0.877929688,-0.487304688,1.023893066,1.004104773
0,7,0,1,4,13,1,0.991327146,1.5,0.5,0.081054688,0.994140625,0.890625,0.484375,0.997439444,1.013820512
0,7,0,1,5,13,1,1.067100994,1.5,0.5,0.0390625,0.997070313,0.876953125,0.439453125,0.9978352,0.980900521
0,7,0,1,6,13,1,0.993121772,0.5,-0.5,0.876953125,0.50390625,0.8828125,-0.450195313,1.01141895,0.99097615
0,7,0,1,7,13,1,0.991810178,0.5,-0.5,0.879882813,0.46484375,0.879882813,-0.487304688,0.995124854,1.005812916
0,7,0,1,8,13,1,1.072751863,1.5,0.5,0.01171875,0.997070313,0.88671875,0.46875,0.997139176,1.00299387
0,7,0,1,9,13,1,1.004502527,1.5,0.5,0.077148438,0.998046875,0.876953125,0.466796875,1.001024199,0.993451612
0,7,0,1,10,13,1,1.023209304,0.5,-0.5,0.869140625,0.491210938,0.87890625,-0.490234375,0.998345437,1.006382601
0,7,0,1,11,13,1,1.003881195,0.5,-0.5,0.875,0.508789063,0.887695313,-0.458984375,1.012171581,0.999334591
0,7,0,1,12,13,1,0.984716902,1.5,0.5,0.0859375,0.999023438,0.889648438,0.486328125,1.002712861,1.013898115
0,7,0,1,13,13,1,1.042022955,1.5,0.5,0.049804688,0.997070313,0.891601563,0.462890625,0.998313435,1.004599959
0,7,0,1,14,13,1,1.000646268,0.5,-0.5,0.892578125,0.501953125,0.889648438,-0.47265625,1.024037426,1.00741167
0,7,0,1,15,13,1,0.987139953,0.5,-0.5,0.887695313,0.46484375,0.883789063,-0.48828125,1.002039261,1.009703762
0,7,0,1,16,13,1,1.036257756,0.5,-0.5,0.880859375,0.517578125,0.877929688,-0.485351563,1.02166548,1.00315835
0,7,0,1,17,13,1,1.030142814,0.5,-0.5,0.85546875,0.53515625,0.883789063,-0.450195313,1.009068379,0.991846221
0,7,0,1,18,13,1,0.999085526,-0.5,-1.5,0.885742188,-0.499023438,0.05859375,-0.998046875,1.016643307,0.999765369
0,7,0,1,19,13,1,1.027698119,-0.5,-1.5,0.875,-0.489257813,0.033203125,-0.998046875,1.002495989,0.998599025
0,7,0,1,20,13,1,0.989360895,0.5,-0.5,0.891601563,0.475585938,0.870117188,-0.474609375,1.01051241,0.991139737
0,7,0,1,21,13,1,1.037410812,0.5,-0.5,0.8671875,0.501953125,0.884765625,-0.498046875,1.001983583,1.015313203
0,7,0,1,22,13,1,0.979392727,-0.5,-1.5,0.874023438,-0.529296875,0.046875,-0.999023438,1.021798489,1.00012254
0,7,0,1,23,13,1,1.002023564,-0.5,-1.5,0.884765625,-0.487304688,0.065429688,-1,1.010087159,1.002138236
0,7,0,1,24,13,1,0.956608338,0.5,-0.5,0.874023438,0.428710938,0.881835938,-0.482421875,0.973504,1.005169382
0,7,0,1,25,13,1,1.020064584,0.5,-0.5,0.860351563,0.494140625,0.875,-0.4765625,0.992159145,0.99636179
0,7,0,1,26,13,1,1.044014308,-0.5,-1.5,0.899414063,-0.466796875,0.047851563,-0.995117188,1.013333597,0.996267027
0,7,0,1,27,13,1,1.036151099,-0.5,-1.5,0.881835938,-0.467773438,0.046875,-0.998046875,0.998221724,0.999147051
0,7,0,1,28,13,1,1.039292222,0.5,-0.5,0.875976563,0.487304688,0.870117188,-0.51171875,1.002397524,1.009435485
0,7,0,1,29,13,1,1.004758718,0.5,-0.5,0.880859375,0.497070313,0.873046875,-0.466796875,1.011430736,0.990005136
0,7,0,1,30,13,1,1.000361087,-0.5,-1.5,0.870117188,-0.4765625,0.069335938,-0.998046875,0.992076477,1.000452416
0,7,0,1,31,13,1,1.023944942,-0.5,-1.5,0.875,-0.446289063,0.075195313,-0.998046875,0.982241787,1.000875567
0,7,2,3,0,13,1,1.063228199,1,2.00E-15,0.5078125,0.845703125,1,-0.033203125,0.98645188,1.000551072
0,7,2,3,1,13,1,0.987672175,1,-2.00E-15,0.538085938,0.810546875,1,-0.002929688,0.972893988,1.000004292
0,7,2,3,2,13,1,0.991541257,-2.00E-15,-1,1,-0.017578125,0.537109375,-0.853515625,1.000154483,1.008451983
0,7,2,3,3,13,1,1.006110016,2.00E-15,-1,1,0.004882813,0.5546875,-0.866210938,1.000011921,1.028591081
0,7,2,3,4,13,1,1.028019981,1,2.00E-15,0.518554688,0.819335938,1,-0.021484375,0.969644441,1.000230763
0,7,2,3,5,13,1,1.011936401,1,-2.00E-15,0.524414063,0.849609375,1,0.005859375,0.998421854,1.000017166
0,7,2,3,6,13,1,1.036550526,-2.00E-15,-1,0.999023438,0.04296875,0.548828125,-0.842773438,0.99994707,1.005723311
0,7,2,3,7,13,1,0.964883891,2.00E-15,-1,1,-0.002929688,0.57421875,-0.833984375,1.000004292,1.012549806
0,7,2,3,8,13,1,1.00254987,1,2.00E-15,0.51953125,0.836914063,1,0.012695313,0.985057292,1.000080582
0,7,2,3,9,13,1,0.98340668,1,-2.00E-15,0.541015625,0.830078125,0.999023438,0.009765625,0.990821679,0.999071167
0,7,2,3,10,13,1,1.005217406,-2.00E-15,-1,1,-0.017578125,0.529296875,-0.8671875,1.000154483,1.015957352
0,7,2,3,11,13,1,0.966407235,2.00E-15,-1,0.999023438,-0.038085938,0.541992188,-0.852539063,0.999749152,1.010236796
0,7,2,3,12,13,1,0.960550106,1,2.00E-15,0.543945313,0.823242188,1,0.026367188,0.98671384,1.000347554
0,7,2,3,13,13,1,1.003343102,1,-2.00E-15,0.528320313,0.837890625,1,0.004882813,0.990546845,1.000011921
0,7,2,3,14,13,1,1.016350413,-2.22E-15,-1,1,0.016601563,0.543945313,-0.846679688,1.000137796,1.006351328
0,7,2,3,15,13,1,1.007469697,2.00E-15,-1,1,-0.009765625,0.529296875,-0.856445313,1.000047683,1.006803732
0,7,2,3,16,13,1,0.966169829,1,2.00E-15,0.536132813,0.814453125,1,0.022460938,0.975075528,1.000252215
0,7,2,3,17,13,1,1.06031739,1,-2.00E-15,0.506835938,0.853515625,1,-0.025390625,0.992658849,1.00032229
0,7,2,3,18,13,1,0.996491497,-2.00E-15,-1,1,0,0.547851563,-0.846679688,1,1.00846806
0,7,2,3,19,13,1,1.038142571,2.00E-15,-1,1,0.016601563,0.514648438,-0.840820313,1.000137796,0.985820375
0,7,2,3,20,13,1,1.044613912,1,2.00E-15,0.525390625,0.842773438,0.999023438,-0.03125,0.993127573,0.999512077
0,7,2,3,21,13,1,0.981593424,1,-2.00E-15,0.552734375,0.857421875,1,0.016601563,1.020140952,1.000137796
0,7,2,3,22,13,1,0.966438875,-2.00E-15,-1,1,-0.033203125,0.556640625,-0.866210938,1.000551072,1.029645654
0,7,2,3,23,13,1,0.998658818,2.00E-15,-1,1,-0.000976563,0.5390625,-0.838867188,1.000000477,0.997139176
0,7,2,3,24,13,1,0.993706693,1,2.00E-15,0.545898438,0.834960938,1,-0.001953125,0.997579506,1.000001907
0,7,2,3,25,13,1,1.017774569,1,-2.00E-15,0.538085938,0.833007813,1,-0.020507813,0.991684674,1.000210263
0,7,2,3,26,13,1,0.998424015,-2.00E-15,-1,1,-0.030273438,0.51171875,-0.849609375,1.000458136,0.991812568
0,7,2,3,27,13,1,0.983323429,2.00E-15,-1,1,-0.03125,0.53125,-0.854492188,1.000488162,1.00617268
0,7,2,3,28,13,1,0.990369375,1,2.00E-15,0.516601563,0.834960938,1,0.026367188,0.981853829,1.000347554
0,7,2,3,29,13,1,0.915079524,1,-2.00E-15,0.573242188,0.815429688,0.999023438,0.04296875,0.996760844,0.99994707
0,7,2,3,30,13,1,1.026089514,-2.00E-15,-1,1,0.021484375,0.51953125,-0.817382813,1.000230763,0.968518137
0,7,2,3,31,13,1,1.045029224,2.22E-15,-1,1,0.01953125,0.516601563,-0.8515625,1.000190717,0.996009973
0,7,0,1,0,14,1,1.07180136,1.5,0.5,0.05078125,0.99609375,0.883789063,0.424804688,0.997387334,0.980582546
0,7,0,1,1,14,1,1.004695971,1.5,0.5,0.060546875,0.994140625,0.86328125,0.477539063,0.995982684,0.986558702
0,7,0,1,2,14,1,1.008059239,0.5,-0.5,0.866210938,0.48046875,0.897460938,-0.4921875,0.990541068,1.023564687
0,7,0,1,3,14,1,0.998054742,0.5,-0.5,0.8671875,0.486328125,0.89453125,-0.473632813,0.99424806,1.012182888
0,7,0,1,4,14,1,0.988092646,1.5,0.5,0.08203125,0.99609375,0.862304688,0.471679688,0.9994658,0.982878986
0,7,0,1,5,14,1,0.981373106,1.5,0.5,0.0859375,0.99609375,0.8671875,0.477539063,0.999793985,0.989978644
0,7,0,1,6,14,1,0.978459121,0.5,-0.5,0.861328125,0.474609375,0.868164063,-0.446289063,0.983432864,0.976157142
0,7,0,1,7,14,1,0.990184678,0.5,-0.5,0.874023438,0.479492188,0.887695313,-0.471679688,0.99691009,1.005228678
0,7,0,1,8,14,1,1.006997297,1.5,0.5,0.048828125,0.999023438,0.881835938,0.499023438,1.000215984,1.013241833
0,7,0,1,9,14,1,0.961085705,1.5,0.5,0.100585938,0.997070313,0.879882813,0.491210938,1.002131099,1.007711243
0,7,0,1,10,14,1,0.975120572,0.5,-0.5,0.897460938,0.458984375,0.879882813,-0.483398438,1.008019241,1.003926199
0,7,0,1,11,14,1,1.023773298,0.5,-0.5,0.856445313,0.489257813,0.883789063,-0.48828125,0.986342628,1.009703762
0,7,0,1,12,14,1,0.999710523,1.5,0.5,0.0546875,0.998046875,0.865234375,0.491210938,0.99954404,0.994946586
0,7,0,1,13,14,1,0.952097186,1.5,0.5,0.081054688,0.993164063,0.8671875,0.516601563,0.996466115,1.009401473
0,7,0,1,14,14,1,0.954846907,0.5,-0.5,0.8984375,0.469726563,0.904296875,-0.462890625,1.013820983,1.015884132
0,7,0,1,15,14,1,1.036563498,0.5,-0.5,0.856445313,0.494140625,0.859375,-0.484375,0.988773751,0.986480882
0,7,0,1,16,14,1,0.977317597,0.5,-0.5,0.872070313,0.484375,0.875976563,-0.4453125,0.997559908,0.982668897
0,7,0,1,17,14,1,1.01128395,0.5,-0.5,0.879882813,0.487304688,0.885742188,-0.490234375,1.005812916,1.012358121
0,7,0,1,18,14,1,0.944965485,-0.5,-1.5,0.875976563,-0.482421875,0.123046875,-1,1.000032901,1.007541827
0,7,0,1,19,14,1,0.963313261,-0.5,-1.5,0.85546875,-0.487304688,0.08984375,-0.999023438,0.984526607,1.003055197
0,7,0,1,20,14,1,1.017691343,0.5,-0.5,0.870117188,0.51171875,0.861328125,-0.455078125,1.009435485,0.974157194
0,7,0,1,21,14,1,1.000112225,0.5,-0.5,0.885742188,0.462890625,0.877929688,-0.500976563,0.999403299,1.010810592
0,7,0,1,22,14,1,0.970075339,-0.5,-1.5,0.875,-0.482421875,0.096679688,-0.995117188,0.999177595,0.99980257
0,7,0,1,23,14,1,0.978529251,-0.5,-1.5,0.885742188,-0.483398438,0.092773438,-0.998046875,1.009065544,1.002349478
0,7,0,1,24,14,1,0.997586296,0.5,-0.5,0.874023438,0.478515625,0.872070313,-0.47265625,0.996440752,0.991922659
0,7,0,1,25,14,1,1.023258406,0.5,-0.5,0.88671875,0.494140625,0.883789063,-0.5,1.015108417,1.015422625
0,7,0,1,26,14,1,1.001064586,-0.5,-1.5,0.885742188,-0.440429688,0.108398438,-0.997070313,0.989200451,1.002945377
0,7,0,1,27,14,1,0.968060381,-0.5,-1.5,0.864257813,-0.473632813,0.1015625,-0.998046875,0.985530115,1.003201129
0,7,0,1,28,14,1,0.978582822,0.5,-0.5,0.90625,0.481445313,0.869140625,-0.463867188,1.026196205,0.98517927
0,7,0,1,29,14,1,1.001301676,0.5,-0.5,0.895507813,0.498046875,0.869140625,-0.467773438,1.024687724,0.987024526
0,7,0,1,30,14,1,0.973781042,-0.5,-1.5,0.872070313,-0.473632813,0.099609375,-0.998046875,0.992388367,1.00300528
0,7,0,1,31,14,1,0.991382863,-0.5,-1.5,0.866210938,-0.483398438,0.0703125,-0.997070313,0.991965442,0.999546425
0,7,2,3,0,14,1,1.017973853,1,2.00E-15,0.540039063,0.841796875,1,-0.017578125,1.000132075,1.000154483
0,7,2,3,1,14,1,1.05363692,1,-2.00E-15,0.504882813,0.848632813,1,-0.01953125,0.987463571,1.000190717
0,7,2,3,2,14,1,0.959687943,-2.00E-15,-1,1,-0.029296875,0.553710938,-0.841796875,1.000429061,1.007580161
0,7,2,3,3,14,1,0.99234568,2.00E-15,-1,1,0.01171875,0.556640625,-0.831054688,1.000068662,1.000250308
0,7,2,3,4,14,1,0.981381873,1,2.00E-15,0.5546875,0.833007813,1,0.001953125,1.000789807,1.000001907
0,7,2,3,5,14,1,0.991496493,1,-2.00E-15,0.544921875,0.84375,1,0.005859375,1.0044172,1.000017166
0,7,2,3,6,14,1,0.946072392,-2.00E-15,-1,1,-0.029296875,0.572265625,-0.844726563,1.000429061,1.020319024
0,7,2,3,7,14,1,0.998965859,2.00E-15,-1,1,0.000976563,0.541015625,-0.838867188,1.000000477,0.998196406
0,7,2,3,8,14,1,0.988709902,1,2.00E-15,0.555664063,0.866210938,1,0.01171875,1.029118039,1.000068662
0,7,2,3,9,14,1,0.967014382,1,-2.00E-15,0.541015625,0.833984375,1,0.028320313,0.994096496,1.00040094
0,7,2,3,10,14,1,0.966718954,-2.00E-15,-1,0.99609375,-0.005859375,0.553710938,-0.8125,0.996110983,0.983235502
0,7,2,3,11,14,1,1.007244925,2.00E-15,-1,1,0.01171875,0.543945313,-0.838867188,1.000068662,0.999787308
0,7,2,3,12,14,1,1.036215818,1,2.00E-15,0.563476563,0.8359375,1,-0.05859375,1.008115738,1.001715143
0,7,2,3,13,14,1,0.929632452,1,-2.00E-15,0.5546875,0.817382813,0.999023438,0.044921875,0.987822294,1.000032901
0,7,2,3,14,14,1,1.006543057,-2.22E-15,-1,0.999023438,0.013671875,0.543945313,-0.833984375,0.999116985,0.995693949
0,7,2,3,15,14,1,1.008866549,2.00E-15,-1,1,-0.000976563,0.538085938,-0.856445313,1.000000477,1.011451951
0,7,2,3,16,14,1,1.02155678,1,2.00E-15,0.518554688,0.83984375,1,-0.00390625,0.987034188,1.000007629
0,7,2,3,17,14,1,1.031055526,1,-2.00E-15,0.533203125,0.830078125,1,-0.03125,0.986577552,1.000488162
0,7,2,3,18,14,1,1.015028893,-2.00E-15,-1,1,0.01171875,0.532226563,-0.834960938,1.000068662,0.990164068
0,7,2,3,19,14,1,0.994492899,2.00E-15,-1,1,-0.018554688,0.516601563,-0.828125,1.000172123,0.976047227
0,7,2,3,20,14,1,1.022299441,1,2.00E-15,0.520507813,0.859375,0.999023438,0.00390625,1.004715768,0.999031074
0,7,2,3,21,14,1,1.04139343,1,-2.00E-15,0.556640625,0.856445313,0.998046875,-0.046875,1.021443762,0.999147051
0,7,2,3,22,14,1,1.010943647,-2.00E-15,-1,1,0.01171875,0.543945313,-0.845703125,1.000068662,1.00552985
0,7,2,3,23,14,1,0.943445492,2.00E-15,-1,0.999023438,-0.041992188,0.5625,-0.848632813,0.999905582,1.018127644
0,7,2,3,24,14,1,0.985222472,1,2.00E-15,0.540039063,0.840820313,1,0.014648438,0.999310256,1.000107283
0,7,2,3,25,14,1,1.021205851,1,-2.00E-15,0.551757813,0.866210938,1,-0.017578125,1.027014154,1.000154483
0,7,2,3,26,14,1,0.950410016,-2.00E-15,-1,0.999023438,-0.063476563,0.525390625,-0.84375,1.001038013,0.993956423
0,7,2,3,27,14,1,1.020478747,2.00E-15,-1,0.999023438,-0.001953125,0.516601563,-0.845703125,0.999025347,0.99100502
0,7,2,3,28,14,1,1.014572648,1,2.00E-15,0.524414063,0.858398438,1,0.0078125,1.00591152,1.000030517
0,7,2,3,29,14,1,1.005569755,1,-2.00E-15,0.536132813,0.854492188,1,0.004882813,1.008759283,1.000011921
0,7,2,3,30,14,1,1.022428415,-2.00E-15,-1,0.999023438,0.028320313,0.536132813,-0.82421875,0.999424769,0.983247141
0,7,2,3,31,14,1,0.984075302,2.22E-15,-1,1,0.02734375,0.581054688,-0.82421875,1.00037377,1.008444891
0,7,0,1,0,15,1,0.98272049,1.5,0.5,0.075195313,0.998046875,0.858398438,0.483398438,1.000875567,0.985150713
0,7,0,1,1,15,1,1.021342289,1.5,0.5,0.048828125,0.997070313,0.873046875,0.477539063,0.998265192,0.995115271
0,7,0,1,2,15,1,1.038827128,0.5,-0.5,0.873046875,0.513671875,0.889648438,-0.494140625,1.012950957,1.017668561
0,7,0,1,3,15,1,0.98735291,0.5,-0.5,0.869140625,0.467773438,0.885742188,-0.4765625,0.987024526,1.005808649
0,7,0,1,4,15,1,1.06779924,1.5,0.5,0.024414063,0.998046875,0.911132813,0.47265625,0.998345437,1.026434086
0,7,0,1,5,15,1,0.968934182,1.5,0.5,0.095703125,0.995117188,0.893554688,0.495117188,0.99970861,1.021558128
0,7,0,1,6,15,1,1.02942937,0.5,-0.5,0.870117188,0.499023438,0.872070313,-0.486328125,1.003059475,0.998509727
0,7,0,1,7,15,1,0.978559461,0.5,-0.5,0.864257813,0.466796875,0.883789063,-0.463867188,0.982263147,0.998126182
0,7,0,1,8,15,1,1.066001357,1.5,0.5,0.032226563,0.998046875,0.876953125,0.448242188,0.998567031,0.984869454
0,7,0,1,9,15,1,1.039770668,1.5,0.5,0.045898438,0.998046875,0.883789063,0.465820313,0.999101712,0.99903537
0,7,0,1,10,15,1,1.021784249,0.5,-0.5,0.869140625,0.508789063,0.890625,-0.477539063,1.007110588,1.010572336
0,7,0,1,11,15,1,0.995373825,0.5,-0.5,0.876953125,0.483398438,0.868164063,-0.46484375,1.001359492,0.984778428
0,7,0,1,12,15,1,0.982050153,1.5,0.5,0.071289063,0.995117188,0.87890625,0.5,0.997667453,1.011175651
0,7,0,1,13,15,1,1.014187905,1.5,0.5,0.094726563,0.997070313,0.888671875,0.442382813,1.001559948,0.992693434
0,7,0,1,14,15,1,0.991547359,0.5,-0.5,0.884765625,0.481445313,0.872070313,-0.46875,1.007273449,0.990067267
0,7,0,1,15,15,1,1.011854719,0.5,-0.5,0.888671875,0.485351563,0.8828125,-0.49609375,1.012572882,1.012653405
0,7,0,1,16,15,1,1.022567296,0.5,-0.5,0.880859375,0.467773438,0.861328125,-0.509765625,0.997359127,1.000873184
0,7,0,1,17,15,1,1.040738774,0.5,-0.5,0.893554688,0.522460938,0.873046875,-0.490234375,1.035087151,1.001269488
0,7,0,1,18,15,1,1.021425336,-0.5,-1.5,0.88671875,-0.501953125,0.034179688,-0.997070313,1.018934287,0.997655982
0,7,0,1,19,15,1,1.00542529,-0.5,-1.5,0.893554688,-0.490234375,0.063476563,-0.997070313,1.019200531,0.999088826
0,7,0,1,20,15,1,1.009277261,0.5,-0.5,0.883789063,0.479492188,0.87890625,-0.494140625,1.005482901,1.008291205
0,7,0,1,21,15,1,0.964021698,0.5,-0.5,0.872070313,0.443359375,0.883789063,-0.475585938,0.978301674,1.003625972
0,7,0,1,22,15,1,1.004168411,-0.5,-1.5,0.880859375,-0.474609375,0.072265625,-0.99609375,1.000583478,0.99871171
0,7,0,1,23,15,1,1.040332519,-0.5,-1.5,0.8671875,-0.461914063,0.041015625,-0.999023438,0.982536901,0.999865046
0,7,0,1,24,15,1,0.999897817,0.5,-0.5,0.854492188,0.484375,0.883789063,-0.46484375,0.982230136,0.998580402
0,7,0,1,25,15,1,0.991372379,0.5,-0.5,0.881835938,0.489257813,0.893554688,-0.470703125,1.00846806,1.009951193
0,7,0,1,26,15,1,1.06588425,-0.5,-1.5,0.893554688,-0.466796875,0.0234375,-0.997070313,1.008136549,0.99734574
0,7,0,1,27,15,1,0.993019657,-0.5,-1.5,0.8671875,-0.484375,0.068359375,-0.998046875,0.993294166,1.00038521
0,7,0,1,28,15,1,0.999920432,0.5,-0.5,0.874023438,0.471679688,0.849609375,-0.469726563,0.993176065,0.970813645
0,7,0,1,29,15,1,0.96827495,0.5,-0.5,0.881835938,0.475585938,0.891601563,-0.45703125,1.001906485,1.001913624
0,7,0,1,30,15,1,0.988875498,-0.5,-1.5,0.862304688,-0.487304688,0.067382813,-0.99609375,0.990472227,0.998370273
0,7,0,1,31,15,1,0.99858183,-0.5,-1.5,0.87109375,-0.483398438,0.065429688,-0.99609375,0.996232087,0.998240353
0,7,2,3,0,15,1,1.009340257,1,2.00E-15,0.560546875,0.844726563,1,-0.024414063,1.013792762,1.000297979
0,7,2,3,1,15,1,1.011543195,1,-2.00E-15,0.545898438,0.830078125,0.999023438,-0.022460938,0.993496249,0.999275899
0,7,2,3,2,15,1,1.030344139,-2.00E-15,-1,0.999023438,0.032226563,0.537109375,-0.833007813,0.999543086,0.991155132
0,7,2,3,3,15,1,0.986813045,2.00E-15,-1,0.999023438,-0.005859375,0.5390625,-0.826171875,0.99904062,0.986482816
0,7,2,3,4,15,1,1.005619502,1,2.00E-15,0.537109375,0.827148438,1,-0.010742188,0.986235782,1.000057696
0,7,2,3,5,15,1,0.994768752,1,-2.00E-15,0.564453125,0.841796875,1,-0.014648438,1.013523216,1.000107283
0,7,2,3,6,15,1,1.005059642,-2.00E-15,-1,0.999023438,0.016601563,0.553710938,-0.840820313,0.999161369,1.006764421
0,7,2,3,7,15,1,0.980848264,2.00E-15,-1,1,-0.018554688,0.546875,-0.850585938,1.000172123,1.011221392
0,7,2,3,8,15,1,1.006690468,1,2.00E-15,0.546875,0.849609375,1,-0.0078125,1.010400097,1.000030517
0,7,2,3,9,15,1,1.004489921,1,-2.00E-15,0.552734375,0.833007813,1,-0.01953125,0.99970861,1.000190717
0,7,2,3,10,15,1,1.027784545,-2.00E-15,-1,1,0.014648438,0.524414063,-0.840820313,1.000107283,0.990953534
0,7,2,3,11,15,1,0.984528791,2.00E-15,-1,1,0.0078125,0.548828125,-0.8125,1.000030517,0.980494039
0,7,2,3,12,15,1,1.012553018,1,2.00E-15,0.538085938,0.8359375,0.999023438,-0.013671875,0.99414686,0.999116985
0,7,2,3,13,15,1,1.028340491,1,-2.00E-15,0.52734375,0.844726563,1,-0.015625,0.995818455,1.000122063
0,7,2,3,14,15,1,1.024650212,-2.22E-15,-1,1,0.002929688,0.504882813,-0.825195313,1.000004292,0.967395451
0,7,2,3,15,15,1,0.986073757,2.00E-15,-1,0.999023438,-0.029296875,0.512695313,-0.826171875,0.999452918,0.97232528
0,7,2,3,16,15,1,0.96160067,1,2.00E-15,0.571289063,0.829101563,1,0.005859375,1.006866721,1.000017166
0,7,2,3,17,15,1,1.012207102,1,-2.00E-15,0.529296875,0.850585938,1,0.001953125,1.001824146,1.000001907
0,7,2,3,18,15,1,0.973333583,-2.00E-15,-1,1,-0.012695313,0.5546875,-0.837890625,1.000080582,1.004857663
0,7,2,3,19,15,1,0.936843313,2.00E-15,-1,1,-0.026367188,0.568359375,-0.817382813,1.000347554,0.99556368
0,7,2,3,20,15,1,0.957725637,1,2.00E-15,0.552734375,0.826171875,1,0.0234375,0.994019746,1.00027462
0,7,2,3,21,15,1,1.002077806,1,-2.00E-15,0.528320313,0.86328125,1,0.01953125,1.012115047,1.000190717
0,7,2,3,22,15,1,1.006845089,-2.00E-15,-1,1,0.002929688,0.530273438,-0.833007813,1.000004292,0.987467435
0,7,2,3,23,15,1,0.979919116,2.00E-15,-1,1,-0.000976563,0.555664063,-0.830078125,1.000000477,0.998895512
0,7,2,3,24,15,1,1.013704556,1,2.00E-15,0.541992188,0.849609375,0.999023438,-0.010742188,1.007765658,0.99908119
0,7,2,3,25,15,1,1.024549173,1,-2.00E-15,0.5,0.840820313,1,0.009765625,0.978252931,1.000047683
0,7,2,3,26,15,1,1.013906386,-2.00E-15,-1,0.999023438,-0.009765625,0.520507813,-0.854492188,0.999071167,1.000542494
0,7,2,3,27,15,1,0.943478073,2.00E-15,-1,1,-0.020507813,0.583007813,-0.83984375,1.000210263,1.022367661
0,7,2,3,28,15,1,0.95853137,1,2.00E-15,0.575195313,0.831054688,0.999023438,0.006835938,1.010693594,0.999046825
0,7,2,3,29,15,1,0.98624792,1,-2.00E-15,0.530273438,0.84375,0.999023438,0.0234375,0.996546026,0.999298326
0,7,2,3,30,15,1,1.020702841,-2.00E-15,-1,1,0.0234375,0.538085938,-0.833007813,1.00027462,0.991684674
0,7,2,3,31,15,1,0.993433253,2.22E-15,-1,0.999023438,0.008789063,0.569335938,-0.857421875,0.999062098,1.029230626
0,7,0,1,0,16,1,0.920891929,1.5,0.5,0.130859375,0.994140625,0.876953125,0.500976563,1.00271619,1.009962524
0,7,0,1,1,16,1,0.99489559,1.5,0.5,0.080078125,1,0.87890625,0.475585938,1.003201129,0.999328865
0,7,0,1,2,16,1,1.00199151,0.5,-0.5,0.879882813,0.481445313,0.864257813,-0.473632813,1.002987215,0.985530115
0,7,0,1,3,16,1,1.014663066,0.5,-0.5,0.873046875,0.466796875,0.8828125,-0.509765625,0.990005136,1.019420866
0,7,0,1,4,16,1,1.0453179,1.5,0.5,0.034179688,0.998046875,0.865234375,0.462890625,0.998631972,0.981273792
0,7,0,1,5,16,1,1.025770589,1.5,0.5,0.05078125,0.997070313,0.8828125,0.475585938,0.998362631,1.002766121
0,7,0,1,6,16,1,1.013867745,0.5,-0.5,0.896484375,0.481445313,0.891601563,-0.51171875,1.017582342,1.028012366
0,7,0,1,7,16,1,1.016417516,0.5,-0.5,0.881835938,0.477539063,0.879882813,-0.50390625,1.00283507,1.013960193
0,7,0,1,8,16,1,1.009411306,1.5,0.5,0.079101563,0.99609375,0.87890625,0.459960938,0.999229611,0.991988034
0,7,0,1,9,16,1,1.026517272,1.5,0.5,0.04296875,0.998046875,0.896484375,0.491210938,0.99897141,1.022238925
0,7,0,1,10,16,1,1.042854101,0.5,-0.5,0.857421875,0.497070313,0.881835938,-0.501953125,0.991085853,1.014687913
0,7,0,1,11,16,1,0.94674312,0.5,-0.5,0.887695313,0.423828125,0.875,-0.479492188,0.98368351,0.997766384
0,7,0,1,12,16,1,0.966551427,1.5,0.5,0.083007813,0.997070313,0.875976563,0.502929688,1.000519618,1.010085743
0,7,0,1,13,16,1,1.011926842,1.5,0.5,0.056640625,0.997070313,0.885742188,0.486328125,0.99867781,1.010472299
0,7,0,1,14,16,1,1.027571001,0.5,-0.5,0.877929688,0.48828125,0.861328125,-0.493164063,1.004579074,0.992520494
0,7,0,1,15,16,1,1.040796246,0.5,-0.5,0.874023438,0.5,0.8828125,-0.506835938,1.006934441,1.017959026
0,7,0,1,16,16,1,0.996056918,0.5,-0.5,0.872070313,0.481445313,0.880859375,-0.471679688,0.996140662,0.999197161
0,7,0,1,17,16,1,0.985677997,0.5,-0.5,0.885742188,0.471679688,0.869140625,-0.470703125,1.003504335,0.988416338
0,7,0,1,18,16,1,0.961396758,-0.5,-1.5,0.8671875,-0.48046875,0.103515625,-0.997070313,0.991395168,1.002429395
0,7,0,1,19,16,1,1.012245482,-0.5,-1.5,0.897460938,-0.4765625,0.0703125,-0.997070313,1.016143666,0.999546425
0,7,0,1,20,16,1,1.037367675,0.5,-0.5,0.869140625,0.44921875,0.862304688,-0.541015625,0.978367473,1.017972141
0,7,0,1,21,16,1,1.002202714,0.5,-0.5,0.884765625,0.474609375,0.875,-0.489257813,1.004024039,1.002495989
0,7,0,1,22,16,1,0.980380705,-0.5,-1.5,0.869140625,-0.493164063,0.07421875,-0.997070313,0.99930787,0.999828801
0,7,0,1,23,16,1,1.003222146,-0.5,-1.5,0.881835938,-0.478515625,0.0703125,-0.997070313,1.003300465,0.999546425
0,7,0,1,24,16,1,1.038620088,0.5,-0.5,0.873046875,0.495117188,0.877929688,-0.505859375,1.003669206,1.01323948
0,7,0,1,25,16,1,0.95825877,0.5,-0.5,0.887695313,0.45703125,0.888671875,-0.465820313,0.998439047,1.003357496
0,7,0,1,26,16,1,1.024250176,-0.5,-1.5,0.880859375,-0.461914063,0.063476563,-0.997070313,0.994624472,0.999088826
0,7,0,1,27,16,1,0.98354158,-0.5,-1.5,0.8828125,-0.47265625,0.095703125,-0.997070313,1.001379968,1.001652782
0,7,0,1,28,16,1,0.962801847,0.5,-0.5,0.883789063,0.446289063,0.889648438,-0.48046875,0.990079307,1.011100669
0,7,0,1,29,16,1,1.007494698,0.5,-0.5,0.880859375,0.4921875,0.883789063,-0.48046875,1.009040026,1.005948968
0,7,0,1,30,16,1,1.009924305,-0.5,-1.5,0.869140625,-0.47265625,0.0625,-0.994140625,0.989347945,0.996103324
0,7,0,1,31,16,1,1.013523281,-0.5,-1.5,0.891601563,-0.484375,0.059570313,-0.998046875,1.014678514,0.999823078
0,7,2,3,0,16,1,0.996497405,1,2.00E-15,0.541992188,0.846679688,0.999023438,0.004882813,1.005296983,0.99903537
0,7,2,3,1,16,1,1.000012994,1,-2.00E-15,0.543945313,0.854492188,1,0.00390625,1.012933069,1.000007629
0,7,2,3,2,16,1,0.989162395,-2.00E-15,-1,1,-0.002929688,0.557617188,-0.853515625,1.000004292,1.019522364
0,7,2,3,3,16,1,1.004380237,2.00E-15,-1,1,-0.018554688,0.52734375,-0.864257813,1.000172123,1.012439133
0,7,2,3,4,16,1,1.032228392,1,2.00E-15,0.540039063,0.859375,0.999023438,-0.022460938,1.014971714,0.999275899
0,7,2,3,5,16,1,1.023277194,1,-2.00E-15,0.53515625,0.84765625,1,-0.015625,1.002453655,1.000122063
0,7,2,3,6,16,1,1.005385259,-2.00E-15,-1,0.999023438,-0.014648438,0.517578125,-0.842773438,0.999130825,0.989016776
0,7,2,3,7,16,1,1.006194937,2.00E-15,-1,0.999023438,-0.000976563,0.528320313,-0.8359375,0.999023915,0.988895271
0,7,2,3,8,16,1,1.030339464,1,2.00E-15,0.532226563,0.854492188,1,-0.016601563,1.006688637,1.000137796
0,7,2,3,9,16,1,1.032762249,1,-2.00E-15,0.533203125,0.872070313,1,-0.010742188,1.022160556,1.000057696
0,7,2,3,10,16,1,0.992557039,-2.00E-15,-1,1,-0.004882813,0.551757813,-0.854492188,1.000011921,1.017149734
0,7,2,3,11,16,1,1.001414715,2.00E-15,-1,1,-0.020507813,0.516601563,-0.844726563,1.000210263,0.990171773
0,7,2,3,12,16,1,0.974891567,1,2.00E-15,0.537109375,0.828125,0.999023438,0.020507813,0.987054961,0.999233906
0,7,2,3,13,16,1,0.994362265,1,-2.00E-15,0.54296875,0.828125,0.999023438,-0.00390625,0.990255563,0.999031074
0,7,2,3,14,16,1,0.972372921,-2.22E-15,-1,0.999023438,-0.008789063,0.556640625,-0.83203125,0.999062098,1.001061829
0,7,2,3,15,16,1,1.014111235,2.00E-15,-1,1,0.012695313,0.533203125,-0.833007813,1.000080582,0.989043775
0,7,2,3,16,16,1,0.981829062,1,2.00E-15,0.5390625,0.82421875,1,0.009765625,0.984847667,1.000047683
0,7,2,3,17,16,1,0.984704283,1,-2.00E-15,0.557617188,0.831054688,0.999023438,-0.004882813,1.000794095,0.99903537
0,7,2,3,18,16,1,1.023592118,-2.00E-15,-1,1,0.021484375,0.536132813,-0.838867188,1.000230763,0.995558412
0,7,2,3,19,16,1,0.996544256,2.00E-15,-1,1,-0.01171875,0.533203125,-0.845703125,1.000068662,0.999759645
0,7,2,3,20,16,1,1.017863514,1,2.00E-15,0.5546875,0.8515625,1,-0.024414063,1.016285843,1.000297979
0,7,2,3,21,16,1,1.007747293,1,-2.00E-15,0.5703125,0.845703125,1,-0.030273438,1.020034374,1.000458136
0,7,2,3,22,16,1,0.999907293,-2.00E-15,-1,1,-0.000976563,0.533203125,-0.83203125,1.000000477,0.988221419
0,7,2,3,23,16,1,1.049340641,2.00E-15,-1,1,-0.000976563,0.497070313,-0.8671875,1.000000477,0.999546425
0,7,2,3,24,16,1,0.971953887,1,2.00E-15,0.565429688,0.8515625,1,0.012695313,1.022188546,1.000080582
0,7,2,3,25,16,1,1.067198855,1,-2.00E-15,0.506835938,0.857421875,1,-0.030273438,0.996019548,1.000458136
0,7,2,3,26,16,1,1.003473021,-2.00E-15,-1,1,0,0.541992188,-0.850585938,1,1.008589098
0,7,2,3,27,16,1,0.941326488,2.00E-15,-1,0.999023438,-0.041992188,0.5546875,-0.833007813,0.999905582,1.000789807
0,7,2,3,28,16,1,1.028632859,1,2.00E-15,0.5390625,0.84375,1,-0.026367188,1.001250439,1.000347554
0,7,2,3,29,16,1,0.996098826,1,-2.00E-15,0.571289063,0.826171875,0.999023438,-0.030273438,1.004455654,0.999482021
0,7,2,3,30,16,1,1.019703221,-2.00E-15,-1,1,0.030273438,0.559570313,-0.8515625,1.000458136,1.018959089
0,7,2,3,31,16,1,0.96719751,2.22E-15,-1,1,-0.013671875,0.547851563,-0.818359375,1.000093456,0.984811353
0,7,0,1,0,17,1,0.994780444,1.5,0.5,0.079101563,0.998046875,0.876953125,0.475585938,1.001176619,0.997611531
0,7,0,1,1,17,1,0.982271407,1.5,0.5,0.09375,0.995117188,0.89453125,0.482421875,0.999523526,1.016325254
0,7,0,1,2,17,1,1.001046565,0.5,-0.5,0.88671875,0.458007813,0.879882813,-0.508789063,0.998018686,1.016395629
0,7,0,1,3,17,1,0.994724759,0.5,-0.5,0.876953125,0.483398438,0.875,-0.467773438,1.001359492,0.992187981
0,7,0,1,4,17,1,0.996423403,1.5,0.5,0.081054688,0.998046875,0.868164063,0.466796875,1.001332825,0.985701863
0,7,0,1,5,17,1,0.998838523,1.5,0.5,0.053710938,0.998046875,0.883789063,0.50390625,0.999491085,1.017351766
0,7,0,1,6,17,1,0.997679024,0.5,-0.5,0.881835938,0.48046875,0.873046875,-0.475585938,1.004233459,0.994179476
0,7,0,1,7,17,1,1.030176155,0.5,-0.5,0.87109375,0.515625,0.88671875,-0.479492188,1.012261558,1.008058976
0,7,0,1,8,17,1,0.968580391,1.5,0.5,0.1015625,0.995117188,0.883789063,0.483398438,1.000286538,1.007351556
0,7,0,1,9,17,1,0.993779078,1.5,0.5,0.08984375,0.997070313,0.88671875,0.469726563,1.001109938,1.003450639
0,7,0,1,10,17,1,1.029978553,0.5,-0.5,0.876953125,0.494140625,0.87109375,-0.495117188,1.006589162,1.001970733
0,7,0,1,11,17,1,1.043136483,0.5,-0.5,0.86328125,0.484375,0.873046875,-0.513671875,0.989885679,1.012950957
0,7,0,1,12,17,1,1.021760286,1.5,0.5,0.033203125,0.997070313,0.868164063,0.4921875,0.997623003,0.99797664
0,7,0,1,13,17,1,0.99265454,1.5,0.5,0.05859375,0.998046875,0.889648438,0.508789063,0.999765369,1.024861284
0,7,0,1,14,17,1,0.987662514,0.5,-0.5,0.879882813,0.467773438,0.8671875,-0.47265625,0.99649674,0.987632569
0,7,0,1,15,17,1,1.028745284,0.5,-0.5,0.8828125,0.5234375,0.887695313,-0.477539063,1.026325838,1.007991331
0,7,0,1,16,17,1,1.026504569,0.5,-0.5,0.85546875,0.479492188,0.870117188,-0.493164063,0.980683201,1.000157344
0,7,0,1,17,17,1,0.966479711,0.5,-0.5,0.869140625,0.456054688,0.887695313,-0.465820313,0.981524989,1.002492659
0,7,0,1,18,17,1,0.969135867,-0.5,-1.5,0.8828125,-0.485351563,0.098632813,-0.993164063,1.00743439,0.998049742
0,7,0,1,19,17,1,0.977384418,-0.5,-1.5,0.88671875,-0.494140625,0.084960938,-0.997070313,1.015108417,1.000683551
0,7,0,1,20,17,1,0.989796043,0.5,-0.5,0.875976563,0.454101563,0.875,-0.491210938,0.986682911,1.003450639
0,7,0,1,21,17,1,1.0049267,0.5,-0.5,0.86328125,0.4765625,0.873046875,-0.477539063,0.986086372,0.995115271
0,7,0,1,22,17,1,1.025963805,-0.5,-1.5,0.889648438,-0.497070313,0.03515625,-0.995117188,1.019094322,0.995738007
0,7,0,1,23,17,1,0.995198492,-0.5,-1.5,0.87890625,-0.479492188,0.076171875,-0.998046875,1.001193765,1.000949409
0,7,0,1,24,17,1,0.977079413,0.5,-0.5,0.879882813,0.473632813,0.8671875,-0.455078125,0.999260629,0.979341748
0,7,0,1,25,17,1,0.972888532,0.5,-0.5,0.877929688,0.481445313,0.866210938,-0.44140625,1.001274251,0.972193842
0,7,0,1,26,17,1,0.959500784,-0.5,-1.5,0.877929688,-0.508789063,0.0859375,-0.99609375,1.0147053,0.999793985
0,7,0,1,27,17,1,0.984388094,-0.5,-1.5,0.87109375,-0.500976563,0.064453125,-0.998046875,1.004879016,1.000125877
0,7,0,1,28,17,1,1.014150526,0.5,-0.5,0.879882813,0.469726563,0.880859375,-0.508789063,0.997415063,1.017241146
0,7,0,1,29,17,1,1.017796156,0.5,-0.5,0.8671875,0.46484375,0.858398438,-0.498046875,0.983917614,0.99242056
0,7,0,1,30,17,1,1.008534725,-0.5,-1.5,0.869140625,-0.465820313,0.0703125,-0.999023438,0.986100395,1.001494721
0,7,0,1,31,17,1,1.017976953,-0.5,-1.5,0.866210938,-0.458007813,0.06640625,-0.998046875,0.979843122,1.000253645
0,7,2,3,0,17,1,0.995944278,1,2.00E-15,0.532226563,0.833984375,1,0.006835938,0.989340716,1.000023365
0,7,2,3,1,17,1,1.007041517,1,-2.00E-15,0.541992188,0.85546875,0.999023438,-0.000976563,1.01271038,0.999023915
0,7,2,3,2,17,1,0.952999532,-2.00E-15,-1,1,-0.024414063,0.5625,-0.833984375,1.000297979,1.00595039
0,7,2,3,3,17,1,0.999632549,2.00E-15,-1,1,0,0.547851563,-0.852539063,1,1.013392415
0,7,2,3,4,17,1,1.035917948,1,2.00E-15,0.526367188,0.861328125,1,-0.013671875,1.009429817,1.000093456
0,7,2,3,5,17,1,0.997381248,1,-2.00E-15,0.536132813,0.842773438,1,0.006835938,0.998852071,1.000023365
0,7,2,3,6,17,1,1.031554018,-2.00E-15,-1,1,0.02734375,0.536132813,-0.842773438,1.00037377,0.998852071
0,7,2,3,7,17,1,0.98850478,2.00E-15,-1,0.999023438,-0.015625,0.524414063,-0.82421875,0.99914562,0.976906678
0,7,2,3,8,17,1,1.00003616,1,2.00E-15,0.543945313,0.822265625,1,-0.013671875,0.985899214,1.000093456
0,7,2,3,9,17,1,1.004176142,1,-2.00E-15,0.526367188,0.841796875,1,0.0078125,0.992816395,1.000030517
0,7,2,3,10,17,1,0.9814918,-2.00E-15,-1,1,-0.01171875,0.553710938,-0.849609375,1.000068662,1.014116311
0,7,2,3,11,17,1,0.991997291,2.00E-15,-1,1,0.004882813,0.552734375,-0.836914063,1.000011921,1.002965821
0,7,2,3,12,17,1,1.021026884,1,2.00E-15,0.546875,0.841796875,1,-0.026367188,1.00383975,1.000347554
0,7,2,3,13,17,1,0.956122682,1,-2.00E-15,0.564453125,0.864257813,1,0.036132813,1.032254279,1.000652577
0,7,2,3,14,17,1,0.997310057,-2.22E-15,-1,1,0.002929688,0.547851563,-0.842773438,1.000004292,1.005190729
0,7,2,3,15,17,1,0.942501688,2.00E-15,-1,1,-0.040039063,0.547851563,-0.821289063,1.000801242,0.987247213
0,7,2,3,16,17,1,0.992299982,1,2.00E-15,0.559570313,0.838867188,0.999023438,-0.009765625,1.008373489,0.999071167
0,7,2,3,17,17,1,0.960118863,1,-2.00E-15,0.533203125,0.850585938,1,0.05078125,1.003893425,1.001288538
0,7,2,3,18,17,1,1.063417339,-2.00E-15,-1,1,0.059570313,0.537109375,-0.84375,1.00177274,1.000200252
0,7,2,3,19,17,1,0.966644893,2.00E-15,-1,1,-0.040039063,0.540039063,-0.853515625,1.000801242,1.010015401
0,7,2,3,20,17,1,1.001803359,1,2.00E-15,0.524414063,0.837890625,1,0.009765625,0.988468921,1.000047683
0,7,2,3,21,17,1,1.004902221,1,-2.00E-15,0.545898438,0.844726563,0.997070313,-0.0078125,1.005767403,0.997100919
0,7,2,3,22,17,1,1.023952582,-2.00E-15,-1,1,-0.000976563,0.510742188,-0.840820313,1.000000477,0.983786755
0,7,2,3,23,17,1,1.003701265,2.00E-15,-1,0.999023438,0.001953125,0.5390625,-0.842773438,0.999025347,1.000427631
0,7,2,3,24,17,1,1.026808179,1,2.00E-15,0.524414063,0.840820313,1,-0.013671875,0.990953534,1.000093456
0,7,2,3,25,17,1,1.009840942,1,-2.00E-15,0.541015625,0.814453125,1,-0.025390625,0.977768786,1.00032229
0,7,2,3,26,17,1,0.980971762,-2.00E-15,-1,1,0.006835938,0.5625,-0.828125,1.000023365,1.00109803
0,7,2,3,27,17,1,0.971956764,2.00E-15,-1,1,-0.026367188,0.529296875,-0.821289063,1.000347554,0.977072621
0,7,2,3,28,17,1,0.994156674,1,2.00E-15,0.56640625,0.833007813,1,-0.020507813,1.007332148,1.000210263
0,7,2,3,29,17,1,1.020142839,1,-2.00E-15,0.551757813,0.836914063,1,-0.032226563,1.002427968,1.000519141
0,7,2,3,30,17,1,0.991935816,-2.00E-15,-1,0.998046875,-0.0390625,0.5078125,-0.84765625,0.998811015,0.988126841
0,7,2,3,31,17,1,0.945373364,2.22E-15,-1,0.999023438,-0.034179688,0.5625,-0.837890625,0.999607963,1.009191235
0,7,0,1,0,18,1,0.959588363,1.5,0.5,0.096679688,1,0.854492188,0.483398438,1.004662611,0.981748923
0,7,0,1,1,18,1,1.017148685,1.5,0.5,0.022460938,0.997070313,0.854492188,0.501953125,0.997323268,0.991016568
0,7,0,1,2,18,1,1.03209553,0.5,-0.5,0.877929688,0.486328125,0.887695313,-0.515625,1.003631198,1.026582733
0,7,0,1,3,18,1,0.963155878,0.5,-0.5,0.8828125,0.470703125,0.884765625,-0.453125,1.000459565,0.994048528
0,7,0,1,4,18,1,0.995037473,1.5,0.5,0.052734375,0.997070313,0.862304688,0.497070313,0.998463881,0.995313152
0,7,0,1,5,18,1,1.028690795,1.5,0.5,0.052734375,0.998046875,0.87109375,0.463867188,0.999439082,0.986902776
0,7,0,1,6,18,1,0.964561216,0.5,-0.5,0.89453125,0.4609375,0.890625,-0.473632813,1.006304892,1.008732339
0,7,0,1,7,18,1,0.997218787,0.5,-0.5,0.884765625,0.482421875,0.881835938,-0.479492188,1.00774058,1.003766596
0,7,0,1,8,18,1,0.969150002,1.5,0.5,0.106445313,0.997070313,0.862304688,0.465820313,1.002736163,0.980080577
0,7,0,1,9,18,1,1.000412246,1.5,0.5,0.04296875,0.999023438,0.900390625,0.524414063,0.99994707,1.041975713
0,7,0,1,10,18,1,1.021845513,0.5,-0.5,0.881835938,0.501953125,0.8828125,-0.487304688,1.014687913,1.008376799
0,7,0,1,11,18,1,0.987478574,0.5,-0.5,0.897460938,0.499023438,0.875976563,-0.456054688,1.026869284,0.987583321
0,7,0,1,12,18,1,1.016387804,1.5,0.5,0.049804688,0.998046875,0.87890625,0.485351563,0.999288783,1.004013115
0,7,0,1,13,18,1,1.007810799,1.5,0.5,0.09375,0.998046875,0.891601563,0.452148438,1.002440336,0.999695732
0,7,0,1,14,18,1,1.004677898,0.5,-0.5,0.87890625,0.4609375,0.875,-0.502929688,0.99244122,1.009238956
0,7,0,1,15,18,1,0.986177943,0.5,-0.5,0.875976563,0.4765625,0.874023438,-0.463867188,0.997219512,0.989489635
0,7,0,1,16,18,1,0.996731604,0.5,-0.5,0.861328125,0.475585938,0.888671875,-0.4765625,0.983904529,1.008389566
0,7,0,1,17,18,1,1.002772023,0.5,-0.5,0.887695313,0.487304688,0.888671875,-0.486328125,1.012654347,1.013041335
0,7,0,1,18,18,1,1.018436483,-0.5,-1.5,0.8984375,-0.466796875,0.073242188,-0.999023438,1.01246692,1.00170467
0,7,0,1,19,18,1,1.031391274,-0.5,-1.5,0.893554688,-0.471679688,0.053710938,-0.999023438,1.010406704,1.000466238
0,7,0,1,20,18,1,0.987230086,0.5,-0.5,0.868164063,0.461914063,0.88671875,-0.482421875,0.983398922,1.009455797
0,7,0,1,21,18,1,0.959882657,0.5,-0.5,0.86328125,0.453125,0.874023438,-0.451171875,0.974975273,0.983602069
0,7,0,1,22,18,1,0.997729828,-0.5,-1.5,0.875976563,-0.487304688,0.065429688,-0.999023438,1.002397524,1.001163759
0,7,0,1,23,18,1,0.99508738,-0.5,-1.5,0.868164063,-0.497070313,0.055664063,-0.998046875,1.00039379,0.999597945
0,7,0,1,24,18,1,0.940035544,0.5,-0.5,0.885742188,0.44921875,0.88671875,-0.451171875,0.993144858,0.994900097
0,7,0,1,25,18,1,0.995104698,0.5,-0.5,0.891601563,0.463867188,0.8671875,-0.491210938,1.005050304,0.996645546
0,7,0,1,26,18,1,1.031475427,-0.5,-1.5,0.880859375,-0.45703125,0.060546875,-0.99609375,0.992366264,0.997932204
0,7,0,1,27,18,1,0.974091411,-0.5,-1.5,0.853515625,-0.49609375,0.0703125,-1,0.987217266,1.002468876
0,7,0,1,28,18,1,1.032003246,0.5,-0.5,0.862304688,0.491210938,0.895507813,-0.505859375,0.992399899,1.028507632
0,7,0,1,29,18,1,0.973028283,0.5,-0.5,0.8828125,0.48046875,0.885742188,-0.455078125,1.005091105,0.995808879
0,7,0,1,30,18,1,1.059459402,-0.5,-1.5,0.870117188,-0.431640625,0.05078125,-0.998046875,0.971296839,0.999337931
0,7,0,1,31,18,1,0.946551006,-0.5,-1.5,0.866210938,-0.473632813,0.124023438,-0.99609375,0.987243349,1.003785122
0,7,2,3,0,18,1,1.040423883,1,2.00E-15,0.48828125,0.85546875,1,0.01171875,0.985010336,1.000068662
0,7,2,3,1,18,1,0.983556835,1,-2.00E-15,0.5390625,0.8203125,1,0.005859375,0.981580856,1.000017166
0,7,2,3,2,18,1,1.018068888,-2.00E-15,-1,1,0.021484375,0.543945313,-0.840820313,1.000230763,1.001426633
0,7,2,3,3,18,1,1.044122921,2.00E-15,-1,1,0.033203125,0.521484375,-0.83203125,1.000551072,0.981948041
0,7,2,3,4,18,1,0.970780728,1,2.00E-15,0.541992188,0.838867188,0.999023438,0.026367188,0.998726033,0.999371331
0,7,2,3,5,18,1,0.960690823,1,-2.00E-15,0.568359375,0.81640625,1,0.001953125,0.994762054,1.000001907
0,7,2,3,6,18,1,1.013958148,-2.00E-15,-1,1,0.022460938,0.544921875,-0.833007813,1.000252215,0.995410401
0,7,2,3,7,18,1,1.055388478,2.00E-15,-1,1,0.032226563,0.520507813,-0.853515625,1.000519141,0.99970861
0,7,2,3,8,18,1,0.996708711,1,2.00E-15,0.552734375,0.84375,1,-0.005859375,1.00867703,1.000017166
0,7,2,3,9,18,1,1.000164082,1,-2.00E-15,0.5078125,0.842773438,0.999023438,0.028320313,0.983941361,0.999424769
0,7,2,3,10,18,1,1.034383356,-2.00E-15,-1,1,0.029296875,0.546875,-0.861328125,1.000429061,1.020273691
0,7,2,3,11,18,1,0.988571307,2.00E-15,-1,1,-0.002929688,0.544921875,-0.833007813,1.000004292,0.995410401
0,7,2,3,12,18,1,0.978820599,1,2.00E-15,0.534179688,0.827148438,1,0.018554688,0.984643324,1.000172123
0,7,2,3,13,18,1,0.931735551,1,-2.00E-15,0.541015625,0.830078125,1,0.061523438,0.990821679,1.001890779
0,7,2,3,14,18,1,1.002460418,-2.22E-15,-1,0.998046875,-0.015625,0.5234375,-0.848632813,0.998169177,0.997077964
0,7,2,3,15,18,1,0.975818527,2.00E-15,-1,1,-0.026367188,0.534179688,-0.8359375,1.000347554,0.992038025
0,7,2,3,16,18,1,1.006732881,1,2.00E-15,0.547851563,0.834960938,0.999023438,-0.016601563,0.998649639,0.999161369
0,7,2,3,17,18,1,1.009703376,1,-2.00E-15,0.529296875,0.82421875,1,-0.009765625,0.979536487,1.000047683
0,7,2,3,18,18,1,1.041231985,-2.00E-15,-1,0.998046875,0.037109375,0.540039063,-0.848632813,0.998736537,1.005892559
0,7,2,3,19,18,1,1.007591473,2.00E-15,-1,1,-0.022460938,0.525390625,-0.875,1.000252215,1.020617611
0,7,2,3,20,18,1,0.993275572,1,2.00E-15,0.560546875,0.845703125,1,-0.0078125,1.014606611,1.000030517
0,7,2,3,21,18,1,1.021457106,1,-2.00E-15,0.508789063,0.849609375,1,0.009765625,0.990304196,1.000047683
0,7,2,3,22,18,1,1.009305132,-2.00E-15,-1,1,0.013671875,0.55078125,-0.849609375,1.000093456,1.012519667
0,7,2,3,23,18,1,0.936062755,2.00E-15,-1,1,-0.056640625,0.541015625,-0.829101563,1.001602796,0.990003691
0,7,2,3,24,18,1,0.97099934,1,2.00E-15,0.53515625,0.833984375,1,0.029296875,0.99091985,1.000429061
0,7,2,3,25,18,1,1.051064045,1,-2.00E-15,0.517578125,0.853515625,1,-0.025390625,0.998186374,1.00032229
0,7,2,3,26,18,1,0.956474267,-2.00E-15,-1,1,-0.045898438,0.537109375,-0.840820313,1.001052779,0.997730063
0,7,2,3,27,18,1,0.983106833,2.00E-15,-1,1,-0.021484375,0.540039063,-0.849609375,1.000230763,1.006716583
0,7,2,3,28,18,1,1.019235987,1,2.00E-15,0.546875,0.845703125,1,-0.022460938,1.00711769,1.000252215
0,7,2,3,29,18,1,1.016176159,1,-2.00E-15,0.541015625,0.841796875,1,-0.016601563,1.000659725,1.000137796
0,7,2,3,30,18,1,1.003050845,-2.00E-15,-1,1,0.026367188,0.571289063,-0.845703125,1.000347554,1.020580702
0,7,2,3,31,18,1,1.02814365,2.22E-15,-1,1,0.021484375,0.540039063,-0.853515625,1.000230763,1.010015401
0,7,0,1,0,19,1,0.978844181,1.5,0.5,0.094726563,0.999023438,0.88671875,0.481445313,1.003504335,1.00898946
0,7,0,1,1,19,1,1.011481413,1.5,0.5,0.077148438,0.99609375,0.884765625,0.462890625,0.999076894,0.998537902
0,7,0,1,2,19,1,1.011140847,0.5,-0.5,0.870117188,0.502929688,0.874023438,-0.462890625,1.005008552,0.989032204
0,7,0,1,3,19,1,1.004229856,0.5,-0.5,0.88671875,0.463867188,0.87890625,-0.505859375,1.000721195,1.014085748
0,7,0,1,4,19,1,0.981420565,1.5,0.5,0.077148438,0.99609375,0.896484375,0.50390625,0.999076894,1.028399603
0,7,0,1,5,19,1,1.024288238,1.5,0.5,0.045898438,0.997070313,0.883789063,0.483398438,0.998126182,1.007351556
0,7,0,1,6,19,1,1.024027899,0.5,-0.5,0.860351563,0.483398438,0.872070313,-0.490234375,0.986853009,1.000418099
0,7,0,1,7,19,1,0.996877881,0.5,-0.5,0.876953125,0.459960938,0.872070313,-0.4921875,0.99025797,1.001376635
0,7,0,1,8,19,1,1.031043616,1.5,0.5,0.061523438,0.997070313,0.883789063,0.458007813,0.998966637,0.995416628
0,7,0,1,9,19,1,1.033872552,1.5,0.5,0.064453125,0.999023438,0.87890625,0.44921875,1.001100412,0.987053029
0,7,0,1,10,19,1,0.963531753,0.5,-0.5,0.877929688,0.456054688,0.892578125,-0.469726563,0.989316135,1.00863212
0,7,0,1,11,19,1,0.989688899,0.5,-0.5,0.864257813,0.458007813,0.879882813,-0.483398438,0.978116927,1.003926199
0,7,0,1,12,19,1,0.982580566,1.5,0.5,0.069335938,0.997070313,0.880859375,0.502929688,0.999478204,1.014323178
0,7,0,1,13,19,1,1.001734726,1.5,0.5,0.05859375,0.995117188,0.8671875,0.485351563,0.996840732,0.993770748
0,7,0,1,14,19,1,1.016517545,0.5,-0.5,0.875976563,0.474609375,0.875,-0.500976563,0.996287608,1.008267086
0,7,0,1,15,19,1,1.011453914,0.5,-0.5,0.858398438,0.489257813,0.87890625,-0.47265625,0.98803901,0.997937937
0,7,0,1,16,19,1,0.973531958,0.5,-0.5,0.8828125,0.470703125,0.868164063,-0.456054688,1.000459565,0.980660348
0,7,0,1,17,19,1,1.019945266,0.5,-0.5,0.872070313,0.497070313,0.861328125,-0.47265625,1.003785597,0.982491766
0,7,0,1,18,19,1,0.998578191,-0.5,-1.5,0.883789063,-0.47265625,0.081054688,-0.997070313,1.002241008,1.000359471
0,7,0,1,19,19,1,0.974518111,-0.5,-1.5,0.866210938,-0.48828125,0.083007813,-0.998046875,0.994354045,1.001492817
0,7,0,1,20,19,1,1.039736868,0.5,-0.5,0.853515625,0.46875,0.889648438,-0.530273438,0.973763567,1.035695062
0,7,0,1,21,19,1,0.985866624,0.5,-0.5,0.856445313,0.46484375,0.896484375,-0.4765625,0.974463075,1.015281267
0,7,0,1,22,19,1,0.970951238,-0.5,-1.5,0.879882813,-0.475585938,0.104492188,-0.998046875,1.000187856,1.003501959
0,7,0,1,23,19,1,0.999447961,-0.5,-1.5,0.892578125,-0.491210938,0.068359375,-1,1.018814946,1.002333779
0,7,0,1,24,19,1,0.999497822,0.5,-0.5,0.881835938,0.487304688,0.892578125,-0.481445313,1.00752195,1.014142642
0,7,0,1,25,19,1,0.991748929,0.5,-0.5,0.880859375,0.487304688,0.880859375,-0.465820313,1.006667322,0.996444581
0,7,0,1,26,19,1,0.951806985,-0.5,-1.5,0.877929688,-0.516601563,0.086914063,-0.995117188,1.018645037,0.998905537
0,7,0,1,27,19,1,0.997482486,-0.5,-1.5,0.874023438,-0.4609375,0.087890625,-0.99609375,0.988119602,0.99996376
0,7,0,1,28,19,1,0.994266729,0.5,-0.5,0.873046875,0.466796875,0.888671875,-0.489257813,0.990005136,1.014451038
0,7,0,1,29,19,1,0.996131271,0.5,-0.5,0.860351563,0.469726563,0.879882813,-0.4765625,0.980228471,1.000652577
0,7,0,1,30,19,1,0.996239992,-0.5,-1.5,0.87890625,-0.471679688,0.08203125,-0.998046875,0.997475776,1.001412348
0,7,0,1,31,19,1,1.0100424,-0.5,-1.5,0.874023438,-0.459960938,0.076171875,-0.99609375,0.987664434,0.999001959
0,7,2,3,0,19,1,1.014105549,1,2.00E-15,0.552734375,0.83984375,1,-0.025390625,1.005411763,1.00032229
0,7,2,3,1,19,1,0.97487291,1,-2.00E-15,0.543945313,0.826171875,1,0.013671875,0.989159477,1.000093456
0,7,2,3,2,19,1,0.953620325,-2.00E-15,-1,1,-0.049804688,0.530273438,-0.83203125,1.001239485,0.986643765
0,7,2,3,3,19,1,0.996639024,2.00E-15,-1,1,-0.000976563,0.53515625,-0.829101563,1.000000477,0.986813869
0,7,2,3,4,19,1,0.989068905,1,2.00E-15,0.524414063,0.852539063,1,0.030273438,1.000916061,1.000458136
0,7,2,3,5,19,1,0.973524149,1,-2.00E-15,0.557617188,0.83203125,1,0.006835938,1.001605176,1.000023365
0,7,2,3,6,19,1,0.971019309,-2.00E-15,-1,0.999023438,-0.008789063,0.557617188,-0.831054688,0.999062098,1.000794095
0,7,2,3,7,19,1,1.034068627,2.00E-15,-1,0.999023438,0.041015625,0.548828125,-0.841796875,0.999865046,1.004905115
0,7,2,3,8,19,1,0.981230957,1,2.00E-15,0.548828125,0.83984375,1,0.010742188,1.003269573,1.000057696
0,7,2,3,9,19,1,0.987878157,1,-2.00E-15,0.557617188,0.8125,1,-0.018554688,0.985440601,1.000172123
0,7,2,3,10,19,1,1.015268148,-2.00E-15,-1,1,-0.000976563,0.51171875,-0.826171875,1.000000477,0.971810705
0,7,2,3,11,19,1,1.014092567,2.00E-15,-1,1,0.004882813,0.53515625,-0.850585938,1.000011921,1.004932161
0,7,2,3,12,19,1,1.041486817,1,2.00E-15,0.506835938,0.83984375,1,-0.013671875,0.98092823,1.000093456
0,7,2,3,13,19,1,1.009414791,1,-2.00E-15,0.524414063,0.846679688,1,0.006835938,0.995930019,1.000023365
0,7,2,3,14,19,1,1.054020859,-2.22E-15,-1,1,0.034179688,0.516601563,-0.840820313,1.000583955,0.986841412
0,7,2,3,15,19,1,0.981613768,2.00E-15,-1,1,-0.00390625,0.548828125,-0.828125,1.000007629,0.993480411
0,7,2,3,16,19,1,1.015107449,1,2.00E-15,0.525390625,0.853515625,1,0.00390625,1.002259563,1.000007629
0,7,2,3,17,19,1,0.977808731,1,-2.00E-15,0.53515625,0.833984375,0.999023438,0.022460938,0.99091985,0.999275899
0,7,2,3,18,19,1,0.991006883,-2.00E-15,-1,0.999023438,-0.008789063,0.55078125,-0.857421875,0.999062098,1.019084028
0,7,2,3,19,19,1,1.028421201,2.00E-15,-1,1,0.025390625,0.546875,-0.857421875,1.00032229,1.01697814
0,7,2,3,20,19,1,0.985972163,1,2.00E-15,0.5625,0.830078125,1,-0.010742188,1.002714288,1.000057696
0,7,2,3,21,19,1,0.98954108,1,-2.00E-15,0.577148438,0.845703125,0.999023438,-0.017578125,1.023872108,0.999178072
0,7,2,3,22,19,1,1.004024623,-2.00E-15,-1,1,0.010742188,0.549804688,-0.84375,1.000057696,1.007074603
0,7,2,3,23,19,1,0.963377011,2.00E-15,-1,1,-0.025390625,0.548828125,-0.833984375,1.00032229,0.998369795
0,7,2,3,24,19,1,1.018577033,1,2.00E-15,0.532226563,0.852539063,0.999023438,-0.005859375,1.005031326,0.99904062
0,7,2,3,25,19,1,1.013943655,1,-2.00E-15,0.537109375,0.8515625,1,-0.005859375,1.00679947,1.000017166
0,7,2,3,26,19,1,1.003510099,-2.00E-15,-1,1,-0.010742188,0.532226563,-0.85546875,1.000057696,1.00751769
0,7,2,3,27,19,1,1.039741143,2.00E-15,-1,1,0.036132813,0.544921875,-0.85546875,1.000652577,1.014281338
0,7,2,3,28,19,1,1.063165285,1,2.00E-15,0.53125,0.825195313,1,-0.064453125,0.981414217,1.00207495
0,7,2,3,29,19,1,1.014326029,1,-2.00E-15,0.52734375,0.849609375,1,0.000976563,0.99996376,1.000000477
0,7,2,3,30,19,1,1.013449663,-2.00E-15,-1,1,0.022460938,0.54296875,-0.829101563,1.000252215,0.991072381
0,7,2,3,31,19,1,1.00275582,2.22E-15,-1,1,-0.017578125,0.505859375,-0.82421875,1.000154483,0.967073035
